No.,Chinese,Pinyin,English,Japanese,Example,Example_Japanese,Example_English,Long_Example,Long_Example_Japanese
1,哎,āi,hey!; (interjection used to attract attention or to express surprise or disapprobation);,ああ（感嘆）,哎，这真是意外。,ああ、これは本当に予想外だ。,"Ah, this is really unexpected.",哎，你怎么又忘了今天的会议时间？,ああ、また今日の会議の時間を忘れたの？
2,唉,āi,(interjection to express agreement or recognition); to sigh,ああ（嘆き）,唉，考试又没及格。,ああ、また試験に合格できなかった。,"Sigh, I failed the exam again.",唉，天气这么差，真不想出门。,ああ、こんなに天気が悪いと、本当に外に出たくない。
3,爱护,ài hù,to take care of; to treasure; to cherish; to love and protect,大切にする,我们应该爱护环境。,私たちは環境を大切にすべきだ。,We should protect the environment.,我们应该爱护环境，保护我们的地球。,私たちは環境を大切にし、地球を守るべきだ。
4,爱惜,ài xī,to cherish; to treasure; to use sparingly,惜しむ,他很爱惜自己的时间。,彼は自分の時間をとても大切にしている。,He values his time very much.,请爱惜粮食，避免浪费每一粒米。,どうか食べ物を大切にし、一粒の米も無駄にしないでください。
5,爱心,ài xīn,compassion; CL:片[pian4],思いやり,她充满了爱心帮助别人。,彼女は愛情にあふれて人を助けている。,She is full of love and helps others.,他的爱心让许多贫困儿童得到了帮助。,彼の思いやりの心が、多くの貧しい子どもたちを助けた。
6,安慰,ān wèi,to comfort; to console; CL:个,慰める,朋友安慰我不要担心。,友達が私を慰めて心配しないように言ってくれた。,My friend comforted me and told me not to worry.,遇到困难时，朋友的安慰非常重要。,困難に直面したとき、友達の慰めは非常に重要だ。
7,安装,ān zhuāng,to install; to erect; to fix; to mount; installation,設置する,师傅正在安装新设备。,職人が新しい設備を取り付けている。,The technician is installing new equipment.,技术人员正在安装新的网络设备，以提高速度。,技術者が新しいネットワーク機器を設置して、速度を向上させている。
8,岸,àn,shore; bank; beach; coast; CL:個|个[ge4],岸,船靠岸后开始卸货。,船が岸に着くと荷物の積み下ろしを始めた。,The ship started unloading cargo after docking.,我们在河的岸边搭了帐篷准备露营。,私たちは川の岸辺にテントを張ってキャンプの準備をした。
9,暗,àn,dark; gloomy; hidden; secret; muddled; obscure; in the dark,暗い,房间里很暗，需要开灯。,部屋はとても暗いので、電気をつける必要がある。,The room is very dark and needs the light turned on.,天已经暗了，我们该回家了。,もう暗くなったので、私たちは帰るべきだ。
10,熬夜,áo yè,to stay up late or all night;,夜更かしする,学生常常熬夜复习功课。,学生はよく夜更かしして勉強する。,Students often stay up late reviewing their lessons.,为了赶项目，他连续几天熬夜工作。,プロジェクトを急ぐために、彼は何日も徹夜で働いた。
11,把握,bǎ wò,to grasp (also fig.); to seize; to hold; assurance; certainty; sure (of the outcome),把握する,机会来了要好好把握。,チャンスが来たらしっかりと掴むべきだ。,"When opportunity comes, you must seize it well.",只要把握好机会，成功就在眼前。,チャンスをしっかりつかめば、成功は目前にある。
12,摆,bǎi,to arrange; to exhibit; to move to and fro; a pendulum,並べる,他把书摆在桌子上。,彼は本を机の上に並べた。,He placed the books on the table.,请把桌上的书摆整齐，方便大家查找。,机の上の本をきちんと並べて、みんなが探しやすいようにしてください。
13,办理,bàn lǐ,to handle; to transact; to conduct,手続きする,请到前台办理入住手续。,フロントでチェックインの手続きをしてください。,Please go to the front desk to check in.,办理签证手续需要准备相关材料。,ビザの手続きには関連書類の準備が必要です。
14,傍晚,bàng wǎn,in the evening; when night falls; towards evening; at night fall; at dusk,夕暮れ,傍晚时分风景特别美。,夕暮れ時の風景は特に美しい。,The scenery at dusk is especially beautiful.,傍晚的时候，公园里散步的人特别多。,夕方になると、公園を散歩する人が特に多い。
15,包裹,bāo guǒ,wrap up; bind up; bundle; parcel; package; CL:个,小包,我收到一个包裹很开心。,私は小包を受け取ってとても嬉しい。,I am very happy to receive a package.,我收到了一个从国外寄来的包裹，非常惊喜。,私は海外から送られてきた荷物を受け取り、とても驚いた。
16,包含,bāo hán,to contain; to embody; to include,含む,这个方案包含许多细节。,このプランには多くの細かい点が含まれている。,This plan contains many details.,这本书包含了丰富的历史知识。,この本には豊富な歴史の知識が含まれている。
17,包括,bāo kuò,to comprise; to include; to involve; to incorporate; to consist of,含む,价格包括税费和运费。,価格には税金と送料が含まれている。,The price includes taxes and shipping fees.,会议包括了多个重要议题的讨论。,会議には複数の重要な議題の討議が含まれている。
18,薄,báo,thin; cold in manner; indifferent; weak; light; infertile,薄い,这张纸非常薄又轻。,この紙はとても薄くて軽い。,This paper is very thin and light.,这张纸很薄，容易撕破。,この紙はとても薄くて、破れやすい。
19,保持,bǎo chí,to keep; to maintain; to hold; to preserve,保つ,保持健康需要合理饮食。,健康を保つにはバランスの良い食事が必要だ。,Maintaining health requires a balanced diet.,我们必须保持良好的工作态度。,私たちは良い仕事の態度を維持しなければならない。
20,保存,bǎo cún,to conserve; to preserve; to keep; to save (a file etc) (computing),保存する,请保存好重要的文件。,重要な書類はしっかり保存してください。,Please keep important documents safe.,请将重要文件妥善保存，以免丢失。,重要な書類はきちんと保存し、紛失しないようにしてください。
21,保留,bǎo liú,to preserve; to maintain; to retain; to continue to have; to reserve; reservations; to hold back (approval or acceptance),残す,我们要保留这段历史记忆。,私たちはこの歴史的な記憶を残さなければならない。,We must preserve this historical memory.,这座古建筑已被保留作为文化遗产。,この古い建物は文化遺産として保存されている。
22,保险,bǎo xiǎn,insurance; to insure; safe; secure; be sure; be bound to; CL:份[fen4],保険,买保险可以降低风险。,保険に入ることでリスクを減らせる。,Buying insurance can reduce risks.,买保险可以帮助我们降低生活风险。,保険に入ることで、生活のリスクを減らすことができる。
23,宝贝,bǎo bèi,treasured object; treasure; darling; baby; cowry; good-for-nothing or queer character,宝物,孩子是父母的宝贝。,子供は親にとっての宝物だ。,Children are treasures to their parents.,这个孩子是家里的宝贝，大家都很宠爱他。,この子は家族の宝物で、みんながとてもかわいがっている。
24,宝贵,bǎo guì,valuable; precious; value; treasure; set store by,貴重な,时间是最宝贵的财富。,時間は最も貴重な財産だ。,Time is the most precious asset.,时间是最宝贵的资源，我们应该珍惜。,時間は最も貴重な資源であり、私たちはそれを大切にすべきだ。
25,报到,bào dào,to check in; to report for duty; to register,出席登録,新生请按时报到入学。,新入生は時間通りに報告して入学してください。,New students should report on time for enrollment.,新员工今天上午九点准时报到。,新入社員は今日の午前9時に定刻通りに出勤した。
26,报道,bào dào,"report; to report (new); CL:篇[pian1] ,份[fen4]",報道,电视台报道了最新新闻。,テレビ局が最新のニュースを報道した。,The TV station reported the latest news.,新闻报道了最新的经济发展情况。,ニュースは最新の経済発展の状況を報道した。
27,报告,bào gào,"to inform; report; make known; speech; talk; lecture; CL:篇[pian1] ,份[fen4] ,个,通[tong4]",報告,他准备了详细的工作报告。,彼は詳細な仕事の報告書を準備した。,He prepared a detailed work report.,经理向全体员工报告了公司的经营状况。,マネージャーは全社員に会社の経営状況を報告した。
28,报社,bào shè,general office of a newspaper; newspaper office; CL:家[jia1],新聞社,报社每天出版多份报纸。,新聞社は毎日多くの新聞を発行している。,The newspaper office publishes many newspapers daily.,这家报社每天出版多份报纸，信息丰富。,この新聞社は毎日複数の新聞を発行し、情報が豊富だ。
29,抱怨,bào yuàn,to complain; to grumble,不平を言う,员工不要随便抱怨工作。,従業員は仕事について軽々しく不満を言わないでください。,Employees should not complain about work casually.,他总是抱怨工作压力大，缺乏动力。,彼はいつも仕事のプレッシャーが大きいと不平を言い、やる気がない。
30,悲观,bēi guān,pessimistic,悲観的,他对未来有些悲观情绪。,彼は未来について少し悲観的な気持ちを持っている。,He has some pessimistic feelings about the future.,面对困难，我们不能悲观，而要积极应对。,困難に直面しても悲観せず、積極的に対処しなければならない。
31,背,bèi,the back of a body or object; to turn one's back; to hide something from; to learn by heart; to recite from memory,背中,请帮我背一下这个包。,この荷物を背負うのを手伝ってください。,Please help me carry this bag.,他背着沉重的书包，走在回家的路上。,彼は重いリュックを背負って、家に帰る道を歩いている。
32,背景,bèi jǐng,background; backdrop; context; CL:种[zhong3],背景,照片背景很有艺术感。,写真の背景はとても芸術的だ。,The background of the photo has a strong artistic sense.,这幅画的背景十分复杂，表达了作者的情感。,この絵の背景は非常に複雑で、作者の感情を表現している。
33,被子,bèi zi,quilt; CL:床[chuang2],掛け布団,冬天要盖厚被子保暖。,冬は厚い布団をかけて暖かくする必要がある。,"In winter, you need to cover yourself with a thick quilt to keep warm.",冬天晚上盖着暖和的被子，感觉很舒服。,冬の夜は暖かい布団をかけて、とても快適に感じる。
34,本科,běn kē,undergraduate course; undergraduate (adjective),学士,她毕业于著名本科院校。,彼女は有名な大学の学部を卒業した。,She graduated from a famous undergraduate institution.,他毕业于一所著名大学的本科专业。,彼は有名大学の学部課程を卒業した。
35,本领,běn lǐng,"skill; ability; capability; CL:项[xiang4] ,个",能力,他的本领很强，值得信赖。,彼の能力は非常に高く、信頼に値する。,His skills are very strong and trustworthy.,通过不断学习，他掌握了更多的本领。,絶えず学習することで、彼はより多くの技術を身につけた。
36,本质,běn zhì,essence; nature; innate character; intrinsic quality,本質,问题的本质需要深入分析。,問題の本質は深く分析する必要がある。,The essence of the problem needs to be analyzed deeply.,人的本质是复杂且多面的，难以简单定义。,人間の本質は複雑かつ多面的で、簡単に定義するのは難しい。
37,彼此,bǐ cǐ,each other; one another,お互い,彼此尊重是合作基础。,お互いに尊重することが協力の基礎だ。,Mutual respect is the foundation of cooperation.,我们应该彼此尊重，建立良好的关系。,私たちはお互いを尊重し、良好な関係を築くべきだ。
38,比例,bǐ lì,proportion; scale,割合,男女比例在这班很均衡。,このクラスの男女比はとても均衡している。,The gender ratio in this class is very balanced.,男女比例在这所学校大致相等。,この学校の男女比率はほぼ同じくらいだ。
39,必然,bì rán,inevitable; certain; necessity,必然,努力成功是必然结果。,努力すれば成功は必然の結果だ。,Success is the inevitable result of hard work.,努力学习是取得成功的必然途径。,努力して勉強することは成功を収める必然の道である。
40,必要,bì yào,necessary; essential; indispensable; required,必要,学习英语是必要技能。,英語を学ぶことは必要なスキルだ。,Learning English is a necessary skill.,在紧急情况下，必要的措施必须立即采取。,緊急の場合には、必要な措置を直ちに講じなければならない。
41,毕竟,bì jìng,after all; all in all; when all is said and done; in the final analysis,結局,毕竟经验更重要一些。,結局のところ、経験の方がより重要だ。,"After all, experience is somewhat more important.",毕竟，他有丰富的经验，值得我们学习。,結局のところ、彼は豊富な経験があり、私たちが学ぶ価値がある。
42,避免,bì miǎn,to avert; to prevent; to avoid; to refrain from,避ける,为了健康要避免熬夜。,健康のために夜更かしを避けるべきだ。,"To stay healthy, you should avoid staying up late.",为了避免误会，我们应该提前沟通清楚。,誤解を避けるために、私たちは事前にきちんとコミュニケーションを取るべきだ。
43,编辑,biān jí,to edit; to compile; editor; compiler,編集する,他负责杂志的内容编辑。,彼は雑誌の内容編集を担当している。,He is responsible for editing the magazine's content.,他负责编辑这本杂志的内容和排版。,彼はこの雑誌の内容とレイアウトの編集を担当している。
44,鞭炮,biān pào,firecrackers; a string of small firecrackers; CL:枚[mei2],爆竹,春节放鞭炮庆祝新年。,春節には爆竹を鳴らして新年を祝う。,"During the Spring Festival, firecrackers are set off to celebrate the New Year.",春节期间，人们喜欢燃放鞭炮庆祝节日。,春節の期間、人々は爆竹を鳴らしてお祝いするのが好きだ。
45,便,biàn,convenient; as convenient; ordinary; plain; when the chance arises; handy; easy; informal; simple; so; thus; to relieve oneself; to urinate; to defecate; equivalent to 就: then; in that case; even if; soon afterwards,便利,手机让生活更便捷方便。,携帯電話は生活をより便利にしてくれる。,Mobile phones make life more convenient.,他便走进教室，开始了今天的讲课。,彼はすぐに教室に入り、今日の授業を始めた。
46,辩论,biàn lùn,"debate; argument; to argue over; CL:场[chang3] ,次[ci4]",討論する,学生们积极辩论社会问题。,学生たちは積極的に社会問題について討論している。,Students actively debate social issues.,学生们在课堂上进行了激烈的辩论。,学生たちは授業中に激しい討論を行った。
47,标点,biāo diǎn,punctuation; a punctuation mark; to punctuate; CL:个,句読点,标点符号使用很重要。,句読点の使い方はとても重要だ。,The use of punctuation marks is very important.,写作时要注意标点符号的正确使用。,作文の際には、句読点の正しい使い方に注意しなければならない。
48,标志,biāo zhì,sign; mark; symbol; symbolize; to indicate; to mark,標識,道路标志指引正确方向。,道路標識は正しい方向を示している。,Road signs guide the correct direction.,这座城市的标志是一座高大的雕像。,この都市のシンボルは高い彫像である。
49,表达,biǎo dá,to voice (an opinion); to express; to convey,表現する,他用诗歌表达内心感受。,彼は詩で内心の感情を表現している。,He expresses his inner feelings through poetry.,他通过演讲表达了自己的观点和想法。,彼はスピーチを通じて自分の意見や考えを表現した。
50,表面,biǎo miàn,surface; face; outside; appearance,表面,表面看起来很简单复杂。,表面は一見簡単そうに見えるが複雑だ。,The surface looks simple but is actually complex.,表面看起来简单，实际上问题很复杂。,表面上は簡単に見えるが、実際には問題は非常に複雑だ。
51,表明,biǎo míng,to make clear; to make known; to state clearly; to indicate; known,表明,他表明了立场。,彼は立場を明らかにした。,He expressed his position.,他在演讲中表明了自己对环境保护的坚定立场和未来的计划。,彼は演説で環境保護に対する自分の確固たる立場と将来の計画を表明した。
52,表情,biǎo qíng,(facial) expression; to express one's feelings; expression,表情,她的表情很丰富。,彼女の表情はとても豊かだ。,Her expressions are very rich.,她的表情非常丰富，能够准确地传达内心的情感变化。,彼女の表情は非常に豊かで、心の感情の変化を正確に伝えることができる。
53,表现,biǎo xiàn,to show; to show off; to display; to manifest; expression; manifestation; show; display; performance (at work etc),表现,学生表现得很好。,学生はとてもよく振る舞った。,The students performed very well.,在这次比赛中，他的表现超出了所有人的预期，获得了第一名。,今回の試合で、彼のパフォーマンスは皆の予想を超え、一位を獲得した。
54,冰激凌,bīng jī líng,ice cream;,アイスクリーム,夏天喜欢吃冰激凌。,夏はアイスクリームを食べるのが好きだ。,I like to eat ice cream in summer.,夏天喝一杯冰激凌，不仅解渴还能带来快乐的心情。,夏にアイスクリームを一杯飲むと、喉の渇きを癒すだけでなく、楽しい気分にもなる。
55,病毒,bìng dú,virus,ウイルス,病毒传播很快。,ウイルスの伝播はとても速い。,The virus spreads very quickly.,科学家们正在努力研究新型病毒的传播途径和防控方法。,科学者たちは新型ウイルスの伝播経路と防止方法の研究に取り組んでいる。
56,播放,bō fàng,to broadcast; to transmit,再生する,请播放这段视频。,この動画を再生してください。,Please play this video.,电影将在晚上七点准时播放，请大家提前入场就座。,映画は夜の7時に定刻で上映されますので、皆さんは早めに入場して席に着いてください。
57,玻璃,bō li,"glass; nylon; plastic; CL:张[zhang1] ,块[kuai4]",ガラス,玻璃窗很干净。,ガラスの窓はとてもきれいだ。,The glass window is very clean.,这扇窗户是用高强度的玻璃制成，既美观又安全。,この窓は高強度のガラスで作られており、美しくて安全でもある。
58,博物馆,bó wù guǎn,museum,博物館,博物馆收藏丰富。,博物館の収蔵は豊富だ。,The museum has a rich collection.,博物馆收藏了大量珍贵的历史文物，吸引了众多游客参观。,博物館は大量の貴重な歴史的遺物を収蔵しており、多くの観光客を引きつけている。
59,脖子,bó zi,neck; CL:个,首,他的脖子受伤了。,彼は首をけがした。,He injured his neck.,他因为脖子受伤，暂时不能参加体育锻炼。,彼は首を怪我したため、しばらく体育の運動に参加できない。
60,不断,bú duàn,unceasing; uninterrupted; continuous; constant,絶えず,我们不断努力。,私たちは絶えず努力している。,We keep working hard.,为了提高工作效率，我们需要不断学习新的技术和方法。,仕事の効率を上げるために、私たちは新しい技術や方法を絶えず学ぶ必要がある。
61,不见得,bú jiàn de,not necessarily; not likely,必ずしも〜ない,他说的不见得对。,彼の言うことは必ずしも正しいとは限らない。,What he says is not necessarily correct.,他虽然很努力，但不见得能在短时间内完成这么复杂的任务。,彼は一生懸命だが、短期間でこんなに複雑な仕事を終えられるとは限らない。
62,不耐烦,bú nài fán,impatience; impatient,いらいらする,他有点不耐烦了。,彼は少しイライラしている。,He is a bit impatient.,老师不耐烦地提醒学生们注意课堂纪律，避免影响其他人学习。,先生はイライラしながら生徒たちに授業の規律を守るよう注意し、他の人の学習に影響を与えないようにした。
63,不要紧,bú yào jǐn,unimportant; not serious; it doesn't matter; never mind; it looks all right; but,問題ない,这事不要紧的。,このことは大丈夫だ。,This matter is not serious.,这点小问题不要紧，我们可以很快解决，不用担心。,この小さな問題は大したことではなく、すぐに解決できるので心配しないでください。
64,补充,bǔ chōng,to replenish; to supplement; to complement; additional; supplementary; CL:个,補充する,请补充说明内容。,内容を補足説明してください。,Please provide additional explanation of the content.,请你补充一下这份报告中遗漏的重要数据和信息。,この報告書に漏れている重要なデータや情報を補充してください。
65,不安,bù ān,unpeaceful; unstable; uneasy; disturbed; restless; worried,不安,我感到很不安。,私はとても不安を感じている。,I feel very uneasy.,考试前他感到非常不安，总是担心自己准备得不够充分。,試験の前に彼はとても不安を感じて、準備が十分でないことをいつも心配している。
66,不得了,bù dé liǎo,disastrous; desperately serious; extremely; exceedingly,非常に,情况不得了了。,状況はとても深刻だ。,The situation is terrible.,这次的比赛对他来说非常重要，失败的话后果将不得了。,今回の試合は彼にとって非常に重要で、失敗すれば結果が非常に重大になる。
67,不然,bù rán,not so; no; or else; otherwise; if not,そうでなければ,快点，不然迟到。,早くしないと遅刻するよ。,"Hurry up, or you'll be late.",你必须按时完成任务，不然整个项目都会受到影响。,あなたは期限内に仕事を終えなければならない。そうしないとプロジェクト全体に影響が出る。
68,不如,bù rú,not equal to; not as good as; inferior to; it would be better to,〜より劣る,他不如我努力。,彼は私ほど努力していない。,He is not as hardworking as I am.,和他的工作效率相比，我觉得自己的表现不如他出色。,彼の仕事の効率と比べると、自分のパフォーマンスは彼ほど優れていないと思う。
69,不足,bù zú,insufficient; lacking; deficiency; not enough; inadequate; not worth; cannot; should not,不足,经验还不足够。,経験はまだ十分ではない。,The experience is still insufficient.,这次调查显示，我们产品的市场占有率还有不足，需要改进策略。,今回の調査では、私たちの製品の市場占有率にはまだ不足があり、戦略を改善する必要があることが示された。
70,布,bù,cloth; to declare; to announce; to spread; to make known,布,这块布很柔软。,この布はとても柔らかい。,This cloth is very soft.,这家店出售各种颜色和材质的布料，满足不同顾客的需求。,この店は様々な色と素材の布を販売しており、さまざまな顧客のニーズに応えている。
71,步骤,bù zhòu,step; move; measure,手順,请按步骤操作。,手順に従って操作してください。,Please operate according to the steps.,完成这个项目需要遵循严格的步骤，确保每个环节都不出错。,このプロジェクトを完成させるには厳密な手順を守り、各段階でミスがないようにする必要がある。
72,部门,bù mén,department; branch; section; division; CL:个,部署,这个部门很重要。,この部署はとても重要だ。,This department is very important.,不同部门之间需要加强沟通与合作，才能提高整体效率。,異なる部署間はコミュニケーションと協力を強化しなければ、全体の効率を高めることはできない。
73,财产,cái chǎn,property; assets; estate; CL:笔[bi3],財産,他失去了全部财产。,彼は全財産を失った。,He lost all his property.,他为了保护家庭财产，专门咨询了法律专家的意见。,彼は家族の財産を守るために、法律の専門家に意見を求めた。
74,彩虹,cǎi hóng,rainbow,虹,雨后出现彩虹。,雨の後に虹が現れた。,A rainbow appeared after the rain.,雨后天空出现了一道美丽的彩虹，吸引了许多人驻足观赏。,雨のあと、空に美しい虹が現れ、多くの人が立ち止まって見入った。
75,踩,cǎi,to step on; to tread; to stamp; to press a pedal; to pedal (a bike),踏む,不要踩草地。,芝生を踏まないでください。,Please do not step on the grass.,小心脚下，不要踩到地上的水渍，以免滑倒受伤。,足元に気をつけて、床の水たまりを踏まないようにして、滑って怪我しないように。
76,采访,cǎi fǎng,to interview; to gather news; to hunt for and collect; to cover,取材する,记者正在采访他。,記者が彼にインタビューしている。,The reporter is interviewing him.,记者们纷纷前往现场进行采访，了解事件的最新进展。,記者たちは次々と現場に赴き、事件の最新の進展を取材した。
77,采取,cǎi qǔ,"to adopt or carry out (measures, policies, course of action); to take",取る,采取措施保护环境。,環境を守るために措置を取る。,Take measures to protect the environment.,公司决定采取更加积极的市场策略来应对激烈的竞争。,会社は激しい競争に対応するため、より積極的な市場戦略を採用することに決めた。
78,参考,cān kǎo,reference; to consult; to refer; consultation,参考にする,请参考这本书。,この本を参考にしてください。,Please refer to this book.,在写论文时，参考相关的文献资料是非常重要的环节。,論文を書くとき、関連する文献資料を参考にすることは非常に重要な段階である。
79,参与,cān yù,to participate (in sth),参加する,他积极参与活动。,彼は積極的に活動に参加している。,He actively participates in activities.,他积极参与了社区的志愿服务活动，赢得了大家的认可。,彼は積極的に地域のボランティア活動に参加し、皆からの評価を得た。
80,惭愧,cán kuì,ashamed; be ashamed,恥ずかしい,我感到很惭愧。,私はとても恥ずかしく感じている。,I feel very ashamed.,对于自己的错误，他感到非常惭愧，决心以后改正。,自分の間違いについて、彼は非常に恥ずかしく感じ、今後は改める決意をした。
81,操场,cāo chǎng,playground; sports field; drill ground; CL:个,運動場,学生在操场锻炼。,学生たちは運動場で運動している。,The students are exercising on the playground.,学生们在操场上进行体育锻炼，增强了身体素质。,生徒たちは運動場で体育の運動を行い、体力を強化した。
82,操心,cāo xīn,to worry about,心配する,妈妈总是操心孩子。,母はいつも子供のことを心配している。,Mom is always worried about the children.,父母总是为孩子的学习操心，希望他们能够取得好成绩。,両親はいつも子供の学習を心配し、良い成績を取れるよう願っている。
83,册,cè,booklet; book; classifier for books,冊,这本书有三册。,この本は三冊ある。,This book has three volumes.,这本书分为三册，每册内容都非常丰富且有深度。,この本は三冊に分かれており、それぞれの内容は非常に豊富で深みがある。
84,测验,cè yàn,"test; to test; CL:次[ci4] ,个",テスト,今天有测验考试。,今日は小テストがある。,There is a quiz today.,老师安排了一次测验，以检测学生们对知识的掌握情况。,先生は学生たちの知識の習得状況を確認するためにテストを行った。
85,曾经,céng jīng,once; already; former; previously; ever; (past tense marker used before verb or clause),かつて,我曾经去过北京。,私はかつて北京に行ったことがある。,I have been to Beijing before.,他曾经去过很多国家，积累了丰富的旅游经验。,彼は以前に多くの国を訪れており、豊富な旅行経験を積んだ。
86,叉子,chā zi,fork; CL:把[ba3],フォーク,请用叉子吃饭。,フォークを使って食べてください。,Please eat with a fork.,请把叉子和刀子放在桌子左边，方便大家用餐。,フォークとナイフをテーブルの左側に置いて、みんなが食事しやすいようにしてください。
87,差距,chā jù,disparity; gap,差,两者差距很大。,両者の差はとても大きい。,The gap between the two is very large.,两国之间的经济差距逐渐缩小，合作也更加密切。,両国間の経済格差は徐々に縮小し、協力もより密接になっている。
88,插,chā,to insert; stick in; pierce; to take part in; to interfere; to interpose,差し込む,把钥匙插进去。,鍵を差し込んでください。,Insert the key.,请不要随意插话，等别人说完再发表自己的意见。,勝手に話を遮らず、他の人が話し終わってから自分の意見を述べてください。
89,拆,chāi,to tear open; to tear down; to tear apart; to open,解体する,工人正在拆旧房。,作業員が古い家を解体している。,The workers are demolishing the old house.,工人们正在拆除旧建筑，为新项目的建设做准备。,作業員たちは古い建物を解体して、新しいプロジェクトの建設準備をしている。
90,产品,chǎn pǐn,goods; merchandise; product; CL:个,製品,这款产品很受欢迎。,この製品はとても人気がある。,This product is very popular.,这家工厂生产的产品质量稳定，深受消费者信赖。,この工場が生産する製品は品質が安定しており、消費者からの信頼が厚い。
91,产生,chǎn shēng,to arise; to come into being; to come about; to give rise to; to bring into being; to bring about; to produce; to engender; to generate; to appear; appearance; emergence; generation; production; yield,生じる,问题产生于误解。,問題は誤解から生じた。,The problem arose from a misunderstanding.,新政策的实施将产生积极的社会影响，促进经济发展。,新しい政策の実施は積極的な社会的影響を生み、経済発展を促進するだろう。
92,常识,cháng shí,common sense; general knowledge; CL:门[men2],常識,这是基本常识。,これは基本的な常識だ。,This is basic common knowledge.,掌握基本的常识对于解决日常生活中的问题非常有帮助。,基本的な常識を身につけることは、日常生活の問題を解決するのに非常に役立つ。
93,长途,cháng tú,long distance,長距離,他经常长途旅行。,彼はよく長距離旅行をする。,He often takes long-distance trips.,长途旅行虽然辛苦，但也能看到不同地方的风土人情。,長距離の旅行は大変だが、さまざまな場所の風土や人情を見ることができる。
94,抄,chāo,to copy; to plagiarize; to search and seize; to go; to transcribe; to take a shortcut; to search and confiscate,写す,请抄下重点内容。,重要な内容を書き写してください。,Please copy down the key points.,学生们认真地抄写了老师板书的重点内容，方便复习。,学生たちは先生の黒板に書いた重要な内容を真剣に写し、復習に役立てた。
95,超级,chāo jí,transcending; high grade; super-; ultra-,スーパー,他是超级明星。,彼はスーパースターだ。,He is a superstar.,这款手机拥有超级强大的性能，受到年轻人的喜爱。,このスマートフォンは超強力な性能を持ち、若者に人気がある。
96,朝,cháo,imperial or royal court; government; dynasty; reign of a sovereign or emperor; court or assembly held by a sovereign or emperor; to make a pilgrimage to; facing; towards,〜へ向かう,我们朝北走过去。,私たちは北に向かって歩いていった。,We walked northward.,古代建筑大多朝南建造，以便获得更多的阳光和温暖。,古代の建築物はほとんど南向きに建てられ、より多くの日光と暖かさを得られるようになっている。
97,潮湿,cháo shī,moist; damp,湿っている,天气很潮湿闷热。,天気はとても湿っぽく蒸し暑い。,The weather is very humid and sultry.,雨后的空气变得潮湿，感觉有些闷热不舒服。,雨の後、空気が湿っぽくなり、蒸し暑くて少し不快に感じる。
98,吵,chǎo,to make a noise; noisy; to disturb by making a noise,騒ぐ,孩子们吵得很凶。,子供たちはとても激しく騒いでいる。,The children are making a lot of noise.,邻居们因为一点小事吵了起来，气氛变得很紧张。,隣人たちはちょっとしたことで口論になり、雰囲気がとても緊張したものになった。
99,吵架,chǎo jià,to quarrel; to have a row; CL:顿[dun4],喧嘩する,他们经常吵架。,彼らはよく喧嘩をする。,They often quarrel.,他们因为意见不同而吵架，但最后还是和解了。,彼らは意見の違いで喧嘩したが、最後には和解した。
100,炒,chǎo,pan-fry; to fry; fried; sauté,炒める,妈妈在炒菜。,母は料理を炒めている。,Mom is stir-frying food.,妈妈在厨房里炒菜，香味飘满了整个房间。,お母さんは台所で炒め物をしていて、香りが部屋中に漂っている。
101,车库,chē kù,garage,車庫,车库里停着一辆车。,車庫に車が一台停まっている。,There is a car parked in the garage.,我的车库里停放着三辆不同品牌的汽车，空间非常宽敞方便。,私の車庫には異なるブランドの車が3台停めてあり、スペースがとても広くて便利です。
102,车厢,chē xiāng,carriage; CL:节[jie2],車両,车厢内坐满了乘客。,車両内は乗客でいっぱいだ。,The carriage is full of passengers.,火车车厢内的座位分布合理，乘坐起来非常舒适。,列車の車両内の座席配置は合理的で、とても快適に乗ることができます。
103,彻底,chè dǐ,thorough; thoroughly; complete,徹底,他彻底改变了态度。,彼は態度を完全に変えた。,He completely changed his attitude.,为了保护环境，我们必须彻底改变以往的生活方式。,環境を守るために、私たちは従来の生活様式を徹底的に変えなければなりません。
104,沉默,chén mò,taciturn; silent; uncommunicative,沈黙,会议室里一片沉默。,会議室は一面の沈黙だった。,The meeting room was filled with silence.,在会议上，他因为不同意大家的观点而保持沉默。,会議で彼は皆の意見に賛同できず、沈黙を守りました。
105,趁,chèn,to avail oneself of; to take advantage of,利用,他趁机逃走了。,彼はその機会を利用して逃げた。,He took the opportunity to escape.,趁天气还没变冷，我们去公园散步吧。,まだ寒くなる前に、公園へ散歩に行きましょう。
106,称,chēng,to weigh; to state; to name; name; appellation; to praise,称呼,大家怎么称呼他？,みんなは彼をどう呼んでいるの？,How does everyone address him?,他自称是这方面的专家，但其实经验并不丰富。,彼はこの分野の専門家だと称しているが、実は経験が豊富ではありません。
107,称呼,chēng hu,to call; to address as; appellation,呼称,老师是对他的称呼。,『先生』は彼に対する呼び方だ。,'Teacher' is the way to address him.,在正式场合，正确的称呼非常重要，体现礼貌和尊重。,正式な場では、正しい呼称が非常に重要で、礼儀と尊重を示します。
108,称赞,chēng zàn,to praise; to acclaim; to commend; to compliment,称賛,老师称赞了他的努力。,先生は彼の努力を称賛した。,The teacher praised his effort.,老师称赞了她的努力和进步，激励她继续学习。,先生は彼女の努力と進歩を称賛し、勉強を続けるよう励ましました。
109,成分,chéng fèn,composition; make-up; ingredient; element; component; one's social status; CL:个,成分,食品成分很重要。,食品の成分はとても重要だ。,Food ingredients are very important.,这款化妆品的成分天然，不含任何有害物质。,この化粧品の成分は天然で、有害物質を一切含んでいません。
110,成果,chéng guǒ,result; achievement; gain; profit; CL:个,成果,我们取得了好成果。,私たちは良い成果を得た。,We achieved good results.,经过多年的努力，他终于取得了令人瞩目的成果。,何年もの努力を経て、彼はついに注目に値する成果を収めました。
111,成就,chéng jiù,accomplishment; success; attain a result; achievement; CL:个,成就,他的成就令人敬佩。,彼の業績は敬服に値する。,His achievements are admirable.,她在科学研究方面的成就得到了国际社会的认可。,彼女は科学研究での業績が国際社会に認められました。
112,成立,chéng lì,to establish; to set up; to be tenable; to hold water,設立,公司成立了十年。,会社は設立から十年になる。,The company has been established for ten years.,公司成立十周年之际，举办了盛大的庆祝活动。,会社設立10周年に際して、盛大な祝賀イベントが開催されました。
113,成人,chéng rén,adult;,成人,他已经是成年人了。,彼はもう大人だ。,He is already an adult.,儿童在十八岁以后才被法律认定为成人。,子供は18歳を過ぎて初めて法律上成人と認められます。
114,成熟,chéng shú,mature; ripe,成熟,她的思想很成熟。,彼女の考え方はとても成熟している。,Her thinking is very mature.,经过多年的学习和实践，他的能力已经非常成熟。,長年の学習と実践を経て、彼の能力は非常に成熟しました。
115,成语,chéng yǔ,"Chinese set expression of 4 characters or two couplets of 4 characters each: expression often alluding to a story or historical quotation; idiom; proverb; saying; adage; set expression; CL:条[tiao2] ,本[ben3] ,句[ju4]",成語,这句话包含成语。,この文には成語が含まれている。,This sentence contains an idiom.,成语是汉语中富有文化内涵的固定表达方式。,成語は中国語における文化的な意味を豊かに含む固定表現です。
116,成长,chéng zhǎng,to mature; to grow; growth,成長,孩子们健康成长。,子供たちは健康に成長している。,The children are growing up healthily.,孩子的成长过程中，家庭教育起着至关重要的作用。,子供の成長過程において、家庭教育は非常に重要な役割を果たします。
117,承担,chéng dān,to undertake; to assume (responsibility etc),負担,他承担了所有责任。,彼はすべての責任を負った。,He took on all the responsibilities.,作为团队负责人，他必须承担起所有项目的责任。,チームリーダーとして、彼はすべてのプロジェクトの責任を負わなければなりません。
118,承认,chéng rèn,"to admit; to concede; to recognize; recognition (diplomatic, artistic etc); to acknowledge",認める,他承认了错误。,彼は間違いを認めた。,He admitted his mistake.,他不得不承认自己的错误并且积极改正。,彼は自分の間違いを認めて、積極的に直さなければなりません。
119,承受,chéng shòu,to bear; to support; to inherit,耐える,她承受了巨大压力。,彼女は大きなプレッシャーに耐えた。,She endured great pressure.,她承受着巨大的压力，但依然坚持不懈地努力。,彼女は大きなプレッシャーに耐えながらも、なお不断に努力を続けています。
120,程度,chéng dù,degree (level or extent); level; CL:个,程度,他的汉语程度很高。,彼の中国語のレベルはとても高い。,His Chinese proficiency is very high.,他的汉语水平达到了较高的程度，可以流利交流。,彼の中国語レベルはかなり高い程度に達し、流暢に会話ができます。
121,程序,chéng xù,procedures; sequence; order; computer program,手順,程序复杂但必要。,プログラムは複雑だが必要だ。,The program is complex but necessary.,程序设计需要严密的逻辑思维和细致的编码能力。,プログラム設計には緻密な論理思考と細かいコーディング能力が必要です。
122,诚恳,chéng kěn,sincere; honest; cordial,誠実,他态度诚恳真诚。,彼は態度が誠実で真心がある。,He is sincere and honest in attitude.,他态度诚恳，赢得了同事们的信任和尊重。,彼は誠実な態度で、同僚たちの信頼と尊敬を得ました。
123,吃亏,chī kuī,to suffer losses; to come to grief; to lose out; to get the worst of it; to be at a disadvantage; unfortunately,損する,不要怕吃亏。,損をするのを恐れないで。,Don't be afraid of suffering losses.,为了帮助朋友，他不怕吃亏，主动承担了责任。,友人を助けるために、彼は損を恐れずに進んで責任を負いました。
124,持续,chí xù,to continue; to persist; sustainable; preservation,継続,雨持续了一整天。,雨は一日中降り続いた。,The rain continued all day long.,公司持续不断地创新，保持了市场竞争力。,会社は継続的に革新を続け、市場での競争力を維持しています。
125,池塘,chí táng,pool; pond,池,池塘里有很多鱼。,池にはたくさんの魚がいる。,There are many fish in the pond.,村子旁边有一个美丽的池塘，周围环境非常幽静。,村のそばに美しい池塘があり、周辺の環境はとても静かです。
126,迟早,chí zǎo,sooner or later,遅かれ早かれ,迟早会成功的。,遅かれ早かれ成功するだろう。,You will succeed sooner or later.,迟早你会明白，坚持努力是成功的关键。,遅かれ早かれ君は理解するだろう、努力を続けることが成功の鍵だと。
127,尺子,chǐ zi,rule; ruler (measuring instrument); CL:把[ba3],定規,尺子放在桌子上。,定規は机の上に置いてある。,The ruler is on the table.,老师用尺子在黑板上画了几条直线作为示范。,先生は黒板に定規で数本の直線を引いて模範を示しました。
128,翅膀,chì bǎng,"wing; CL:个,对[dui4]",翼,鸟儿展开翅膀飞。,鳥が翼を広げて飛んだ。,The bird spread its wings and flew.,小鸟展开翅膀，准备飞向远方的天空。,小鳥が翼を広げて、遠い空へ飛び立とうとしています。
129,充电器,chōng diàn qì,battery charger,充電器,请带上充电器。,充電器を持ってきてください。,Please bring the charger.,请记得带上充电器，以免手机没电影响使用。,スマホの充電器を忘れずに持ってきてください、電池切れで使えなくならないように。
130,充分,chōng fèn,full; abundant,十分に,准备工作很充分。,準備作業は十分に整っている。,The preparation work is very thorough.,经过充分准备，会议最终取得了圆满成功。,十分な準備を経て、会議は最終的に円満に成功を収めました。
131,充满,chōng mǎn,full of; brimming with; very full; permeated,満ちる,房间充满了香味。,部屋は香りで満たされている。,The room is filled with fragrance.,教室里充满了同学们欢快的笑声和讨论声。,教室は生徒たちの楽しげな笑い声と話し声で満ちていました。
132,冲,chōng,(of water) to dash against; to mix with water; to infuse; to rinse; to flush; to develop (a film); to rise in the air; to clash; to collide with,突進する,他冲进了教室。,彼は教室に飛び込んだ。,He rushed into the classroom.,他冲进教室，急切地寻找丢失的笔记本。,彼は教室に飛び込んで、なくしたノートを必死に探しました。
133,重复,chóng fù,to repeat; to duplicate; CL:个,繰り返す,请不要重复错误。,間違いを繰り返さないでください。,Please do not repeat the mistakes.,为了加深理解，老师反复强调了重点内容。,理解を深めるために、先生は重点内容を繰り返し強調しました。
134,宠物,chǒng wù,house pet,ペット,我养了一只宠物狗。,私はペットの犬を飼っている。,I have a pet dog.,养宠物不仅能带来快乐，还能培养责任感。,ペットを飼うことは楽しみをもたらすだけでなく、責任感も育てます。
135,抽屉,chōu ti,drawer,引き出し,抽屉里放着文件。,引き出しの中に書類が入っている。,There are documents in the drawer.,抽屉里放着各种文具和重要的文件资料。,引き出しの中にはさまざまな文具や重要な書類が入っています。
136,抽象,chōu xiàng,abstract,抽象的,这幅画很抽象。,この絵はとても抽象的だ。,This painting is very abstract.,抽象艺术作品常常通过颜色和形状表达情感。,抽象芸術作品はしばしば色や形を通して感情を表現します。
137,丑,chǒu,"clown; disgraceful; surname Chou; 2nd earthly branch: 1-3 a.m., 12th solar month (6th January to 3rd February); year of the Ox",醜い,他觉得自己很丑。,彼は自分がとても醜いと思っている。,He thinks he is very ugly.,虽然他外表丑陋，但内心却非常善良。,彼は見た目は醜いが、心の中はとても優しい。
138,臭,chòu,stench; stink; smelly; to smell (bad),臭い,垃圾桶很臭。,ゴミ箱はとても臭い。,The trash can smells very bad.,垃圾长时间堆积会产生臭味，影响环境卫生。,ゴミが長時間積もると臭いが発生し、環境衛生に影響を与えます。
139,出版,chū bǎn,to publish; to come off the press; to put out,出版,这本书去年出版。,この本は去年出版された。,This book was published last year.,这本新书已经正式出版，受到了读者的欢迎。,この新しい本は正式に出版され、読者に歓迎されています。
140,出口,chū kǒu,an exit; to speak; to export; (of a ship) to leave port; CL:个,輸出,中国出口很多商品。,中国は多くの商品を輸出している。,China exports many goods.,该国的主要出口产品包括电子设备和纺织品。,その国の主な輸出品は電子機器と繊維製品を含みます。
141,出色,chū sè,remarkable; outstanding,優秀,他的表现非常出色。,彼のパフォーマンスは非常に優れている。,His performance is outstanding.,他的表现非常出色，得到了领导的高度评价。,彼のパフォーマンスは非常に優れており、上司から高く評価されました。
142,出示,chū shì,to show; to take out and show to others; to display;,提示する,请出示身份证件。,身分証明書を提示してください。,Please show your identification.,请出示您的身份证以便我们核实您的身份信息。,身分証を提示してください、身元情報を確認するために。
143,出席,chū xí,to attend; to participate; present,出席,学生们都出席了。,学生たちは全員出席した。,All the students attended.,公司董事会成员准时出席了年度会议。,会社の取締役会メンバーは定刻に年次会議に出席しました。
144,初级,chū jí,junior; primary,初級,他参加了初级考试。,彼は初級試験に参加した。,He took part in the beginner's exam.,初级课程适合刚开始学习汉语的学生报名参加。,初級コースは中国語を始めたばかりの学生に適しています。
145,除非,chú fēi,"only if (..., or otherwise,...); only when; only in the case that; unless",〜しない限り,除非下雨，否则去。,雨が降らない限り、行く。,"Unless it rains, I will go.",除非天气恶劣，否则我们明天会照常出发旅行。,悪天候でない限り、私たちは明日予定通りに出発して旅行します。
146,除夕,chú xī,(New Year's) Eve,大晦日,除夕晚上很热闹。,大晦日の夜はとても賑やかだ。,New Year's Eve night is very lively.,中国人在除夕晚上通常会和家人团聚吃年夜饭。,中国人は大晦日の夜に通常家族と集まり、年越しの食事をします。
147,处理,chǔ lǐ,to handle; to treat; to deal with; to process; CL:个,処理する,请妥善处理垃圾。,ゴミは適切に処理してください。,Please properly dispose of the garbage.,面对问题，我们应该冷静处理，寻找最佳解决方案。,問題に直面したら、冷静に対処し、最善の解決策を探すべきです。
148,传播,chuán bō,to propagate; to disseminate; to spread,伝播,消息迅速传播开。,ニュースは素早く広まった。,The news spread quickly.,新技术的传播极大地促进了信息交流的效率。,新技術の普及は情報交流の効率を大いに促進しました。
149,传染,chuán rǎn,to infect; contagious,感染,病毒很容易传染。,ウイルスはとても感染しやすい。,The virus is very contagious.,这种疾病具有传染性，必须采取有效的防护措施。,この病気は感染性があり、効果的な防護措置を取らなければなりません。
150,传说,chuán shuō,legend; folklore; tradition; it is said; they say that...,伝説,这里有一个古老传说。,ここには古い伝説がある。,There is an ancient legend here.,传说中，这座古城隐藏着许多神秘的宝藏。,伝説によれば、この古い城には多くの神秘的な宝物が隠されています。
151,传统,chuán tǒng,tradition; traditional; convention; conventional; CL:个,伝統,春节是中国的传统节日。,春節は中国の伝統的な祭日です。,Spring Festival is a traditional Chinese holiday.,在现代社会，保护传统文化不仅是责任，更是每个人的义务和使命。,現代社会において、伝統文化を守ることは責任であるだけでなく、誰もが負う義務であり使命です。
152,窗帘,chuāng lián,window curtains,カーテン,窗帘挡住了强烈的阳光。,カーテンが強い日差しを遮った。,The curtain blocked the strong sunlight.,为了防止阳光直射，客厅的窗帘必须选择透气性好且耐用的材料。,直射日光を防ぐために、リビングのカーテンは通気性が良く耐久性のある素材を選ばなければなりません。
153,闯,chuǎng,to rush; to charge; to dash; to break through; to temper oneself (through battling hardships),突入,他勇敢地闯进了考场。,彼は勇敢に試験会場に突入した。,He bravely rushed into the examination room.,年轻人敢于闯世界，不怕困难，勇于面对各种挑战。,若者は世界に飛び込み、困難を恐れず、さまざまな挑戦に勇敢に立ち向かいます。
154,创造,chuàng zào,to create; to bring about; to produce; CL:个,創造,科学家创造了新型材料。,科学者たちは新しい材料を創り出した。,Scientists created a new type of material.,科学技术的发展为人类创造了更多方便快捷的生活方式。,科学技術の発展は人類により便利で迅速な生活様式を創造しました。
155,吹,chuī,to blow; to play a wind instrument; to blast; to puff; to boast; to brag; to end in failure; to fall through,吹く,风吹动了树叶。,風が木の葉を揺らした。,The wind moved the leaves.,秋天的风轻轻地吹过树林，带来一丝凉爽的感觉。,秋の風がそよそよと森を吹き抜け、一筋の涼しさをもたらします。
156,词汇,cí huì,vocabulary; list of words (e.g. for language teaching purposes),語彙,词汇量决定了语言水平。,語彙量が言語レベルを決定する。,Vocabulary size determines language proficiency.,学习一门语言，积累丰富的词汇是提高表达能力的关键。,一つの言語を学ぶには、豊富な語彙を蓄積することが表現力向上の鍵です。
157,辞职,cí zhí,to resign,辞職,他决定辞职去创业。,彼は辞職して起業することを決めた。,He decided to resign and start his own business.,因为工作压力太大，他决定辞职，寻找更适合自己的岗位。,仕事のプレッシャーが大きすぎて、彼は辞職し、自分に合った職を探すことに決めました。
158,此外,cǐ wài,besides; in addition; moreover; furthermore,そのほか,此外，他还会说法语。,それに加えて、彼はフランス語も話せる。,"Besides, he can also speak French.",他不仅精通英语，此外还掌握了法语和德语，语言能力非常强。,彼は英語に堪能なだけでなく、さらにフランス語とドイツ語も習得しており、語学力が非常に高いです。
159,刺激,cì jī,to irritate; to provoke; to upset; to stimulate; to excite; irritant,刺激,竞争促进了市场刺激。,競争は市場の刺激を促進した。,Competition promoted market stimulation.,这部电影的剧情紧凑，刺激感十足，让观众全程保持高度兴奋。,この映画のストーリーは緊密で刺激的で、観客を最後まで高い興奮状態に保ちます。
160,次要,cì yào,secondary,二次的,这个问题比较次要。,この問題は比較的二次的だ。,This issue is relatively secondary.,虽然这个问题重要，但在整个项目中它属于次要环节，不是核心部分。,この問題は重要であるものの、プロジェクト全体の中では次要な部分であり、核心ではありません。
161,匆忙,cōng máng,hasty; hurried,慌ただしい,他匆忙赶往机场。,彼は急いで空港へ向かった。,He hurried to the airport.,他匆忙赶到车站，却发现车早已离开，错过了最后一班车。,彼は慌てて駅に向かったが、電車はすでに出発しており、最終便を逃してしまいました。
162,从此,cóng cǐ,from now on; since then; henceforth,これ以降,从此生活变得不同。,それ以来、生活は変わった。,"Since then, life has become different.",从此以后，他立志要努力学习，实现自己的梦想和目标。,それ以来、彼は努力して学び、自分の夢と目標を実現することを心に誓いました。
163,从而,cóng ér,thus; thereby,それによって,他努力学习，从而成功。,彼は一生懸命勉強し、その結果成功した。,He studied hard and thus succeeded.,他认真准备考试，从而取得了优异的成绩，获得了奖学金。,彼は試験に真剣に準備し、その結果優秀な成績を収め、奨学金を獲得しました。
164,从前,cóng qián,previously; formerly; once upon a time,以前,从前这里是个小村庄。,昔ここは小さな村だった。,This used to be a small village.,从前这里是一片荒地，如今已经建成了现代化的商业区。,昔ここは荒れ地だったが、今では近代的な商業地区に整備されました。
165,从事,cóng shì,to go for; to engage in; to undertake; to deal with; to handle; to do,従事する,他从事教育行业多年。,彼は長年教育業界に従事している。,He has been engaged in the education industry for many years.,他从事教育工作多年，积累了丰富的教学经验和方法。,彼は長年教育の仕事に携わり、豊富な指導経験と方法を蓄積しました。
166,粗糙,cū cāo,crude; gruff; rough; coarse;,粗い,这张纸质地很粗糙。,この紙は質感がとても粗い。,This paper has a very rough texture.,这件衣服的面料比较粗糙，穿着时感觉不太舒服。,この服の生地はやや粗く、着るとあまり快適ではありません。
167,促进,cù jìn,to promote (an idea or cause); to advance; boost,促進する,政策促进了经济发展。,政策が経済発展を促進した。,The policy promoted economic development.,政府出台了一系列政策，旨在促进经济的可持续发展。,政府は一連の政策を打ち出し、経済の持続可能な発展を促進することを目指しています。
168,促使,cù shǐ,to induce; to promote; to urge; to impel; to bring about; to provoke; to drive (sb to do sth); to catalyze; to actuate; to contribute to (some development),促す,压力促使他更加努力。,プレッシャーが彼をより一層努力させた。,Pressure motivated him to work harder.,父母的关爱促使孩子更加努力学习，取得了很大进步。,両親の愛情が子供をさらに一生懸命に勉強させ、大きな進歩を遂げさせました。
169,醋,cù,vinegar; acid; jealousy (in love rivalry),酢,他喝了一杯醋饮料。,彼は酢の飲み物を一杯飲んだ。,He drank a cup of vinegar beverage.,他因为吃醋而对朋友的成功表现出复杂的情绪。,彼は嫉妬から友人の成功に対して複雑な感情を示しました。
170,催,cuī,to urge; to press; to prompt; to rush sb; to hasten sth; to expedite,催促,妈妈催我快点吃饭。,母は私に早くご飯を食べるように催促した。,Mom urged me to eat quickly.,老师催促学生按时完成作业，不要拖延影响学习进度。,先生は学生に宿題を期限内に終えるよう催促し、遅れが学習進度に影響しないようにしました。
171,存在,cún zài,to exist; to be,存在する,问题依然存在于社会。,問題は依然として社会に存在している。,The problem still exists in society.,在这个世界上，问题和挑战无处不在，困难依然存在。,この世界には問題や挑戦が至る所に存在し、困難は依然としてあります。
172,措施,cuò shī,measure; step (to be taken); CL:个,措置,政府采取了紧急措施。,政府は緊急措置を取った。,The government took emergency measures.,为了防止事故发生，公司采取了多项安全措施，保障员工安全。,事故発生を防ぐために、会社は複数の安全対策を講じ、従業員の安全を守っています。
173,答应,dā ying,to agree; to promise; to reply; to respond,約束する,他答应明天来帮忙。,彼は明日手伝いに来ると約束した。,He promised to come and help tomorrow.,他答应帮助我完成任务，所以我非常感谢他的支持和配合。,彼は私の任務完了を手伝うと約束してくれたので、彼の支援と協力に非常に感謝しています。
174,达到,dá dào,to reach; to achieve; to attain,達成する,公司达到预期目标。,会社は目標を達成した。,The company reached its expected goals.,通过不断努力，他终于达到了理想的工作岗位和生活状态。,不断の努力によって、彼はついに理想の仕事と生活状態に到達しました。
175,打工,dǎ gōng,to have a part time job; to do manual work,アルバイト,大学生在外打工赚钱。,大学生は外でアルバイトをしてお金を稼いでいる。,College students work part-time jobs outside to earn money.,为了减轻家庭负担，他利用假期去城市打工赚取生活费。,家庭の負担を減らすために、彼は休暇を利用して都市でアルバイトをして生活費を稼ぎました。
176,打交道,dǎ jiāo dào,to come into contact with; to have dealings,付き合う,他经常和客户打交道。,彼はよく顧客とやり取りをしている。,He often deals with clients.,在工作中，我们经常需要与不同部门的同事打交道，协调合作。,仕事の中で、私たちはしばしば異なる部署の同僚と接触し、調整と協力を行う必要があります。
177,打喷嚏,dǎ pēn tì,to sneeze,くしゃみ,他突然打喷嚏不停。,彼は突然くしゃみが止まらなくなった。,He suddenly sneezed nonstop.,感冒时打喷嚏是身体的一种自然反应，提醒我们注意休息。,風邪をひいた時にくしゃみをするのは体の自然な反応で、休息を促すサインです。
178,打听,dǎ ting,to ask about; to inquire about,尋ねる,我去打听了那个消息。,私はその情報を聞き出してきた。,I went to inquire about that news.,他偷偷地打听了公司的招聘信息，准备申请新的职位。,彼はこっそり会社の採用情報を探り、新しい職に応募する準備をしました。
179,大方,dà fāng,generous; tasteful; stylish; easy-mannered,気前が良い,他为人非常大方。,彼はとても気前が良い人だ。,He is a very generous person.,她为人非常大方，总是慷慨地帮助需要帮助的人。,彼女はとても気前が良く、いつも困っている人を惜しみなく助けます。
180,大厦,dà shà,large building; edifice; mansion; CL:座[zuo4],大きな建物,市中心有很多大厦。,市の中心には多くのビルがある。,There are many buildings in the city center.,这座大厦设计现代，内部设施齐全，是城市的新地标。,このビルは現代的な設計で、内部設備が充実しており、街の新しいランドマークです。
181,大象,dà xiàng,elephant; CL:只[zhi1],象,大象是非洲的动物。,象はアフリカの動物だ。,Elephants are animals of Africa.,动物园里的大象体型庞大，动作缓慢但非常温顺。,動物園の象は体が大きく、動作はゆっくりですが非常におとなしいです。
182,大型,dà xíng,large scale; wide scale; broad scale,大型の,这是一场大型音乐会。,これは大規模な音楽会だ。,This is a large-scale concert.,大型企业在市场竞争中具有更强的资源整合能力和影响力。,大手企業は市場競争において、より強い資源統合能力と影響力を持っています。
183,呆,dāi,foolish; stupid; expressionless; blank; to stay,ぼんやりする,他呆在家里不出门。,彼は家にいて外に出ない。,He stays at home and does not go out.,他一整天呆在家里，没有出去，也没有和朋友联系。,彼は一日中家にいて、外出もせず、友達とも連絡を取りませんでした。
184,代表,dài biǎo,"representative; delegate; to represent; to stand for; on behalf of; in the name of; CL:位[wei4],个, 名[ming2]",代表,他代表公司参加会议。,彼は会社を代表して会議に参加した。,He attended the meeting representing the company.,她被选为学生会代表，负责协调各班级之间的活动安排。,彼女は生徒会の代表に選ばれ、各クラス間の活動調整を担当しています。
185,代替,dài tì,"instead; to replace; to substitute (X for Y, or a number in an algebraic expression)",代わる,我代替你去开会。,私はあなたの代わりに会議に行く。,I will attend the meeting on your behalf.,这台新机器可以代替人工完成许多复杂的生产任务，提高效率。,この新しい機械は多くの複雑な生産作業を人手に代わって行い、効率を向上させます。
186,待遇,dài yù,treatment; pay; wages; status; salary,待遇,这家公司待遇很好。,この会社の待遇はとても良い。,This company offers very good benefits.,公司为员工提供了优厚的待遇，包括高薪和完善的福利保障。,会社は従業員に高給や充実した福利厚生など、手厚い待遇を提供しています。
187,贷款,dài kuǎn,a loan; to provide a loan (e.g. bank); CL:笔[bi3],ローン,他们申请了住房贷款。,彼らは住宅ローンを申請した。,They applied for a housing loan.,为了扩大生产规模，公司向银行申请了一笔长期贷款。,生産規模を拡大するために、会社は銀行に長期融資を申請しました。
188,单纯,dān chún,simple; pure; alone; merely,単純な,她的想法很单纯。,彼女の考えはとても純粋だ。,Her idea is very simple/pure.,他的想法很单纯，没有考虑到事情的复杂性和潜在风险。,彼の考えは単純で、物事の複雑さや潜在的なリスクを考慮していませんでした。
189,单调,dān diào,monotonous; uniform; unvarying,単調な,生活变得单调无聊。,生活は単調で退屈になった。,Life has become monotonous and boring.,这部电影的剧情单调，缺乏吸引力，让人感到乏味无趣。,この映画のストーリーは単調で魅力に欠け、退屈で面白くありません。
190,单独,dān dú,by oneself; alone; on one's own,単独の,他单独完成了任务。,彼は単独で任務を完了した。,He completed the task alone.,他决定单独完成这个项目，不依赖任何人的帮助和支持。,彼はこのプロジェクトを単独で完成させ、誰の助けや支援にも頼らないことに決めました。
191,单位,dān wèi,unit (to measure); work unit (one's workplace); group of people as a whole; CL:个,単位,这个单位负责管理物业。,この部署は物件の管理を担当している。,This unit is responsible for property management.,每个单位都应该制定合理的工作计划，确保任务按时完成。,各単位は合理的な作業計画を立て、任務を期限内に完了させるべきです。
192,单元,dān yuán,unit (as an entity); element; entrance number,単元,这本书分为多个单元。,この本は複数の単元に分かれている。,This book is divided into multiple units.,这本教科书分为多个单元，内容循序渐进，便于学生学习。,この教科書は複数の単元に分かれており、内容は段階的で学生が学びやすいです。
193,担任,dān rèn,to hold a governmental office or post; to assume office of; to take charge of; to serve as,担当する,他担任项目经理。,彼はプロジェクトマネージャーを務めている。,He serves as the project manager.,他担任班长多年，积累了丰富的管理经验和组织能力。,彼は長年クラス委員を務め、豊富な管理経験と組織能力を蓄積しました。
194,耽误,dān wu,to delay; to hold-up; to waste time; to interfere with,遅らせる,交通堵塞耽误了时间。,交通渋滞で時間が遅れた。,Traffic congestion delayed the time.,因为耽误了重要会议，他感到非常懊悔和自责。,重要な会議に遅れたため、彼は非常に後悔し自己嫌悪を感じました。
195,胆小鬼,dǎn xiǎo guǐ,coward,臆病者,他被嘲笑为胆小鬼。,彼は臆病者として嘲笑された。,He was mocked as a coward.,不要做胆小鬼，遇到困难时要勇敢面对，积极解决问题。,臆病者になってはいけません。困難に直面した時は勇敢に向き合い、積極的に問題を解決しましょう。
196,淡,dàn,insipid; diluted; weak; mild; light in color; tasteless; fresh; indifferent; nitrogen,薄い,这杯茶味道很淡。,このお茶は味がとても薄い。,This tea tastes very light.,这道菜味道比较淡，适合喜欢清淡口味的人食用。,この料理は味が比較的薄く、あっさりした味が好きな人に向いています。
197,当地,dāng dì,local; in the locality,現地の,我们参观了当地博物馆。,私たちは地元の博物館を見学した。,We visited the local museum.,当地政府正在加大投入，改善基础设施，促进经济发展。,当地の政府は投資を強化し、インフラを改善し、経済発展を促進しています。
198,当心,dāng xīn,to take care; to look out,気をつける,路上当心车辆经过。,道では車に気をつけて通ってください。,Be careful of vehicles passing by on the road.,冬天出门要当心路滑，避免发生意外事故。,冬に外出するときは路面の凍結に注意し、事故を避けましょう。
199,挡,dǎng,to resist; to obstruct; to hinder; to keep off; to block (a blow); to get in the way of; cover; gear,遮る,树挡住了阳光。,木が日差しを遮った。,The tree blocked the sunlight.,他用身体挡住了飞来的球，保护了身后的同伴。,彼は身体で飛んできたボールを遮り、後ろにいた仲間を守りました。
200,倒霉,dǎo méi,have bad luck; be out of luck,ついてない,今天真倒霉，丢了钱包。,今日は本当に運が悪くて、財布をなくした。,Today is really unlucky; I lost my wallet.,昨天真倒霉，车坏了又错过了重要的会议。,昨日は本当に運が悪く、車が故障して重要な会議にも遅れてしまいました。
201,导演,dǎo yǎn,direct; director (film etc),監督,他是著名导演。,彼は有名な監督です。,He is a famous director.,这部电影的导演以其独特的艺术风格赢得了国际影坛的高度评价。,この映画の監督は、その独特な芸術スタイルで国際映画界から高い評価を得た。
202,导致,dǎo zhì,to lead to; to create; to cause; to bring about,引き起こす,错误导致失败。,間違いが失敗を招いた。,Mistakes led to failure.,环境污染严重导致了当地居民的健康问题日益突出。,環境汚染が深刻で、地元住民の健康問題がますます顕著になった。
203,岛屿,dǎo yǔ,island,島,岛屿风景优美。,島の風景は美しい。,The island scenery is beautiful.,这个岛屿拥有丰富的自然资源和独特的生态系统，吸引了大量游客。,この島は豊かな自然資源と独特な生態系を持ち、多くの観光客を引きつけている。
204,到达,dào dá,to reach; to arrive,到着する,火车准时到达。,電車は時間通りに到着した。,The train arrived on time.,经过长时间的旅程，我们终于到达了目的地，感到无比兴奋和满足。,長い旅の末に、ついに目的地に到着し、非常に興奮し満足した。
205,道德,dào dé,virtue; morality; ethics; moral; CL:种[zhong3],道徳,道德规范很重要。,道徳規範はとても重要だ。,Moral standards are very important.,在现代社会，道德规范依然是维护人际关系的重要基础。,現代社会において、道徳規範は依然として人間関係を維持する重要な基盤である。
206,道理,dào lǐ,reason; argument; sense; principle; basis; justification; CL:个,理屈,他说的道理正确。,彼の言う理屈は正しい。,What he says makes sense.,他的话虽然简单，但却包含了深刻的道理和生活智慧。,彼の言葉は簡単だが、深い道理と生活の知恵が含まれている。
207,登记,dēng jì,to register (one's name); to check in; enter one's name,登録する,请尽快登记姓名。,できるだけ早く名前を登録してください。,Please register your name as soon as possible.,请您在这里登记个人信息，以便我们为您提供更好的服务。,こちらで個人情報をご登録ください。より良いサービスを提供するためです。
208,等待,děng dài,wait for; await,待つ,我们在车站等待。,私たちは駅で待っている。,We are waiting at the station.,在等待面试结果的过程中，我感到既紧张又充满期待。,面接結果を待つ間、緊張と期待が入り混じった気持ちだった。
209,等于,děng yú,to equal; to be tantamount to,等しい,努力等于成功。,努力は成功に等しい。,Effort equals success.,他的努力等于成功的一半，剩下的还需要坚持不懈地奋斗。,彼の努力は成功の半分に等しく、残りは絶え間ない努力が必要だ。
210,滴,dī,a drop; to drip,滴る,雨水滴在窗上。,雨水が窓に滴っている。,Raindrops are dripping on the window.,窗外的雨滴滴答作响，给寂静的夜晚增添了几分生气。,窓の外の雨滴がポツポツと音を立て、静かな夜に少し活気を加えている。
211,敌人,dí rén,enemy; foe; CL:个,敵,敌人已经撤退。,敵はすでに撤退した。,The enemy has already retreated.,在战争中，敌人的动向对于制定战略至关重要。,戦争において、敵の動向は戦略を立てる上で非常に重要である。
212,的确,dí què,really; indeed,確かに,他的话的确有理。,彼の言葉は確かに理にかなっている。,His words are indeed reasonable.,这件事情的确非常复杂，需要我们仔细分析和研究。,この件は確かに非常に複雑で、私たちは慎重に分析し研究する必要がある。
213,地道,dì dao,real; pure; genuine; typical; well-done; thorough,本場の,这家餐厅很地道。,このレストランはとても本格的だ。,This restaurant is very authentic.,他说的普通话非常地道，让人听起来毫无障碍。,彼の標準中国語は非常に自然で、聞いていて全く障害がない。
214,地理,dì lǐ,geography,地理,地理知识很丰富。,地理の知識が豊富だ。,He has rich knowledge of geography.,地理课上老师详细讲解了中国的主要山脉和河流分布。,地理の授業で先生は中国の主要な山脈や河川の分布を詳しく説明した。
215,地区,dì qū,"regional; local; district (not necessarily formal administrative unit); region; area; as suffix to city name, means prefecture or county (area administered by a prefecture level city or county level city); CL:个",地域,该地区气候温暖。,この地域の気候は温暖だ。,The climate in this area is warm.,该地区的经济发展迅速，吸引了大量投资和人才流入。,その地域の経済発展は急速で、多くの投資と人材の流入を引き付けている。
216,地毯,dì tǎn,carpet; rug,じゅうたん,客厅铺着地毯。,リビングルームにはカーペットが敷いてある。,The living room is carpeted.,新装修的客厅铺上了柔软的地毯，显得格外温馨舒适。,新しく改装したリビングルームには柔らかいカーペットが敷かれ、とても暖かく快適に見える。
217,地位,dì wèi,position; status; place; CL:个,地位,他在公司地位高。,彼は会社で地位が高い。,He holds a high position in the company.,随着社会的发展，女性在职场上的地位不断提高。,社会の発展に伴い、女性の職場での地位はますます向上している。
218,地震,dì zhèn,earthquake,地震,昨夜发生地震。,昨夜地震が起きた。,An earthquake occurred last night.,去年发生的地震造成了严重的人员伤亡和财产损失。,昨年起きた地震は深刻な人命被害と財産損失をもたらした。
219,递,dì,to hand over; to pass on sth; to gradually increase or decrease; progressively,渡す,请递给我那本书。,あの本を渡してください。,Please hand me that book.,请把这封信递给我的同事，确保他能及时收到重要信息。,この手紙を私の同僚に渡してください。彼が重要な情報をタイムリーに受け取れるように。
220,点心,diǎn xin,pastry; dimsum (in Cantonese cooking); dessert; light refreshments,軽食,下午喝茶吃点心。,午後にお茶を飲んでお菓子を食べる。,Have tea and snacks in the afternoon.,茶馆里供应各种传统点心，吸引了不少喜爱美食的顾客。,茶館では様々な伝統的な点心を提供し、美食好きの客を多く引きつけている。
221,电池,diàn chí,"battery; CL:节[jie2] ,组[zu3]",電池,手机需要换电池。,携帯電話は電池を交換する必要がある。,The phone needs a battery replacement.,手机的电池寿命越来越长，满足了用户长时间使用的需求。,スマートフォンのバッテリー寿命はますます長くなり、ユーザーの長時間使用のニーズを満たしている。
222,电台,diàn tái,transmitter-receiver; broadcasting station; radio station; CL:个,ラジオ局,他在电台工作。,彼はラジオ局で働いている。,He works at a radio station.,这个电台每天播放最新的新闻和丰富的娱乐节目。,このラジオ局は毎日最新のニュースと豊富なエンターテインメント番組を放送している。
223,钓,diào,to fish with a hook and bait,釣る,周末去河边钓鱼。,週末に川辺へ釣りに行く。,Go fishing by the river on the weekend.,他喜欢在湖边钓鱼，享受大自然的宁静与美好。,彼は湖畔で釣りをするのが好きで、自然の静けさと美しさを楽しんでいる。
224,顶,dǐng,"apex; crown of the head; top; roof; to carry on the head; to push to the top; to go against; most; to replace; to substitute; classifier for headwear, hats, veils etc; to agree or support (internet slang, similar to digg)",頂く,这是我吃过顶好的。,これは私が食べた中で最高のものだ。,This is the best I have ever eaten.,这顶帽子设计新颖，既时尚又实用，非常受年轻人欢迎。,この帽子はデザインが斬新で、ファッショナブルかつ実用的で、若者に非常に人気がある。
225,冻,dòng,to freeze; to feel very cold; aspic or jelly,凍る,冬天河水结冰冻了。,冬に川の水が凍った。,The river water froze in winter.,冬天的河水结冰了，寒冷的天气让人感到刺骨的冻意。,冬の川の水は凍りつき、寒さが身に染みるように感じられる。
226,动画片,dòng huà piān,cartoon; animation,アニメ,孩子喜欢看动画片。,子供はアニメを見るのが好きだ。,Children like watching cartoons.,这部动画片不仅画面精美，而且故事情节引人入胜。,このアニメは映像が美しいだけでなく、ストーリーも引き込まれる内容だ。
227,洞,dòng,cave; hole; zero (unambiguous spoken form when spelling out numbers); CL:个,穴,老鼠躲进洞里。,ネズミは穴に隠れた。,The mouse hid in the hole.,山洞深处隐藏着许多珍贵的矿藏，等待人们去发现。,山の洞窟の奥深くには多くの貴重な鉱物が隠されており、人々が発見するのを待っている。
228,豆腐,dòu fu,tofu; bean curd,豆腐,豆腐是健康食品。,豆腐は健康食品だ。,Tofu is a healthy food.,豆腐是中国传统饮食中不可缺少的重要食材。,豆腐は中国の伝統的な食文化に欠かせない重要な食材である。
229,逗,dòu,to tease; to play with,からかう,他喜欢逗小孩子。,彼は子供をからかうのが好きだ。,He likes to tease children.,他的幽默风趣总能逗得大家开怀大笑，气氛十分活跃。,彼のユーモアはいつもみんなを笑わせて、雰囲気をとても盛り上げる。
230,独立,dú lì,independent; independence; to stand alone,独立,她经济上很独立。,彼女は経済的にとても自立している。,She is very financially independent.,年轻人应该学会独立思考，培养自己的判断能力。,若者は独立して考えることを学び、自分の判断力を養うべきだ。
231,独特,dú tè,distinct; unique; having special characteristics,独特,他的风格很独特。,彼のスタイルはとても独特だ。,His style is very unique.,这家餐厅的菜肴具有独特的风味，让人流连忘返。,このレストランの料理は独特な風味があり、人を魅了して忘れられなくさせる。
232,度过,dù guò,to spend; to pass: to get through; to survive,過ごす,我们愉快地度过假期。,私たちは楽しく休暇を過ごした。,We spent the holiday happily.,我们一起度过了难忘的假期，留下了许多美好的回忆。,私たちは一緒に忘れられない休暇を過ごし、多くの素晴らしい思い出を残した。
233,断,duàn,"to break; to snap; to cut off; to give up or abstain from sth; to judge; (usu. used in the negative) absolutely, definitely,decidedly",断つ,他断开了电话线。,彼は電話線を切った。,He disconnected the telephone line.,由于强风，树枝断裂掉落，造成了道路堵塞。,強風のため枝が折れて落ち、道路が塞がれてしまった。
234,堆,duī,to pile up; to heap up; pile (of things); a mass; heap; stack,積む,书堆得很高。,本が高く積まれている。,The books are piled high.,工人们把建筑材料堆放在工地中央，方便随时使用。,作業員たちは建築資材を工事現場の中央に積み上げ、いつでも使えるようにしている。
235,兑换,duì huàn,to convert; to exchange,両替する,机场可以兑换货币。,空港で通貨を両替できる。,You can exchange currency at the airport.,请携带有效证件到银行办理外币兑换手续。,有効な身分証明書を持って銀行に行き、外貨両替の手続きをしてください。
236,对比,duì bǐ,contrast; ratio; CL:个,比較する,对比两者的优劣。,両者の優劣を比較する。,Compare the advantages and disadvantages of the two.,通过对比两个方案的优缺点，我们最终选择了更合适的那个。,二つの案の長所と短所を比較して、最終的により適したものを選んだ。
237,对待,duì dài,to treat; treatment,接する,我们应该公平对待他人。,私たちは他人を公平に扱うべきだ。,We should treat others fairly.,我们应该以平等和尊重的态度对待每一个人。,私たちは平等かつ尊重の態度で誰に対しても接するべきだ。
238,对方,duì fāng,counterpart; other person involved; opposite side; other side; receiving party,相手,对方态度很友好。,相手の態度はとても友好的だ。,The other party's attitude is very friendly.,谈判中，双方都表现出诚意，努力寻求共赢的解决方案。,交渉中、双方は誠意を示し、ウィンウィンの解決策を模索した。
239,对手,duì shǒu,opponent; adversary; rival; competitor,対戦相手,他是我的对手。,彼は私の対戦相手だ。,He is my opponent.,作为对手，我们应该尊重彼此的实力，并保持良好的竞技精神。,対戦相手として、お互いの実力を尊重し、良いスポーツマンシップを保つべきだ。
240,对象,duì xiàng,target; object; partner; boyfriend; girlfriend; CL:个,対象,她是结婚对象。,彼女は結婚の相手だ。,She is my marriage partner.,他一直把她当作自己人生中最重要的对象，深爱着她。,彼は彼女を人生で最も大切な相手と考え、深く愛している。
241,吨,dūn,ton,トン,这辆车重三吨。,この車は3トンの重さがある。,This car weighs three tons.,这批货物的重量达到了一吨，需要用专门的运输工具。,この貨物の重量は一トンに達し、専用の輸送手段が必要だ。
242,蹲,dūn,to crouch; to squat,しゃがむ,孩子蹲在地上玩。,子供は地面にしゃがんで遊んでいる。,The child is squatting on the ground playing.,小猫在角落里蹲着，静静地观察着周围的动静。,子猫は隅でしゃがみ込み、周囲の様子を静かに観察している。
243,顿,dùn,"to pause; to stop; to lay out; to kowtow; to stamp; at once; classifier for meals, beating, tellings off etc: time, bout, spell, meal",食事,我们顿顿吃得很饱。,私たちは毎食お腹いっぱい食べている。,We eat until full every meal.,他顿了顿，才继续讲述那个令人难忘的故事。,彼は一息ついてから、あの忘れがたい話を続けた。
244,多亏,duō kuī,thanks to; luckily,おかげで,多亏你的帮助成功。,あなたの助けのおかげで成功した。,"Thanks to your help, we succeeded.",多亏了大家的帮助，项目才能顺利按时完成。,みんなの助けのおかげで、プロジェクトは順調に予定通り完成できた。
245,多余,duō yú,superfluous; unnecessary; surplus,余分な,这些多余的东西扔掉。,これらの余分なものを捨ててください。,Throw away these extra things.,这些多余的材料可以回收利用，避免浪费资源。,これらの余分な材料はリサイクルでき、資源の無駄を避けられる。
246,朵,duǒ,earlobe,花の量詞,送给她一朵玫瑰。,彼女にバラの花を一輪贈る。,Give her a rose.,她手里捧着一朵盛开的玫瑰花，显得格外美丽动人。,彼女は手に一輪の満開のバラを抱き、とても美しく魅力的に見えた。
247,躲藏,duǒ cáng,to conceal oneself; to hide oneself; to take cover,隠れる,他躲藏在树后面。,彼は木の後ろに隠れている。,He is hiding behind the tree.,为了躲藏风暴，他躲藏在山洞里整整一天一夜。,嵐を避けるために、彼は山の洞窟の中で丸一日一晩隠れていた。
248,恶劣,è liè,vile; nasty; of very poor quality,悪質な,天气恶劣影响出行。,悪天候が外出に影響を与えている。,Bad weather is affecting travel.,恶劣的天气条件严重影响了救援人员的工作进度。,悪天候のため救援隊の作業進捗が深刻に影響を受けた。
249,耳环,ěr huán,"earring; CL:只[zhi1] ,对[dui4]",イヤリング,她戴着漂亮耳环。,彼女はきれいなイヤリングをつけている。,She is wearing beautiful earrings.,她戴着一对精致的耳环，显得格外优雅迷人。,彼女は繊細なイヤリングをつけていて、とても優雅で魅力的に見える。
250,发表,fā biǎo,to publish; to issue; to put out; to issue (a statement);,発表する,他发表了重要演讲。,彼は重要な演説をした。,He delivered an important speech.,他在国际会议上发表了关于环境保护的重要演讲。,彼は国際会議で環境保護に関する重要なスピーチを発表した。
251,发愁,fā chóu,to worry; to fret; to be anxious; to become sad,心配する,他为考试发愁。,彼は試験のことで悩んでいる。,He is worried about the exam.,面对即将到来的考试，她开始为成绩发愁，夜晚常常难以入睡。,迫り来る試験に直面して、彼女は成績を気にかけて夜もなかなか眠れなかった。
252,发达,fā dá,developed (country etc); flourishing; to develop,発展する,这个城市经济很发达。,この都市の経済はとても発展している。,The economy of this city is very developed.,随着经济的不断发展，这个城市已经成为一个高度发达的国际大都市。,経済の絶え間ない発展に伴い、この都市は高度に発達した国際的大都市となった。
253,发抖,fā dǒu,to tremble; to shake; to shiver; to shudder; tremulous,震える,他因为害怕不停发抖。,彼は怖くて震え続けている。,He keeps trembling because he is scared.,听到突如其来的噩耗，他不禁全身发抖，无法控制自己的情绪。,突然の悪い知らせを聞いて、彼は思わず全身が震え、感情を抑えられなかった。
254,发挥,fā huī,to display; to exhibit; to bring out implicit or innate qualities; to express (a thought or moral); to develop (an idea); to elaborate (on a theme),発揮する,她发挥了自己的才能。,彼女は自分の才能を発揮した。,She demonstrated her talent.,他在比赛中充分发挥了自己的实力，最终赢得了冠军的荣誉。,彼は試合で自分の実力を十分に発揮し、最終的にチャンピオンの栄誉を手に入れた。
255,发明,fā míng,to invent; invention; CL:个,発明する,爱迪生发明了电灯。,エジソンは電球を発明した。,Edison invented the electric light.,这项新技术的发明极大地改变了人们的生活方式，带来了便利。,この新技術の発明は人々の生活様式を大きく変え、利便性をもたらした。
256,发票,fā piào,invoice; receipt or bill for purchase,領収書,请给我开个发票。,請求書を発行してください。,Please issue me an invoice.,购物时请记得索取发票，以便日后退换货使用。,買い物の際は必ず領収書を受け取ってください。後日返品や交換に必要です。
257,发言,fā yán,to make a speech; statement; utterance,発言する,他在会上积极发言。,彼は会議で積極的に発言した。,He spoke actively at the meeting.,会议上，他代表公司发表了重要的发言，引起了大家的共鸣。,会議で彼は会社を代表して重要な発言を行い、皆の共感を呼んだ。
258,罚款,fá kuǎn,(impose a) fine; penalty; fine (monetary),罰金,超速被罚款了。,速度超過で罰金を科された。,He was fined for speeding.,违反交通规则的司机被罚款了，并且扣除了驾驶证上的积分。,交通規則を違反した運転手は罰金を科され、運転免許の点数も減点された。
259,法院,fǎ yuàn,court of law; court,裁判所,案件交给法院处理。,事件は裁判所に処理を任せた。,The case was handed over to the court for handling.,法院经过审理，最终判决被告人无罪释放。,裁判所は審理の結果、被告人を無罪放免と判決した。
260,翻,fān,to turn over; to flip over; to overturn; to rummage through; to translate; to decode,めくる,请翻开第十页。,10ページをめくってください。,Please turn to page ten.,他把书翻到最后一页，才发现结局出乎意料。,彼は本を最後のページまでめくって、結末が予想外であることに気づいた。
261,繁荣,fán róng,prosperous; booming (economy),繁栄する,经济繁荣带来幸福。,経済の繁栄は幸福をもたらす。,Economic prosperity brings happiness.,经过多年的努力，这个地区的经济得到了快速的繁荣发展。,長年の努力の末、この地域の経済は急速に繁栄発展した。
262,反而,fǎn ér,instead; on the contrary; contrary (to expectations),かえって,他反而更努力学习。,彼はかえってもっと一生懸命勉強した。,He studied even harder instead.,他本来想帮忙，结果反而让事情变得更加复杂了。,彼は元々助けようと思ったのに、かえって事態をより複雑にしてしまった。
263,反复,fǎn fù,repeatedly; over and over,くり返す,老师反复强调重点。,先生は重点を繰り返し強調した。,The teacher repeatedly emphasized the key points.,他反复强调这次会议的重要性，希望大家能够认真对待。,彼は今回の会議の重要性を繰り返し強調し、皆に真剣に取り組むよう願った。
264,反应,fǎn yìng,to react; to respond; reaction; response; reply; chemical reaction; CL:个,反応,他对批评有反应。,彼は批判に反応した。,He reacted to the criticism.,他的反应非常迅速，及时解决了突发的技术问题。,彼の反応は非常に速く、突発的な技術問題を即座に解決した。
265,反映,fǎn yìng,"to mirror; to reflect; mirror image; reflection; fig. to report; to make known; to render; used erroneously for 反应, response or reaction",反映する,报告反映了真实情况。,報告は実際の状況を反映している。,The report reflects the real situation.,调查结果反映出消费者对产品质量的普遍关注。,調査結果は消費者が製品の品質に広く関心を持っていることを反映している。
266,反正,fǎn zhèng,to put things back in order; to return to the correct path; in any event; come what may; whatever happens (I'm still sure it's right); anyway,とにかく,反正我会完成任务。,とにかく私は任務を完了するつもりだ。,"Anyway, I will complete the task.",反正明天有空，我们可以一起去看电影，不用太担心时间。,とにかく明日は暇だから、一緒に映画を見に行けるし、時間はあまり気にしなくていいよ。
267,范围,fàn wéi,limit; range; scope; extent; CL:个,範囲,研究范围很广泛。,研究の範囲は非常に広い。,The scope of the research is very broad.,这个项目的实施范围涵盖了全国多个省市，影响广泛。,このプロジェクトの実施範囲は全国の多くの省や市に及び、影響は広範囲だ。
268,方,fāng,"square; power or involution (mathematics); upright; honest; fair and square; direction; side; party (to a contract, dispute etc); place; method; prescription (medicine); upright or honest; just when; only or just; classifier for square things; abbr. for square or cubic meter",方法,找到解决问题的方。,問題を解決する方法を見つけた。,Found a way to solve the problem.,请按照说明书上的方法来操作，以免出现错误。,説明書の方法に従って操作してください。誤りが起きないように。
269,方案,fāng àn,plan (for action); program (for action etc); proposal; proposed bill; CL:个,計画案,公司提出了新方案。,会社は新しいプランを提案した。,The company proposed a new plan.,公司制定了详细的市场推广方案，力求提高产品的知名度。,会社は詳細な市場プロモーション計画を策定し、製品の知名度向上を目指している。
270,方式,fāng shì,way (of life); pattern; style; mode; manner; CL:个,方法,学习方式多种多样。,学習方法は多種多様だ。,There are various ways of learning.,学习语言的方式多种多样，关键是找到适合自己的方法。,言語学習の方法は多種多様で、重要なのは自分に合った方法を見つけることだ。
271,妨碍,fáng ài,to hinder; to obstruct,妨げる,噪音妨碍了休息。,騒音が休息を妨げた。,Noise disturbed the rest.,噪音严重妨碍了居民的正常生活，相关部门已经着手处理。,騒音が住民の日常生活を著しく妨げており、関係部署はすでに対処に乗り出している。
272,仿佛,fǎng fú,to seem; as if; alike; similar,まるで,他仿佛看到了未来。,彼はまるで未来を見たかのようだった。,He seemed to have seen the future.,他仿佛看到了过去的自己，心中充满了感慨。,彼はまるで過去の自分を見ているかのようで、心の中に感慨があふれた。
273,非,fēi,non-; not-; un-; abbr. for Africa 非洲; wrong; evil-doing; insist on; simply must,非〜,这非你的错。,これはあなたの過ちではない。,This is not your fault.,这种说法非完全正确，还需进一步的证据支持。,この説は完全に正しいわけではなく、更なる証拠の裏付けが必要だ。
274,肥皂,féi zào,"soap; CL:块[kuai4] ,条[tiao2]",石鹸,请用肥皂洗手。,石鹸で手を洗ってください。,Please wash your hands with soap.,在旅行中，带上一块肥皂可以方便清洁衣物。,旅行の際には石鹸を一つ持って行くと衣類の洗濯に便利だ。
275,废话,fèi huà,nonsense; rubbish; superfluous words; You don't say!; No kidding! (gently sarcastic),無駄話,别说废话，认真听。,無駄話はやめて、真剣に聞いて。,"Don't talk nonsense, listen carefully.",请不要说废话，直接告诉我你的想法吧。,無駄なことは言わず、直接君の考えを教えてくれ。
276,分别,fēn bié,to part or leave each other; to distinguish; difference; in different ways; differently; separately or individually,別れる,他们分别去了不同城市。,彼らはそれぞれ別の都市に行った。,They went to different cities respectively.,毕业后，他们各自选择了不同的道路，开始了新的生活。,卒業後、彼らはそれぞれ異なる道を選び、新しい生活を始めた。
277,分布,fēn bù,distributed; to distribute,分布する,人口分布不均匀。,人口の分布は均一ではない。,The population distribution is uneven.,这个物种主要分布在热带和亚热带地区，适应性强。,この種は主に熱帯と亜熱帯地域に分布し、適応性が強い。
278,分配,fēn pèi,to assign; to allocate; to distribute,分配する,老板合理分配任务。,社長は仕事を合理的に割り当てた。,The boss allocated tasks reasonably.,领导合理分配了任务，确保项目按时完成。,リーダーは合理的に任務を分配し、プロジェクトの期限内完成を確実にした。
279,分手,fēn shǒu,to part company; to split up; to break up,別れる,他们决定和平分手。,彼らは平和的に別れることに決めた。,They decided to part ways peacefully.,他们因为性格不合而最终选择了分手，各自追求新的幸福。,彼らは性格の不一致で最終的に別れを選び、それぞれ新しい幸せを追求した。
280,分析,fēn xī,to analyze; analysis; CL:个,分析する,专家分析了数据。,専門家はデータを分析した。,Experts analyzed the data.,通过对数据的仔细分析，我们找到了问题的根本原因。,データの綿密な分析を通じて、問題の根本原因を見つけ出した。
281,纷纷,fēn fēn,one after another; in succession; one by one; continuously; diverse; in profusion; numerous and confused; pell-mell,次々に,客人纷纷到来。,お客さんが次々とやってきた。,Guests arrived one after another.,春天来了，花园里各种花朵纷纷开放，景色十分迷人。,春が来て、庭のさまざまな花が次々に咲き誇り、景色はとても魅力的だ。
282,奋斗,fèn dòu,to strive; to struggle; to fight: struggle,奮闘する,他为梦想奋斗不息。,彼は夢のために絶え間なく努力している。,He strives tirelessly for his dreams.,为了实现梦想，他每天都在努力奋斗，从不轻言放弃。,夢を実現するために、彼は毎日懸命に努力し、決して諦めない。
283,疯狂,fēng kuáng,crazy; frantic; madness; extreme popularity,狂気,他的行为显得疯狂。,彼の行動は狂気じみて見えた。,His behavior appeared crazy.,他因为疯狂地追求目标，忽略了身体的健康。,彼は目標を狂ったように追いかけて、体の健康を無視してしまった。
284,风格,fēng gé,style; maneer; mode,風格,他的画风格独特。,彼の絵のスタイルは独特だ。,His painting style is unique.,这位画家的作品风格独特，深受艺术爱好者的喜爱。,この画家の作品は独特な風格を持ち、芸術愛好者に深く愛されている。
285,风景,fēng jǐng,scenery; landscape; CL:个,風景,这儿的风景很美。,ここからの景色はとても美しい。,The scenery here is very beautiful.,旅行途中，他被眼前的自然风景深深吸引，流连忘返。,旅の途中、彼は目の前の自然の風景に深く魅了され、なかなか立ち去れなかった。
286,风俗,fēng sú,social custom; CL:个,風習,了解当地风俗很重要。,現地の風俗を理解することは重要だ。,Understanding local customs is important.,不同地区有不同的风俗习惯，需要尊重当地文化。,地域ごとに異なる風俗習慣があり、現地の文化を尊重する必要がある。
287,风险,fēng xiǎn,risk; venture; hazard,リスク,投资存在一定风险。,投資には一定のリスクがある。,Investment carries certain risks.,投资有风险，理财需谨慎，以免造成不必要的损失。,投資にはリスクがあり、資産運用は慎重に行うべきで、不必要な損失を避けるべきだ。
288,讽刺,fěng cì,to satirize; to mock; irony; satire; sarcasm,皮肉,他的讲话带有讽刺。,彼の話し方には皮肉が込められていた。,His speech contained sarcasm.,他的文章通过讽刺手法，批判了社会上的不公平现象。,彼の文章は皮肉な手法で社会の不公平現象を批判している。
289,否定,fǒu dìng,to negate; negative (answer); CL:个,否定する,他否定了指控。,彼はその指摘を否定した。,He denied the accusation.,对于事实的否定，只会让问题变得更加复杂和难以解决。,事実の否定は、問題をさらに複雑で解決困難にするだけだ。
290,否认,fǒu rèn,to deny; to declare to be untrue,否認する,嫌疑人否认犯罪。,容疑者は犯罪を否認した。,The suspect denied the crime.,尽管证据确凿，他仍然否认自己的错误行为。,証拠が明白であるにもかかわらず、彼は自分の誤った行動を否認し続けた。
291,幅,fú,width; roll; classifier for textiles or pictures,幅,这幅画很有艺术感。,この絵はとても芸術的だ。,This painting is very artistic.,这幅画的幅面很大，色彩丰富，给人强烈的视觉冲击。,この絵の幅は大きく、色彩が豊かで、強い視覚的インパクトを与える。
292,扶,fú,to support with hand; to help sb up; to help,支える,他扶起倒地的老人。,彼は倒れた老人を支え起こした。,He helped the fallen old man up.,老人走路时，他总是细心地扶着，生怕他摔倒。,お年寄りが歩くとき、彼はいつも注意深く支え、転ばないように気をつけている。
293,服装,fú zhuāng,clothing; dress; costume; clothes; CL:身[shen1],服装,她喜欢时尚服装。,彼女はファッションの服が好きだ。,She likes fashionable clothes.,时装秀展示了设计师最新的服装系列，风格多样且富有创意。,ファッションショーではデザイナーの最新服装コレクションが披露され、多様で創造的なスタイルだった。
294,辅导,fǔ dǎo,to coach; to tutor; to give advice (in study),指導する,老师辅导学生写作。,先生は学生の作文を指導した。,The teacher tutored students in writing.,老师在课后为学习有困难的学生提供辅导，帮助他们进步。,先生は授業後、学習に困難がある生徒に指導を提供し、彼らの進歩を助けている。
295,复制,fù zhì,to duplicate; to make a copy of; to copy; to reproduce; to clone,複製する,请复制这份文件。,この書類をコピーしてください。,Please copy this document.,为了保护版权，未经许可不得复制这部作品的内容。,著作権を保護するため、無断でこの作品の内容を複製してはならない。
296,妇女,fù nv3,woman,婦女,妇女在社会中重要。,女性は社会で重要な存在だ。,Women are important in society.,妇女在社会发展中扮演着越来越重要的角色，贡献巨大。,女性は社会発展においてますます重要な役割を果たし、大きな貢献をしている。
297,改革,gǎi gé,to reform; reform; CL:个,改革する,政府推动经济改革。,政府は経済改革を推進している。,The government is promoting economic reform.,政府推行了一系列改革措施，旨在提升公共服务的效率。,政府は公共サービスの効率を向上させることを目的に、一連の改革措置を実施した。
298,改进,gǎi jìn,to improve; to make better; CL:个,改良する,公司改进了产品。,会社は製品を改良した。,The company improved the product.,经过不断改进，产品的质量和性能都有了显著提升。,絶え間ない改善を経て、製品の品質と性能は著しく向上した。
299,改善,gǎi shàn,to make better; to improve; CL:个,改善する,生活质量不断改善。,生活の質は絶えず改善している。,The quality of life is continuously improving.,公司采取多种措施改善员工的工作环境，增强归属感。,会社は従業員の労働環境を改善し、帰属意識を高めるために様々な措置を講じた。
300,改正,gǎi zhèng,to correct; to amend; to put right; correction; CL:个,訂正する,请改正你的错误。,あなたの間違いを訂正してください。,Please correct your mistakes.,发现错误后，他及时改正，避免了更严重的后果发生。,誤りを発見した後、彼はすぐに訂正し、より深刻な結果の発生を防いだ。
301,概括,gài kuò,to summarize; to generalize; briefly; CL:个,要約,他能概括全文。,彼は全文を要約できる。,He can summarize the entire text.,在总结这次调研的结果时，我们需要概括出主要的问题和解决方案。,今回の調査結果をまとめる際、主要な問題と解決策を要約する必要がある。
302,概念,gài niàn,concept; idea; CL:个,概念,新概念很有趣。,新しい概念はとても面白い。,The new concept is very interesting.,‘自由’这个概念在不同文化中有着不同的理解和表现形式。,「自由」という概念は異なる文化の中で様々な理解や表現形式がある。
303,盖,gài,lid; to cover; canopy; to build,覆う,雪盖满山顶。,雪が山頂を覆っている。,Snow covers the mountain top.,这座古老的房子已经被一层新的屋顶盖住了，防止雨水渗漏。,この古い家は新しい屋根で覆われていて、雨水の浸入を防いでいる。
304,干脆,gān cuì,straightforward; clear-cut; blunt (e.g. statement); you might as well; simply,はっきり,他干脆拒绝了。,彼はあっさりと断った。,He simply refused.,既然事情已经发生了，那我们干脆接受现实，积极寻找解决办法。,事がすでに起こったのだから、いっそ現実を受け入れて積極的に解決策を探そう。
305,干燥,gān zào,"to dry (of weather, paint, cement etc); desiccation; dull; uninteresting; arid",乾燥,空气非常干燥。,空気は非常に乾燥している。,The air is very dry.,冬天的空气非常干燥，容易导致皮肤干裂和不适。,冬の空気は非常に乾燥しており、肌のひび割れや不快感を引き起こしやすい。
306,感激,gǎn jī,to express thanks; grateful; moved to gratitude,感謝,我感激你的帮助。,あなたの助けに感謝します。,I appreciate your help.,我非常感激老师在我困难时期给予的无私帮助和支持。,困難な時期に先生が無私の助けと支援をくださったことにとても感謝している。
307,感受,gǎn shòu,to sense; perception; to feel (through the senses); a feeling; an impression; an experience,感覚,她感受到了温暖。,彼女は温かさを感じた。,She felt warmth.,通过这次旅行，我深刻感受到了大自然的壮丽和生命的美好。,この旅行を通じて、自然の壮大さと生命の素晴らしさを深く感じた。
308,感想,gǎn xiǎng,"impressions; reflections; thoughts; CL:通[tong4] ,个",感想,请写下你的感想。,あなたの感想を書いてください。,Please write down your thoughts.,读完这本书后，我有很多感想，尤其是对人生意义的思考。,この本を読み終えた後、多くの感想があり、とくに人生の意味について考えさせられた。
309,赶紧,gǎn jǐn,to hurry up; hurriedly,急いで,我们赶紧出发吧。,私たちは急いで出発しよう。,Let's set off quickly.,听到紧急通知后，大家都赶紧收拾东西准备撤离。,緊急通知を聞くと、みんなすぐに荷物をまとめて避難の準備をした。
310,赶快,gǎn kuài,immediately; at once;,すぐに,赶快完成任务。,急いで任務を終わらせて。,Finish the task quickly.,时间紧迫，我们只能赶快完成任务，不能耽误任何时间。,時間が迫っているため、私たちは急いで任務を終わらせなければならず、一秒も無駄にできない。
311,干活儿,gàn huó r,to work manually; manual labor,仕事する,他在干活儿呢。,彼は仕事をしているところだ。,He is working.,农民们在田里辛苦干活儿，确保庄稼能够顺利生长。,農民たちは畑で一生懸命働き、作物が順調に育つようにしている。
312,钢铁,gāng tiě,steel; strong; firm; staunch,鋼鉄,这架桥用钢铁建。,この橋は鉄鋼で建てられている。,This bridge is built with steel.,这座城市因拥有大量的钢铁工业而闻名全国。,この都市は大量の鉄鋼産業を持つことで全国に知られている。
313,高档,gāo dàng,superior quality; high grade; top grade,高級,她买了高档衣服。,彼女は高級な服を買った。,She bought high-end clothes.,这家高档餐厅的菜品不仅美味，服务也非常周到。,この高級レストランの料理は美味しいだけでなく、サービスも非常に行き届いている。
314,高级,gāo jí,high level; high grade; advanced; high-ranking,上級,他是高级工程师。,彼は上級エンジニアだ。,He is a senior engineer.,他在公司的职位很高级，负责管理整个项目的进展。,彼は会社で高い地位にあり、プロジェクト全体の進行を管理している。
315,搞,gǎo,to do; to make; to go in for; to set up; to get hold of; to take care of,やる,你搞什么计划？,君はどんな計画を立てているの？,What kind of plan are you making?,为了完成任务，我们必须认真搞好每一个细节，不能马虎。,任務を完遂するために、私たちは一つ一つの細部をしっかりやらなければならず、いい加減にしてはいけない。
316,告别,gào bié,to leave; to bid farewell to; to say good-bye to,別れ,他们告别了朋友。,彼らは友達と別れた。,They said goodbye to their friends.,在机场与朋友告别时，我感到心里十分不舍和难过。,空港で友達と別れるとき、心の中がとても名残惜しく悲しかった。
317,格外,gé wài,especially; particularly,特別に,今天格外冷。,今日は特に寒い。,Today is especially cold.,这次考试结果格外重要，关系到学生的升学和未来发展。,今回の試験結果は特に重要で、学生の進学や将来の発展に関わっている。
318,隔壁,gé bì,next door; neighbor,隣,隔壁住着老师。,隣には先生が住んでいる。,A teacher lives next door.,隔壁的新邻居非常友好，经常主动打招呼和帮助我们。,隣の新しい隣人はとても親切で、よく進んで挨拶したり助けてくれたりする。
319,个别,gè bié,individual; specific; respective; just one or two,個別,个别情况要处理。,個別の状況は対応が必要だ。,Individual cases need to be handled.,个别学生的表现不太理想，需要老师进行特别辅导。,一部の学生の成績があまり良くなく、先生の特別指導が必要だ。
320,个人,gè rén,individual; personal; oneself,個人,个人意见很重要。,個人の意見はとても重要だ。,Personal opinions are very important.,每个人都有自己的优点和缺点，应该互相尊重和理解。,それぞれの人には長所と短所があり、互いに尊重し理解すべきだ。
321,个性,gè xìng,individuality; personality,個性,她有独特个性。,彼女は独特な個性を持っている。,She has a unique personality.,他的个性开朗，善于与人沟通，深受大家喜爱。,彼は明るい性格で、人とコミュニケーションを取るのが得意で、みんなに好かれている。
322,各自,gè zì,each; respective; apiece,それぞれ,大家各自努力。,みんなそれぞれ努力している。,Everyone is making efforts individually.,在团队合作中，每个人都应该发挥各自的优势，共同完成任务。,チームワークの中で、各自がそれぞれの強みを発揮し、共に任務を完成させるべきだ。
323,根,gēn,"root; basis; classifier for long slender objects, e.g. cigarettes, guitar strings; CL:条[tiao2]; radical (chemistry)",根,树的根很深。,木の根はとても深い。,The tree's roots are very deep.,这根绳子很结实，可以用来固定重物，保证安全。,この一本のロープはとても丈夫で、重いものを固定して安全を確保できる。
324,根本,gēn běn,fundamental; basic; root; simply; absolutely (not); (not) at all; CL:个,基本,问题根本没解决。,問題は全く解決していない。,The problem has not been solved at all.,问题的根本原因在于缺乏有效的沟通和协调。,問題の根本原因は効果的なコミュニケーションと調整の欠如にある。
325,公布,gōng bù,to announce; to make public; to publish,発表,公司公布新政策。,会社は新しい方針を発表した。,The company announced a new policy.,政府已经正式公布了新的环保政策，鼓励大家积极参与。,政府は正式に新しい環境保護政策を発表し、みんなの積極的な参加を促している。
326,公开,gōng kāi,public; to publish; to make public,公開,结果已公开发布。,結果はすでに公開された。,The results have been publicly released.,公司决定公开招聘，欢迎有能力的人才加入我们的团队。,会社は公開採用を決定し、有能な人材のチーム参加を歓迎している。
327,公平,gōng píng,fair; impartial,公平,比赛很公平公正。,試合はとても公平で公正だ。,The competition is very fair and just.,在处理纠纷时，法官必须保持公公平，确保正义得到实现。,紛争を処理する際、裁判官は公平を保ち、正義が実現されるようにしなければならない。
328,公寓,gōng yù,apartment building; block of flats; CL:套[tao4],マンション,他住在公寓楼。,彼はアパートに住んでいる。,He lives in an apartment building.,他们一家人住在市中心的一栋宽敞明亮的公寓里。,彼ら家族は市の中心にある広くて明るい公寓に住んでいる。
329,公元,gōng yuán,(year) AD; Christian era,西暦,公元2024年。,西暦2024年。,The year 2024 AD.,公元前的历史事件对现代社会的发展有着深远的影响。,紀元前の歴史的な出来事は現代社会の発展に深遠な影響を与えている。
330,公主,gōng zhǔ,princess,王女,她是公主身份。,彼女は王女の身分だ。,She has the status of a princess.,童话故事中的公主通常拥有美丽的外表和善良的心灵。,童話の中のお姫様は普通、美しい外見と優しい心を持っている。
331,功能,gōng néng,function; capability,機能,手机功能很多。,携帯電話は多くの機能がある。,Mobile phones have many functions.,这款智能手机具有多种功能，满足用户日常生活的各种需求。,このスマートフォンは多様な機能を持ち、ユーザーの日常生活の様々なニーズを満たしている。
332,工厂,gōng chǎng,"factory; plant; CL:家[jia1] ,座[zuo4]",工場,工厂生产新产品。,工場は新製品を生産している。,The factory produces new products.,工厂每天生产大量产品，确保市场的供应稳定。,工場は毎日大量の製品を生産し、市場の供給を安定させている。
333,工程师,gōng chéng shī,"engineer; CL:个,位[wei4] ,名[ming2]",技師,工程师设计方案。,エンジニアが設計案を作った。,The engineer designed the plan.,作为一名工程师，他不断学习新技术以提升自己的专业水平。,エンジニアとして、彼は新技術を絶えず学び、自身の専門レベルを向上させている。
334,工具,gōng jù,tool; instrument; utensil; means (to achieve a goal etc),道具,这个工具很实用。,この道具はとても実用的だ。,This tool is very practical.,使用合适的工具可以大大提高工作效率和质量。,適切な工具を使うことで仕事の効率と質が大幅に向上する。
335,工人,gōng rén,"worker; CL:个,名[ming2]",労働者,工人们正在工作。,労働者たちは仕事をしている。,The workers are working.,工人们在工地上辛勤劳动，确保工程按时完成。,労働者たちは現場で一生懸命働き、工事を予定通りに完成させている。
336,工业,gōng yè,industry; CL:种[zhong3],工業,工业发展迅速。,工業の発展は急速だ。,Industrial development is rapid.,工业的发展促进了城市的繁荣和居民生活水平的提高。,工業の発展は都市の繁栄と住民の生活水準の向上を促進した。
337,恭喜,gōng xǐ,congratulations; greetings;,おめでとう,恭喜你成功了。,成功おめでとう。,Congratulations on your success.,恭喜你通过了考试，取得了优异的成绩，值得骄傲！,試験に合格し、優秀な成績を収めたことをおめでとう、誇りに思うべきだ！
338,贡献,gòng xiàn,to contribute; to dedicate; to devote; contribution; CL:个,貢献,他为公司贡献大。,彼は会社に大きく貢献した。,He made a great contribution to the company.,他为公司的发展做出了巨大贡献，深受领导和同事的尊敬。,彼は会社の発展に大きな貢献をし、上司や同僚から深く尊敬されている。
339,沟通,gōu tōng,communicate,コミュニケーション,沟通很重要。,コミュニケーションはとても重要だ。,Communication is very important.,有效的沟通是解决团队矛盾和提高工作效率的关键。,効果的なコミュニケーションはチームの対立を解決し、仕事の効率を高める鍵である。
340,构成,gòu chéng,to constitute; to form; to compose; to make up; to configure (computing),構成,团队由五人构成。,チームは5人で構成されている。,The team consists of five people.,这座建筑由多种材料构成，既美观又坚固耐用。,この建物は様々な材料で構成されており、美しくて頑丈で耐久性がある。
341,姑姑,gū gu,paternal aunt; CL:个,叔母,姑姑来家里了。,おばさんが家に来た。,My aunt came to the house.,姑姑每年都会带我们去乡下度假，留下了很多美好回忆。,叔母は毎年私たちを田舎に休暇に連れて行ってくれて、たくさんの素敵な思い出を残した。
342,姑娘,gū niang,young woman; young lady; girl; daughter; CL:个,娘,姑娘很漂亮。,女の子はとてもきれいだ。,The girl is very pretty.,那个姑娘性格开朗，喜欢参加各种文艺活动。,あの娘は明るい性格で、様々な文芸活動に参加するのが好きだ。
343,古代,gǔ dài,ancient times; olden times,古代,古代文化丰富。,古代の文化は豊かだ。,Ancient culture is rich.,古代文明的遗迹为我们研究历史提供了宝贵的资料。,古代文明の遺跡は私たちが歴史を研究するための貴重な資料を提供している。
344,古典,gǔ diǎn,classical,古典,他喜欢古典音乐。,彼はクラシック音楽が好きだ。,He likes classical music.,他对古典音乐有很深的理解，经常参加相关的演出和讲座。,彼は古典音楽に深い理解があり、よく関連する演奏会や講座に参加している。
345,股票,gǔ piào,share; stock (market),株式,股票市场波动大。,株式市場は大きく変動している。,The stock market is highly volatile.,股票市场波动较大，投资者需要谨慎分析和决策。,株式市場は変動が大きいため、投資者は慎重に分析し判断する必要がある。
346,骨头,gǔ tou,"bone; strong character; CL:根[gen1] ,块[kuai4]",骨,他摔断了骨头。,彼は骨を折った。,He broke a bone.,这道菜的骨头很硬，吃的时候要特别小心避免噎着。,この料理の骨はとても硬いので、食べるときに詰まらせないように特に注意しなければならない。
347,鼓舞,gǔ wǔ,heartening (news); boost (morale); CL:个,鼓舞,演讲鼓舞了大家。,演説はみんなを鼓舞した。,The speech inspired everyone.,他的成功故事鼓舞了许多年轻人追求自己的梦想。,彼の成功物語は多くの若者を鼓舞し、自分の夢を追い求めるようにした。
348,鼓掌,gǔ zhǎng,to applaud; to clap,拍手,观众鼓掌欢呼。,観客は拍手と歓声を送った。,The audience applauded and cheered.,观众们纷纷鼓掌，表达对演员精彩表演的赞赏。,観客たちは次々と拍手を送り、俳優の素晴らしい演技を称賛した。
349,固定,gù dìng,fixed; set; regular,固定,时间安排已固定。,時間の予定はすでに決まっている。,The schedule has been fixed.,公司的工作时间是固定的，员工们必须准时上下班。,会社の勤務時間は固定されており、社員は時間通りに出退勤しなければならない。
350,挂号,guà hào,to register (at a hospital); to send by registered mail,登録,医院挂号很方便。,病院の受付はとても便利だ。,Hospital registration is very convenient.,去医院看病前，最好先挂号，避免长时间等待。,病院に行く前に、まず受付をしておくのがよく、長時間待つのを避けられる。
351,乖,guāi,well-behaved; (of a child) obedient; clever; shrewd; alert; perverse; contrary to reason; irregular; abnormal,素直,孩子很乖，听话。,子供はとてもおとなしく、言うことをよく聞きます。,The child is very well-behaved and obedient.,这个孩子非常乖巧，总是听老师的话，表现得很好。,この子供はとても素直で、いつも先生の言うことを聞き、よくできています。
352,拐弯,guǎi wān,to go round a curve; to turn a corner; fig. a new direction,曲がる,前面左拐弯。,前方を左に曲がってください。,Turn left ahead.,遇到路口时，司机熟练地拐弯，避免了交通拥堵。,交差点に差し掛かると、運転手は巧みに曲がり、交通渋滞を避けました。
353,怪不得,guài bu de,lit. you can't blame it!; no wonder!; so that's why!,なるほど,怪不得他迟到。,彼が遅刻したのも無理はない。,No wonder he was late.,怪不得他这么努力，原来是为了实现自己的梦想。,彼がこんなに努力するのも無理はない、もともと自分の夢を実現するためだった。
354,关闭,guān bì,to close; to shut,閉じる,请关闭手机。,携帯電話の電源をお切りください。,Please turn off your mobile phone.,为了节约能源，公司决定晚上十点后关闭所有办公室的灯光。,省エネルギーのため、会社は夜の10時以降、すべてのオフィスの照明を消すことに決めた。
355,官,guān,official; government; organ of body; CL:个,役人,他是政府官员。,彼は政府の役人です。,He is a government official.,他从小立志要成为一名政府官员，为人民服务。,彼は幼い頃から政府の役人になり、人々に奉仕することを志している。
356,观察,guān chá,to observe; to watch; to survey; to examine; observation; view; perspective; CL:个,観察する,仔细观察细节。,細部を注意深く観察してください。,Observe the details carefully.,科学家通过仔细观察现象，得出了新的结论。,科学者は現象を注意深く観察し、新しい結論を導き出した。
357,观点,guān diǎn,point of view; viewpoint; standpoint; CL:个,見解,我有不同观点。,私は異なる見解を持っています。,I have a different point of view.,在讨论会上，每个人都发表了自己独特的观点。,討論会で、みんなそれぞれ独自の意見を述べました。
358,观念,guān niàn,thought; notion; concept; sense; views; ideology; general impressions,観念,传统观念难改。,伝統的な考え方は変えにくい。,Traditional concepts are hard to change.,随着时代的发展，人们的观念也在不断地更新和变化。,時代の変化に伴い、人々の考え方も絶えず更新され変化している。
359,管子,guǎn zǐ,tube; pipe; drinking straw; CL:根[gen1],管,水管漏水了。,水道管が漏れています。,The water pipe is leaking.,水管子破裂后，工人们迅速进行了修理，恢复了供水。,水道管が破裂した後、作業員たちは迅速に修理を行い、水の供給を回復した。
360,冠军,guàn jūn,champion; CL:个,チャンピオン,他获得冠军称号。,彼はチャンピオンの称号を獲得しました。,He won the championship title.,经过激烈的比赛，他终于获得了全国冠军的称号。,激しい試合を経て、彼はついに全国チャンピオンの称号を獲得した。
361,光滑,guāng hua,glossy; sleek; smooth,滑らか,皮肤很光滑。,肌がとても滑らかです。,The skin is very smooth.,这块石头表面非常光滑，摸起来非常舒服。,この石の表面は非常に滑らかで、触るととても気持ちがいい。
362,光临,guāng lín,(honorific) Welcome!; You honor us with your presence.; It is an honor to have you.,ご来店,欢迎光临本店。,当店へようこそ。,Welcome to our store.,欢迎各位光临本店，我们将为您提供最优质的服务。,皆様のご来店を心より歓迎いたします。最高のサービスをご提供いたします。
363,光明,guāng míng,illumination; light; radiance (esp. glory of Buddha etc); fig. bright prospect; openhearted,光明,未来充满光明。,未来は明るく満ちています。,The future is full of brightness.,未来充满了光明，我们要坚定信心，努力奋斗。,未来は明るく、私たちは自信を持って努力し続けなければならない。
364,光盘,guāng pán,"compact disc; CD or DVD; CD ROM; CL:片[pian4] ,张[zhang1]",光ディスク,请插入光盘。,ディスクを挿入してください。,Please insert the disc.,请大家用光盘存储资料，避免浪费纸张和资源。,皆さん、資料はCDに保存してください。紙や資源の無駄遣いを避けるためです。
365,广场,guǎng chǎng,a public square (e.g. Tiananmen Square); plaza; CL:个,広場,广场上人很多。,広場には人がたくさんいます。,There are many people in the square.,节日的时候，广场上聚集了成千上万的市民参加庆祝活动。,祭日の時、広場には何千もの市民が集まり、祝賀イベントに参加しました。
366,广大,guǎng dà,(of an area) vast or extensive; large-scale; widespread; (of people) numerous,広大,土地广大无边。,土地は広大で果てしない。,The land is vast and boundless.,这个品牌在广大消费者中拥有很高的认可度和美誉度。,このブランドは多くの消費者の中で非常に高い認知度と評判を持っている。
367,广泛,guǎng fàn,extensive; wide range,広範,知识广泛丰富。,知識は広範で豊富です。,Knowledge is extensive and rich.,这项调查显示了问题在社会中的广泛存在和影响。,この調査は社会における問題の広範な存在と影響を示している。
368,归纳,guī nà,to sum up; to summarize; to conclude from facts; induction (method of deduction in logic),総括,请归纳重点内容。,重要な内容をまとめてください。,Please summarize the key points.,老师让我们归纳文章的主要观点，写出总结报告。,先生は私たちに記事の主要な意見をまとめ、要約レポートを書くように言った。
369,规矩,guī ju,established practice; rule; customs; practices; fig. upright and honest; well-behaved; lit. compass and set square,ルール,遵守规矩很重要。,ルールを守ることはとても重要です。,It is very important to follow the rules.,他是个规矩的人，做事总是按照公司的规定办事。,彼は規則正しい人で、物事はいつも会社の規定に従って行っている。
370,规律,guī lv4,rule (e.g. of science); law of behavior; regular pattern; rhythm; discipline,規律,生活有规律。,生活には規則正しさがあります。,Life has regularity.,自然界的一切现象都有其内在的规律和联系。,自然界のすべての現象には、その内在する規則と関連性がある。
371,规模,guī mó,scale; scope; extent; CL:个,規模,公司规模扩大。,会社の規模が拡大しています。,The company is expanding in scale.,这家公司计划扩大规模，进入更多的国际市场。,この会社は規模を拡大し、より多くの国際市場に参入する計画だ。
372,规则,guī zé,regulation; rule; rules and regulations,規則,比赛规则很严格。,試合のルールはとても厳しいです。,The competition rules are very strict.,比赛规则非常严格，任何违规行为都会被取消资格。,試合のルールは非常に厳しく、違反行為があれば資格が取り消される。
373,柜台,guì tái,sales counter; front desk; bar,カウンター,柜台前排队买票。,カウンターの前でチケットを買うために並んでいます。,People are lining up in front of the counter to buy tickets.,顾客在柜台前排队，等待结账和咨询服务。,お客さんはカウンターの前に並び、会計や問い合わせのサービスを待っている。
374,滚,gǔn,to roll; to get away; to boil; get lost (imperative); take a hike,転がる,球从山上滚下。,ボールが山から転がり落ちました。,The ball rolled down the mountain.,他生气地说了一句‘滚’，然后转身离开了房间。,彼は怒って「消えろ」と言い、それから部屋を出て行った。
375,锅,guō,"pan; pot; boiler; CL:口[kou3] ,只[zhi1]",鍋,锅里煮着汤。,鍋の中でスープが煮えています。,Soup is boiling in the pot.,妈妈在厨房里用大锅煮了一锅美味的汤。,母は台所で大きな鍋を使って美味しいスープを煮ていた。
376,国庆节,guó qìng jié,PRC National Day (October 1st),国慶節,国庆节放假七天。,国慶節は7日間の休みです。,The National Day holiday lasts for seven days.,国庆节期间，许多城市都会举办盛大的庆祝活动。,国慶節の期間中、多くの都市で盛大な祝賀イベントが開催される。
377,国王,guó wáng,king; CL:個|个[ge4];,国王,国王主持会议。,国王が会議を主宰しました。,The king presided over the meeting.,古代国王不仅是国家的统治者，还是文化的保护者。,古代の国王は国家の統治者であるだけでなく、文化の保護者でもあった。
378,果然,guǒ rán,sure enough; as expected; really,やはり,果然他来了。,やはり彼が来ました。,"Sure enough, he came.",他果然如预料那样，成功完成了这项艰巨的任务。,彼は予想通り、この困難な任務を見事にやり遂げた。
379,果实,guǒ shí,fruit (from work); results; gains,果実,秋天收获果实。,秋に果実を収穫します。,Fruits are harvested in autumn.,经过一年的努力，终于收获了丰硕的果实。,一年間の努力を経て、ついに豊かな成果を収穫した。
380,过分,guò fèn,excessive; undue; overly,過度,不要过分担心。,あまり心配しないでください。,Don't worry too much.,他的要求过分了，大家都觉得难以接受。,彼の要求は度を越していて、みんな受け入れ難いと感じた。
381,过敏,guò mǐn,to be allergic; allergy,アレルギー,他对花粉过敏。,彼は花粉にアレルギーがあります。,He is allergic to pollen.,她对花粉过敏，春天时总是打喷嚏和流鼻涕。,彼女は花粉アレルギーがあり、春になるといつもくしゃみと鼻水が出る。
382,过期,guò qī,to be overdue; to exceed the time limit; to expire (as in expiration date),期限切れ,牛奶已经过期。,牛乳はすでに期限切れです。,The milk has already expired.,请注意，这些食品已经过期，不能再食用。,ご注意ください、これらの食品は期限切れで、もう食べられません。
383,哈,hā,laughter; yawn; abbr. for Kazakhstan,笑い声,大家哈哈大笑。,みんなが大笑いしました。,Everyone laughed heartily.,听到好笑的故事，大家都哈哈大笑，气氛非常轻松。,面白い話を聞いて、みんなはハハと大笑いし、雰囲気はとても和やかだった。
384,海关,hǎi guān,customs (i.e. border crossing inspection); CL:个,税関,海关检查行李。,税関が荷物を検査しています。,Customs are inspecting the luggage.,出国时，需要在海关办理相关手续，接受检查。,出国時には、税関で関連手続きを行い、検査を受ける必要がある。
385,海鲜,hǎi xiān,seafood,海鮮,我喜欢吃海鲜。,私は海鮮を食べるのが好きです。,I like to eat seafood.,这家餐厅的海鲜非常新鲜，吸引了很多食客前来品尝。,このレストランの海鮮は非常に新鮮で、多くの食客を引き付けている。
386,喊,hǎn,to yell; to call; to cry; to shout,叫ぶ,他大声喊救命。,彼は大声で助けを叫びました。,He shouted for help loudly.,他在操场上大声喊叫，想让朋友们注意到他。,彼は運動場で大声で叫び、友達に気づいてもらおうとした。
387,行业,háng yè,industry; business,業界,这个行业竞争激烈。,この業界は競争が激しいです。,This industry is highly competitive.,随着科技的发展，许多传统行业正在经历深刻的变革。,科学技術の発展に伴い、多くの伝統的な業界が深刻な変革を経験している。
388,豪华,háo huá,luxurious,豪華,酒店装修很豪华。,ホテルの内装はとても豪華です。,The hotel decoration is very luxurious.,这家酒店的装修非常豪华，吸引了众多高端客户。,このホテルの内装は非常に豪華で、多くのハイエンドな顧客を惹きつけている。
389,好客,hào kè,hospitality; to treat guests well; to enjoy having guests; hospitable; friendly,親切,他们很好客。,彼らはとてももてなします。,They are very hospitable.,他是个好客的人，经常邀请朋友到家里做客。,彼はもてなし好きな人で、よく友人を家に招待している。
390,好奇,hào qí,inquisitive; curious,好奇心,孩子很爱好奇。,子供はとても好奇心旺盛です。,The child is very curious.,小孩子对新事物总是充满好奇，喜欢不断探索。,子供は新しいものにいつも好奇心を持ち、絶えず探求するのが好きだ。
391,何必,hé bì,there is no need; why should,なぜ,何必那么着急？,そんなに急ぐ必要がありますか？,Is there any need to be so anxious?,我们既然决定了，何必再犹豫不决呢？,私たちは決めたのだから、なぜまだぐずぐず迷う必要があるのか？
392,何况,hé kuàng,much less; let alone,ましてや,他不来，何况别人？,彼が来ないのに、ましてや他の人が来るはずがない。,"If he doesn't come, let alone others.",他已经很努力了，何况还有家人支持他呢。,彼はすでに一生懸命やっているのに、ましてや家族も彼を支えている。
393,合法,hé fǎ,lawful; legitimate; legal,合法,这是合法行为。,これは合法的な行為です。,This is a legal act.,这份合同是合法的，双方都应严格遵守条款。,この契約は合法であり、双方は条項を厳守すべきである。
394,合理,hé lǐ,rational; reasonable; fair,合理,方案很合理。,プランはとても合理的です。,The plan is very reasonable.,公司的管理制度非常合理，提高了工作效率。,会社の管理制度は非常に合理的で、仕事の効率を高めた。
395,合同,hé tong,(business) contract; CL:个,契約書,请签合同。,契約書に署名してください。,Please sign the contract.,双方签订了合同，明确了各自的权利和义务。,双方は契約書に署名し、それぞれの権利と義務を明確にした。
396,合影,hé yǐng,joint photo; group photo,記念写真,我们一起合影吧。,一緒に写真を撮りましょう。,Let's take a group photo together.,我们在景区门口合影留念，记录这次难忘的旅行。,私たちは観光地の入口で記念写真を撮り、この忘れられない旅行を記録した。
397,合作,hé zuò,to cooperate; to collaborate; to work together; cooperation; CL:个,協力,双方合作愉快。,双方の協力は楽しいです。,The cooperation between both parties is pleasant.,这两个公司决定合作，共同开发新的市场机会。,この二つの会社は協力して、新しい市場機会を共同で開発することに決めた。
398,和平,hé píng,peace,平和,世界需要和平。,世界は平和を必要としています。,The world needs peace.,和平是人类共同追求的目标，必须共同维护。,平和は人類が共に追い求める目標であり、共に守らなければならない。
399,核心,hé xīn,core; nucleus,核心,核心问题需要解决。,核心的な問題を解決する必要があります。,The core issue needs to be resolved.,创新是企业发展的核心竞争力，必须不断加强。,イノベーションは企業発展の核心的競争力であり、絶えず強化しなければならない。
400,恨,hèn,to hate; to regret,恨む,他恨自己失败。,彼は自分の失敗を憎んでいます。,He hates his own failure.,他对那个背叛他的朋友心中充满了恨意，难以释怀。,彼は自分を裏切った友人に対し、心の中に憎しみを抱いていて、なかなか許せない。
401,猴子,hóu zi,monkey; CL:只[zhi1],サル,猴子在树上跳。,猿が木の上で跳んでいる。,The monkey is jumping on the tree.,猴子在树林里灵活地跳跃，展现出惊人的平衡能力和智慧。,猿は森の中で器用に跳び回り、驚くべきバランス能力と知恵を見せている。
402,后背,hòu bèi,the back (human anatomy); the back part of sth;,背中,他后背很疼痛。,彼は背中がとても痛い。,He has a lot of pain in his back.,他背上背着沉重的书包，后背感到非常疲惫。,彼は背中に重いリュックを背負っていて、背中が非常に疲れている。
403,后果,hòu guǒ,consequences; aftermath,結果,不努力有坏的后果。,努力しなければ悪い結果になる。,Not working hard has bad consequences.,如果不认真对待环保问题，最终的后果将会非常严重。,環境問題を真剣に取り組まなければ、最終的な結果は非常に深刻になるだろう。
404,呼吸,hū xī,to breathe,呼吸,请深呼吸放松。,深呼吸してリラックスしてください。,Please take a deep breath and relax.,在高山上呼吸新鲜空气，让人感到身心都得到放松。,高山で新鮮な空気を吸うと、心身ともにリラックスできる。
405,忽然,hū rán,suddenly; all of a sudden,突然,他忽然离开了房间。,彼は突然部屋を出た。,He suddenly left the room.,他忽然意识到自己的错误，赶紧向大家道歉。,彼は突然自分の間違いに気づいて、急いで皆に謝った。
406,忽视,hū shì,to neglect; to ignore,無視する,不能忽视环境保护。,環境保護を無視してはいけない。,Environmental protection cannot be ignored.,我们不能忽视科技发展对社会带来的深远影响。,私たちは科学技術の発展が社会にもたらす深遠な影響を無視してはいけない。
407,壶,hú,pot; classifier for bottled liquid,やかん,壶里的水已经开。,やかんの中の水はもう沸騰している。,The water in the kettle has already boiled.,妈妈买了一个漂亮的瓷壶，用来泡茶招待客人。,母はきれいな陶器の急須を買い、お茶を入れて客をもてなした。
408,糊涂,hú tu,muddled; silly; confused,混乱,他糊涂地忘了时间。,彼はぼんやりして時間を忘れた。,He absentmindedly forgot the time.,他因为糊涂忘记了重要的会议时间，感到很懊恼。,彼はうっかりして重要な会議の時間を忘れてしまい、とても悔やんでいる。
409,胡说,hú shuō,to talk nonsense; drivel,でたらめ,别胡说八道！,でたらめを言わないで！,Don't talk nonsense!,别听他的胡说八道，他根本不了解情况。,彼のでたらめな話は聞かないで、彼は全く状況を理解していない。
410,胡同,hú tòng,lane; alley; CL:条[tiao2],路地,胡同里有很多老人。,路地にはたくさんの老人がいる。,There are many elderly people in the alley.,北京的胡同保存了很多传统文化，是游客喜欢参观的地方。,北京の胡同は多くの伝統文化を保存しており、観光客がよく訪れる場所だ。
411,蝴蝶,hú dié,butterfly; CL:只[zhi1],蝶,蝴蝶飞舞在花丛中。,蝶が花の中で舞っている。,Butterflies are flying among the flowers.,春天来了，花园里蝴蝶翩翩起舞，景色十分美丽。,春が来て、庭園で蝶がひらひら舞い、とても美しい景色だ。
412,花生,huā shēng,peanut; groundnut; CL:粒[li4],ピーナッツ,花生是健康零食。,ピーナッツは健康的なおやつだ。,Peanuts are a healthy snack.,他喜欢吃花生，但对某些花生制品会过敏。,彼はピーナッツが好きだが、あるピーナッツ製品にはアレルギーがある。
413,华裔,huá yì,ethnic Chinese; non-Chinese citizen of Chinese ancestry,華人,他是华裔美国人。,彼は華僑のアメリカ人だ。,He is a Chinese American.,这位华裔科学家在国际上享有很高的声誉。,この華裔科学者は国際的に非常に高い評価を受けている。
414,滑,huá,to slip; to slide; smooth; slippery; cunning;,滑る,地面很滑要小心。,地面がとても滑りやすいので気をつけて。,"The ground is very slippery, be careful.",下雨后路面非常滑，走路时要特别小心。,雨の後、路面が非常に滑りやすく、歩くときは特に注意が必要だ。
415,划,huà,to row; to paddle; profitable; worth (the effort); it pays (to do sth);,划く,他们划船比赛赢了。,彼らはボートレースで勝った。,They won the rowing competition.,他用刀划开了水果，准备和大家一起分享。,彼はナイフで果物を切り開き、みんなと一緒に分け合う準備をした。
416,化学,huà xué,chemistry; chemical,化学,化学实验非常重要。,化学実験は非常に重要だ。,Chemical experiments are very important.,大学里的化学实验室配备了先进的仪器设备。,大学の化学実験室には先進的な機器が備えられている。
417,话题,huà tí,subject (of a talk or conversation); topic,話題,这个话题引起争论。,この話題は議論を引き起こした。,This topic caused a debate.,老师提出了一个有趣的话题，引发了同学们的热烈讨论。,先生は面白い話題を出して、生徒たちの熱い議論を引き起こした。
418,怀念,huái niàn,to cherish the memory of; to think of; reminisce,懐かしむ,我怀念童年的时光。,私は子供時代の時間を懐かしんでいる。,I miss the days of my childhood.,每当看到旧照片，他就怀念起童年的美好时光。,古い写真を見るたびに、彼は子供時代の楽しい時間を懐かしく思う。
419,怀孕,huái yùn,pregnant; to have conceived; gestation; pregnancy,妊娠,她怀孕六个月了。,彼女は妊娠して6ヶ月になる。,She is six months pregnant.,她怀孕了，全家人都非常高兴和期待宝宝的到来。,彼女は妊娠しており、家族全員がとても喜び、赤ちゃんの到来を楽しみにしている。
420,缓解,huǎn jiě,to ease; to help relieve (a crisis),緩和する,药物能缓解疼痛。,薬は痛みを和らげることができる。,The medicine can relieve pain.,适当的运动可以有效缓解工作压力，提高生活质量。,適度な運動は仕事のストレスを効果的に緩和し、生活の質を向上させることができる。
421,幻想,huàn xiǎng,delusion; fantasy,幻想,不要沉迷于幻想中。,幻想に夢中になってはいけない。,Don't be addicted to fantasies.,不要沉迷于不切实际的幻想，脚踏实地才能成功。,非現実的な幻想に浸らず、地に足をつけることが成功の鍵だ。
422,慌张,huāng zhāng,confused; flustered,慌てる,他慌张地找钥匙。,彼は慌てて鍵を探した。,He frantically looked for the keys.,考试时间快到了，他显得有些慌张，不知道该怎么办。,試験時間が近づき、彼は少し慌ててどうしたらいいかわからない様子だった。
423,黄金,huáng jīn,gold,黄金,黄金价格不断上涨。,金の価格は絶えず上昇している。,The price of gold keeps rising.,黄金不仅是一种贵重的金属，也是一种重要的投资品。,金は貴重な金属であるだけでなく、重要な投資商品でもある。
424,恢复,huī fù,to reinstate; to resume; to restore; to recover; to regain; to rehabilitate,回復する,他身体恢复得很好。,彼の体はよく回復している。,His body is recovering well.,经过几个月的治疗，他的健康状况终于得到了恢复。,数か月の治療を経て、彼の健康状態はようやく回復した。
425,挥,huī,to wave; to brandish; to wipe away; to command; to conduct; to scatter; to disperse,振る,她挥手向我告别。,彼女は手を振って私に別れを告げた。,She waved her hand to say goodbye to me.,指挥家挥动着指挥棒，引导乐团演奏出动听的音乐。,指揮者は指揮棒を振り動かし、オーケストラを導いて美しい音楽を奏でた。
426,灰,huī,ash; dust; lime; gray; discouraged; dejected,灰,壁上满是灰尘。,壁にはほこりがいっぱいだ。,The wall is full of dust.,房间里弥漫着灰尘，需要及时打扫保持清洁。,部屋にはほこりが漂っているので、すぐに掃除して清潔を保つ必要がある。
427,灰尘,huī chén,dust,ほこり,灰尘影响空气质量。,ほこりは空気の質に影響を与える。,Dust affects air quality.,经过风吹日晒，窗户上的灰尘变得越来越厚。,風や日差しにさらされて、窓のほこりがどんどん厚くなった。
428,灰心,huī xīn,lose heart; be discouraged,落胆する,失败后他很灰心。,失敗の後、彼はとても落胆した。,He was very discouraged after the failure.,遭遇挫折时不要灰心，坚持努力才能取得成功。,挫折に遭ったときに落胆せず、努力を続けることで成功を収められる。
429,汇率,huì lv4,exchange rate,為替レート,汇率每天都会变化。,為替レートは毎日変動する。,Exchange rates change every day.,汇率的变化对国际贸易具有重要影响，企业需密切关注。,為替レートの変動は国際貿易に重要な影響を与えるため、企業は注意深く監視する必要がある。
430,婚礼,hūn lǐ,wedding ceremony; wedding,結婚式,婚礼将在六月举行。,結婚式は6月に行われる予定だ。,The wedding will be held in June.,他们筹备了一个浪漫的婚礼，邀请了亲朋好友共同庆祝。,彼らはロマンチックな結婚式を準備し、親戚や友人を招いて一緒に祝った。
431,婚姻,hūn yīn,matrimony; wedding; marriage; CL:次[ci4],結婚,他们的婚姻很幸福。,彼らの結婚はとても幸せだ。,Their marriage is very happy.,稳定的婚姻关系需要双方的理解和包容才能长久。,安定した結婚関係は双方の理解と包容があってこそ長続きする。
432,活跃,huó yuè,active; vigorous,活発な,他在班级中很活跃。,彼はクラスでとても活発だ。,He is very active in the class.,这个社区的居民非常活跃，经常组织各种文体活动。,この地域の住民はとても活発で、よくさまざまな文化やスポーツの活動を企画している。
433,伙伴,huǒ bàn,partner; companion; comrade,仲間,伙伴们一起完成任务。,仲間たちと一緒に任務を完了した。,The partners completed the task together.,他们是多年的好伙伴，在工作上互相支持和帮助。,彼らは長年の良きパートナーであり、仕事上でお互いに支え合い助け合っている。
434,火柴,huǒ chái,"match (for lighting fire); CL:根[gen1] ,盒[he2]",マッチ,请给我一根火柴。,マッチを一本ください。,Please give me a match.,火柴盒里只剩下几根火柴，要注意节约使用。,マッチ箱には数本のマッチしか残っておらず、節約して使う必要がある。
435,或许,huò xǔ,perhaps; maybe,多分,他或许会迟到。,彼はたぶん遅れるかもしれない。,He might be late.,或许明天会下雨，出门时最好带上雨伞以防万一。,おそらく明日は雨が降るかもしれないので、外出の際は念のため傘を持って行ったほうがいい。
436,基本,jī běn,basic; fundamental; main; elementary,基本的な,基本知识必须掌握。,基本的な知識は必ず身につけなければならない。,Basic knowledge must be mastered.,掌握基本的语法知识，对提高语言能力非常重要。,基本的な文法知識を身につけることは、言語能力を向上させるために非常に重要だ。
437,机器,jī qì,"machine; CL:台[tai2] ,部[bu4] ,个",機械,机器需要定期维护。,機械は定期的なメンテナンスが必要だ。,The machine needs regular maintenance.,现代工厂使用先进的机器设备，提高生产效率和质量。,現代の工場は先進的な機械設備を使用し、生産効率と品質を向上させている。
438,激烈,jī liè,intense; acute; fierce,激しい,比赛过程非常激烈。,試合の過程は非常に激しかった。,The competition process was very intense.,两队的比赛非常激烈，观众们都屏息以待最终结果。,両チームの試合は非常に激しく、観客は最終結果を息を呑んで見守った。
439,肌肉,jī ròu,muscle; flesh,筋肉,运动能增强肌肉。,運動は筋肉を強化できる。,Exercise can strengthen muscles.,他通过锻炼肌肉，不仅增强了体力，还改善了体型。,彼は筋肉を鍛えることで、体力を強化しただけでなく、体型も改善した。
440,及格,jí gé,to pass a test,合格する,他考试终于及格了。,彼は試験にやっと合格した。,He finally passed the exam.,虽然考试难度很大，但他最终还是及格了，令人欣慰。,試験は難しかったが、彼は最終的に合格し、安心させた。
441,急忙,jí máng,hastily,急いで,我急忙赶去机场。,私は急いで空港に向かった。,I hurried to the airport.,听到紧急通知后，他急忙赶往医院支援抢救工作。,緊急通知を聞いて、彼は急いで病院に駆けつけ救急作業を支援した。
442,急诊,jí zhěn,emergency call; emergency (medical) treatment;,救急,病人被送往急诊。,患者は救急に運ばれた。,The patient was sent to the emergency room.,急诊室里医护人员正全力抢救一名严重受伤的患者。,救急室では医療スタッフが重傷患者の救命に全力を尽くしている。
443,极其,jí qí,extremely,極めて,她的表现极其出色。,彼女のパフォーマンスは非常に優れていた。,Her performance was extremely outstanding.,他对这次比赛的胜利感到极其兴奋和自豪。,彼は今回の試合の勝利に非常に興奮し誇りを感じている。
444,集合,jí hé,a congregation; to gather; a set,集合する,学生们在操场集合。,学生たちは運動場に集合した。,The students gathered on the playground.,全体成员在指定地点集合，准备开始野外拓展活动。,全メンバーが指定の場所に集合し、野外のチームビルディング活動を始める準備をした。
445,集体,jí tǐ,collective; social; team; CL:个,集団,集体活动增强友谊。,集団活動は友情を強める。,Group activities strengthen friendship.,集体的力量远远超过个人，合作才能取得更大成功。,集団の力は個人をはるかに超え、協力することでより大きな成功を収められる。
446,集中,jí zhōng,to concentrate; to centralize; to focus; centralized; concentrated; to put together,集中する,请集中注意力听讲。,注意を集中して話を聞いてください。,Please concentrate and listen carefully.,考试期间要集中注意力，避免被外界干扰影响发挥。,試験期間中は注意力を集中させ、外部の干渉によって実力を発揮できなくなるのを避けるべきだ。
447,寂寞,jì mò,lonely; lonesome,寂しい,他感到非常寂寞。,彼はとても寂しさを感じている。,He feels very lonely.,独自生活的他常常感到寂寞，但也享受自由的时光。,一人暮らしの彼はよく寂しさを感じるが、同時に自由な時間を楽しんでいる。
448,系领带,jì lǐng dài,tie one's necktie,ネクタイを締める,他认真地系领带。,彼は真剣にネクタイを締めている。,He is tying his tie seriously.,在重要的商务会议前，他认真地系领带，准备展示专业形象。,重要なビジネス会議の前に、彼は真剣にネクタイを締めて、プロフェッショナルな印象を見せる準備をした。
449,纪录,jì lù,"record (sports, written account); note",記録,比赛打破了纪录。,試合は記録を破った。,The competition broke the record.,这部纪录片详细记录了极地探险队的艰辛历程和感人故事。,このドキュメンタリーは極地探検隊の苦難の旅と感動的な物語を詳細に記録している。
450,纪律,jì lv4,discipline,規律,学校纪律很严格。,学校の規律はとても厳しい。,The school discipline is very strict.,公司对员工的纪律要求非常严格，确保工作效率和质量。,会社は従業員の規律を非常に厳しく求めており、仕事の効率と品質を確保している。
451,纪念,jì niàn,to commemorate; to remember; CL:个,記念,我们举办了纪念活动。,私たちは記念行事を開催しました。,We held a commemorative event.,这座纪念碑是为了纪念那些为国家牺牲的英雄而建立的。,この記念碑は国のために犠牲になった英雄たちを記念するために建てられたものです。
452,计算,jì suàn,to count; to calculate; to compute; CL:个,計算,他能准确计算预算。,彼は予算を正確に計算できます。,He can accurately calculate the budget.,工程师们正在使用最新的软件进行复杂的计算和分析。,技術者たちは最新のソフトを使って複雑な計算と分析を行っている。
453,记录,jì lù,to take notes; keep the minutes; record; CL:个,記録,请认真记录会议内容。,会議の内容をしっかり記録してください。,Please carefully record the meeting content.,我们应该详细记录每一次实验的过程和结果以便复查。,私たちは毎回の実験の過程と結果を詳細に記録して再検討できるようにすべきだ。
454,记忆,jì yì,memories; remember; memory; CL:个,記憶,我的记忆力越来越好。,私の記憶力はますます良くなっています。,My memory is getting better and better.,他的记忆力非常好，能够准确地回忆起多年前的事情。,彼の記憶力は非常に良く、何年も前のことを正確に思い出すことができる。
455,嘉宾,jiā bīn,esteemed guest; honored guest,嘉賓,嘉宾们纷纷发表演讲。,ゲストたちは次々とスピーチをしました。,The guests gave speeches one after another.,晚会邀请了多位知名嘉宾共同庆祝公司的周年庆典。,パーティーには複数の有名なゲストが招かれ、会社の周年記念を共に祝った。
456,夹子,jiā zi,clip; clamp; tongs; folder; wallet,クリップ,请用夹子固定文件。,クリップで書類を固定してください。,Please use a clip to secure the documents.,请用这个夹子把文件固定好，避免丢失重要资料。,このクリップで書類をしっかりとまとめて、大事な資料をなくさないようにしてください。
457,家庭,jiā tíng,"family; household; CL:户[hu4] ,个",家庭,她热爱自己的家庭。,彼女は自分の家族を愛しています。,She loves her family.,家庭成员之间应该相互理解和支持，共同面对生活中的困难。,家族の間ではお互いに理解し支え合い、共に生活の困難に立ち向かうべきだ。
458,家务,jiā wù,household duties; housework,家事,他负责做家务活。,彼は家事を担当しています。,He is responsible for doing housework.,她每天都要花很多时间做家务，照顾孩子和打理家里。,彼女は毎日たくさんの時間を家事に費やし、子供の世話や家の管理をしている。
459,家乡,jiā xiāng,hometown; native place; CL:个,故郷,家乡的风景很美丽。,故郷の風景はとても美しいです。,The scenery of my hometown is very beautiful.,无论走到哪里，我的家乡永远是我心中最温暖的地方。,どこへ行っても、故郷はいつも私の心の中で最も温かい場所だ。
460,假如,jiǎ rú,supposing; if,もし〜なら,假如明天下雨，我不去。,もし明日雨が降ったら、私は行きません。,"If it rains tomorrow, I won't go.",假如明天下雨，我们的计划可能需要临时做出调整。,もし明日雨が降ったら、私たちの計画は臨時に変更する必要があるかもしれない。
461,假设,jiǎ shè,hypothesis; conjecture; suppose that,仮定,假设你有一百万怎么办？,もしあなたが100万円持っていたらどうしますか？,What would you do if you had one million yuan?,假设你有充足的时间，你会选择如何安排自己的生活？,もし十分な時間があったら、あなたはどのように自分の生活を計画しますか？
462,假装,jiǎ zhuāng,to feign; to pretend,ふりをする,他假装没听见问题。,彼は問題を聞こえないふりをしました。,He pretended not to hear the question.,他并没有生病，只是假装不舒服来逃避工作压力。,彼は病気ではなく、仕事のプレッシャーを逃れるために具合が悪いふりをしているだけだ。
463,甲,jiǎ,"first (in a list, as a party to a contract, in terms of quality etc); first of the ten heavenly stems 十天十天干[shi2 tian1 gan1]; (used for an unspecified person or thing); armor plating; shell or carapace; (of the fingers or toes) nail; bladed leather or metal armor (old); ranking system used in the Imperial examinations (old); civil administration unit (old)",甲（第一）,甲方要求提高质量。,甲側は品質向上を要求しています。,Party A demands quality improvement.,合同中甲方和乙方的责任和义务都必须明确写清楚。,契約書には甲側と乙側の責任と義務を明確に記載しなければならない。
464,价值,jià zhí,"value; worth; fig. values (ethical, cultural etc); CL:个",価値,诚信具有很高的价值。,誠実さは非常に高い価値があります。,Integrity has very high value.,这幅画的艺术价值随着时间的推移不断提升。,この絵の芸術的価値は時間の経過とともに絶えず高まっている。
465,嫁,jià,(of a woman) to marry; to marry off a daughter; to shift (blame etc),嫁ぐ,姐姐明年要嫁人了。,姉は来年結婚します。,My older sister will get married next year.,她在家乡举行了盛大的婚礼，正式嫁给了她的爱人。,彼女は故郷で盛大な結婚式を挙げて、正式に愛する人と結婚した。
466,驾驶,jià shǐ,"to pilot (ship, airplane etc); to drive",運転する,他已经学会驾驶汽车。,彼はすでに車の運転を習得しました。,He has already learned to drive a car.,只有通过严格的培训，他才能够安全地驾驶大型车辆。,厳しい訓練を受けて初めて、彼は大型車両を安全に運転できる。
467,兼职,jiān zhí,to hold concurrent posts; part-time; concurrent job; moonlighting,兼業,她兼职做翻译工作。,彼女はアルバイトで翻訳の仕事をしています。,She works part-time as a translator.,为了积累工作经验，他决定利用业余时间做兼职工作。,経験を積むために、彼は余暇を利用してアルバイトをすることに決めた。
468,坚决,jiān jué,firm; resolute; determined,断固,我们坚决反对不公平。,私たちは不公平に断固反対します。,We firmly oppose unfairness.,面对困难，他表现出坚决的态度，绝不轻易放弃。,困難に直面しても、彼は断固とした態度を示し、決して簡単に諦めない。
469,坚强,jiān qiáng,staunch; strong,強い,她性格非常坚强勇敢。,彼女は性格がとても強く勇敢です。,She has a very strong and brave personality.,经过多次挫折，他变得更加坚强和成熟了。,何度もの挫折を経て、彼はより強く成熟した。
470,肩膀,jiān bǎng,shoulder,肩,他肩膀上扛着重物。,彼は肩に重い物を担いでいます。,He is carrying a heavy object on his shoulder.,朋友在你困难的时候，总会伸出温暖的肩膀支持你。,困っている時に友人はいつも温かい肩を差し伸べて支えてくれる。
471,艰巨,jiān jù,arduous; terrible (task); very difficult; formidable,困難,这项任务非常艰巨。,この任務は非常に困難です。,This task is very arduous.,完成这个项目是一项艰巨的任务，需要团队的协作努力。,このプロジェクトを完成させることは非常に難しい任務であり、チームの協力が必要だ。
472,艰苦,jiān kǔ,difficult; hard; arduous,苦しい,他们经历了艰苦岁月。,彼らは苦しい年月を経験しました。,They went through hard times.,他们在艰苦的环境下坚持工作，最终取得了成功。,彼らは厳しい環境の中で仕事を続け、最終的に成功を収めた。
473,剪刀,jiǎn dāo,scissors; CL:把[ba3],はさみ,请用剪刀剪开包装。,はさみで包装を切ってください。,Please cut open the packaging with scissors.,请用剪刀把这张纸剪成小块，方便制作手工艺品。,はさみでこの紙を小さく切って、手工芸品を作りやすくしてください。
474,捡,jiǎn,to pick up; to collect; to gather,拾う,地上捡到一个钱包。,地面で財布を拾いました。,I found a wallet on the ground.,他在路边捡到了一个钱包，立刻交给了警察。,彼は道端で財布を拾い、すぐに警察に渡した。
475,简历,jiǎn lì,Curriculum Vitae (CV); résumé (resume); biographical notes,履歴書,请提交你的简历。,履歴書を提出してください。,Please submit your resume.,应聘者需要准备一份详细的简历来展示自己的工作经历。,応募者は自分の職歴を示す詳細な履歴書を準備する必要がある。
476,简直,jiǎn zhí,simply; at all; practically,まったく,这简直是个奇迹。,これはまさに奇跡です。,This is simply a miracle.,这部电影简直太精彩了，让人看得入迷。,この映画はまったく素晴らしく、夢中になって見てしまった。
477,健身,jiàn shēn,to exercise; to keep fit; to work out; physical exercise;,健康作り,他每天坚持健身锻炼。,彼は毎日運動を続けています。,He insists on exercising every day.,为了保持健康，他每天都会坚持去健身房锻炼身体。,健康を保つために、彼は毎日ジムに通って体を鍛えている。
478,建立,jiàn lì,to establish; to set up; to found; to build,建立する,公司建立了新的部门。,会社は新しい部署を設立しました。,The company established a new department.,公司计划在今年年底之前建立一个新的销售团队。,会社は今年の年末までに新しい営業チームを設立する計画だ。
479,建设,jiàn shè,to build; to construct; construction; constructive,建設,城市建设发展很快。,都市の建設と発展はとても速いです。,The city's construction and development are very fast.,政府正在积极推动基础设施的建设以促进经济发展。,政府は経済発展を促進するためにインフラ建設を積極的に推進している。
480,建筑,jiàn zhù,building; to construct; Taiwan pr. jian4 zhu2; CL:个,建築,这座建筑很有特色。,この建物はとても特徴的です。,This building is very distinctive.,这座建筑融合了现代设计和传统文化的元素，非常独特。,この建物は現代のデザインと伝統文化の要素を融合しており、とても独特だ。
481,键盘,jiàn pán,keyboard,キーボード,我买了新的键盘。,私は新しいキーボードを買いました。,I bought a new keyboard.,他熟练地敲击着键盘，完成了整篇文章的写作。,彼はキーボードを熟練して打ち込み、記事全文を書き上げた。
482,讲究,jiǎng jiu,to pay particular attention to; exquisite; aesthetic,こだわる,他很讲究饮食健康。,彼は食生活の健康にとてもこだわっています。,He is very particular about healthy eating.,在中国，吃饭讲究礼仪和座次安排，非常讲究细节。,中国では食事に礼儀や席順の配慮があり、細かいところまで非常にこだわる。
483,讲座,jiǎng zuò,a course of lectures; CL:个,講座,学校举办了心理讲座。,学校は心理学の講座を開催しました。,The school held a psychology lecture.,大学举办了一场关于人工智能的讲座，吸引了众多学生参加。,大学は人工知能に関する講演会を開催し、多くの学生が参加した。
484,酱油,jiàng yóu,soy sauce,醤油,厨房里放着一瓶酱油。,台所に醤油の瓶が置いてあります。,There is a bottle of soy sauce in the kitchen.,这道菜的味道少不了酱油的调味，增添了丰富口感。,この料理の味には醤油の調味が欠かせず、豊かな風味を加えている。
485,交换,jiāo huàn,to exchange; to swap; to switch (telecom); commutative (math); to commute,交換,我们交换了联系方式。,私たちは連絡先を交換しました。,We exchanged contact information.,他们通过交换意见，最终达成了合作的共识。,彼らは意見を交換して、最終的に協力の合意に達した。
486,交际,jiāo jì,communication; social intercourse,交際,他善于交际，朋友多。,彼は社交が得意で友達が多いです。,He is good at socializing and has many friends.,良好的交际能力有助于建立广泛的人脉关系。,良いコミュニケーション能力は広い人脈を築くのに役立つ。
487,交往,jiāo wǎng,to associate; to contact; association; contact,付き合い,他们保持良好交往。,彼らは良好な交際を維持しています。,They maintain good relations.,他们多年保持着密切的交往，感情非常深厚。,彼らは長年にわたり親密な交流を続けており、関係は非常に深い。
488,浇,jiāo,to pour liquid; to irrigate (using waterwheel); to water; to cast (molten metal); to mold,水をかける,请给花浇点水。,花に少し水をあげてください。,Please water the flowers a little.,花园里的花朵需要定期浇水才能茁壮成长。,庭の花は定期的に水をかけなければ元気に育たない。
489,胶水,jiāo shuǐ,glue,のり,胶水可以粘贴纸张。,接着剤は紙を貼り付けることができます。,Glue can stick paper together.,这个盒子的盖子松了，可以用胶水重新粘合。,この箱の蓋が緩んでいるので、接着剤で再び接着できる。
490,狡猾,jiǎo huá,crafty; cunning; sly,狡猾,狐狸很狡猾难以捕捉。,キツネはとてもずる賢く捕まえにくいです。,Foxes are very cunning and hard to catch.,那个骗子非常狡猾，骗取了很多人的信任和财物。,あの詐欺師は非常に狡猾で、多くの人の信頼と財産を騙し取った。
491,角度,jiǎo dù,angle; point of view,角度,从不同角度看问题。,さまざまな角度から問題を見る。,Look at the problem from different angles.,从不同的角度看问题，有助于找到更全面的解决方案。,違う角度から問題を見ることで、より包括的な解決策を見つける助けになる。
492,教材,jiào cái,teaching material; CL:本[ben3],教材,老师准备了新教材。,先生は新しい教材を準備しました。,The teacher prepared new teaching materials.,学校为新学期准备了丰富多样的教材供学生使用。,学校は新学期のために多様で豊富な教材を用意して学生に提供した。
493,教练,jiào liàn,"instructor; sports coach; trainer; CL:个,位[wei4] ,名[ming2]",コーチ,教练指导我们训练。,コーチは私たちのトレーニングを指導します。,The coach guides our training.,他是一位经验丰富的教练，帮助很多运动员取得了优异成绩。,彼は経験豊富なコーチで、多くの選手の優秀な成績達成を助けた。
494,教训,jiào xun,a lesson; a moral; to chide sb; to lecture sb,教訓,失败是宝贵的教训。,失敗は貴重な教訓です。,Failure is a valuable lesson.,经过这次失败，他吸取了教训，改进了自己的工作方法。,今回の失敗を経て、彼は教訓を得て自分の仕事のやり方を改良した。
495,接触,jiē chù,to touch; to contact; access; in touch with,接触,避免与病人接触。,病人との接触を避けてください。,Avoid contact with patients.,科学家们通过接触不同领域的知识，实现了技术的突破。,科学者たちは異なる分野の知識に接触することで技術の突破口を開いた。
496,接待,jiē dài,to receive (a visitor); to admit (allow sb to enter),接待,他们热情接待了客人。,彼らは熱心に客をもてなしました。,They warmly received the guests.,酒店工作人员热情地接待了来自世界各地的客人。,ホテルのスタッフは世界各地から来たお客様を熱心に歓迎した。
497,接近,jiē jìn,near; close to,接近,我们接近了目标地点。,私たちは目的地に近づきました。,We approached the target location.,随着时间的推移，他和家乡的联系越来越接近断绝了。,時間が経つにつれて、彼と故郷とのつながりはほとんど途絶えかけている。
498,结实,jiē shi,rugged; sturdy,丈夫な,这把椅子很结实耐用。,この椅子はとても頑丈で耐久性があります。,This chair is very sturdy and durable.,这把椅子的结构非常结实，可以承受很大的重量。,この椅子は構造が非常に頑丈で、大きな重さにも耐えられる。
499,阶段,jiē duàn,stage; section; phase; period; CL:个,段階,项目进入了新阶段。,プロジェクトは新しい段階に入りました。,The project has entered a new phase.,项目已经进入了最后的阶段，团队成员都在加紧工作。,プロジェクトはすでに最後の段階に入り、チームメンバーは皆作業を急いでいる。
500,结构,jié gòu,"structure; composition; makeup; architecture; CL:座[zuo4] ,个",構造,这栋楼结构很复杂。,この建物の構造はとても複雑です。,The structure of this building is very complex.,这栋大楼的结构设计合理，既美观又实用。,このビルの構造設計は合理的で、美しく実用的でもある。
501,结合,jié hé,to combine; to link; to integrate; binding; CL:次[ci4],結合,理论与实践结合。,理論と実践を結びつける。,Combine theory with practice.,这份报告结合了最新的数据和专家的分析，提出了切实可行的解决方案。,この報告は最新のデータと専門家の分析を結びつけ、実現可能な解決策を提案している。
502,结论,jié lùn,conclusion; verdict; to conclude; to reach a verdict; CL:个,結論,我们得出结论了。,私たちは結論を出した。,We have reached a conclusion.,经过长时间的讨论，我们终于得出了一个令人满意的结论。,長時間の議論を経て、私たちはついに満足のいく結論を出した。
503,结账,jié zhàng,to pay the bill; to settle accounts,会計,请到前台结账。,フロントでお会計をお願いします。,Please pay at the front desk.,请在用餐结束后到柜台结账，感谢您的光临。,食事が終わりましたら、カウンターでお会計をお願いします。ご来店ありがとうございます。
504,节省,jié shěng,saving; to save; to use sparingly; to cut down on,節約,节省时间很重要。,時間を節約することは重要だ。,Saving time is important.,我们应该节省资源，减少不必要的浪费，保护环境。,私たちは資源を節約し、不必要な浪費を減らして環境を守るべきだ。
505,借口,jiè kǒu,to use as an excuse; on the pretext,言い訳,别找借口逃避。,言い訳をして逃げるな。,Don't make excuses to avoid it.,他总是找借口推迟工作，导致项目进度严重滞后。,彼はいつも言い訳をして仕事を遅らせるため、プロジェクトの進行が深刻に遅れている。
506,届,jiè,"to arrive at (place or time); period; to become due; classifier for events, meetings, elections, sporting fixtures etc",回（期）,这是第十届比赛。,これは第10回の大会です。,This is the 10th competition.,今年届毕业生的就业形势比去年更加严峻。,今年の卒業生の就職状況は昨年よりもさらに厳しい。
507,戒,jiè,to guard against; to exhort; to admonish or warn; to give up or stop doing sth; Buddhist monastic discipline; ring (for a finger);,戒める,他决定戒烟了。,彼は禁煙を決めた。,He decided to quit smoking.,为了健康，他决定戒掉所有的坏习惯，开始新的生活。,健康のために、彼はすべての悪い習慣をやめて新しい生活を始めることに決めた。
508,戒指,jiè zhi,(finger) ring,指輪,她戴着金戒指。,彼女は金の指輪をはめている。,She is wearing a gold ring.,她戴着一枚精致的戒指，显得非常优雅和自信。,彼女は繊細な指輪をはめていて、とても優雅で自信に満ちている。
509,金属,jīn shǔ,metal; CL:种[zhong3],金属,这种金属很坚硬。,この金属はとても硬い。,This metal is very hard.,现代建筑中广泛使用金属材料，以提高结构的稳定性和美观度。,現代建築では金属材料が広く使われており、構造の安定性と美観を高めている。
510,尽快,jǐn kuài,as quickly as possible; as soon as possible; with all speed,できるだけ早く,请尽快回复邮件。,できるだけ早くメールに返信してください。,Please reply to the email as soon as possible.,请尽快提交报告，以便我们及时进行审核和安排下一步工作。,できるだけ早く報告書を提出してください。そうすれば、私たちは適時に審査を行い次の作業を手配できます。
511,紧急,jǐn jí,urgent; emergency,緊急,这是紧急情况。,これは緊急事態です。,This is an emergency.,遇到紧急情况时，必须保持冷静并迅速采取有效的措施。,緊急事態に遭遇した時は、冷静さを保ち迅速に効果的な対策を講じなければならない。
512,谨慎,jǐn shèn,cautious; prudent,慎重,做事要谨慎考虑。,物事を行うときは慎重に考えなさい。,Be cautious when doing things.,在处理重要问题时，应该谨慎考虑各种可能的后果。,重要な問題を扱うときは、さまざまな可能な結果を慎重に考えるべきだ。
513,尽力,jìn lì,to strive one's hardest; to spare no effort,全力を尽くす,我会尽力帮助你。,私はできる限りあなたを助けます。,I will do my best to help you.,无论遇到多大困难，我们都应该尽力完成自己的任务。,どんなに大きな困難に直面しても、私たちは全力で自分の任務を完遂すべきだ。
514,尽量,jìn liàng,as much as possible; to the greatest extent,できる限り,尽量不要迟到。,できるだけ遅刻しないように。,Try not to be late.,请尽量减少开支，保证项目能够顺利进行。,支出をできるだけ減らして、プロジェクトが順調に進むようにしてください。
515,近代,jìn dài,modern times,近代,近代科技发展快。,近代の科学技術は発展が早い。,Modern technology develops rapidly.,近代以来，科技的发展极大地改变了人们的生活方式。,近代以降、科学技術の発展は人々の生活様式を大きく変えた。
516,进步,jìn bù,progress; improvement; to improve; to progress; CL:个,進歩,他的汉语进步大。,彼の中国語は大きく進歩した。,His Chinese has improved greatly.,经过不断努力，他在工作中取得了显著的进步。,絶え間ない努力の結果、彼は仕事で著しい進歩を遂げた。
517,进口,jìn kǒu,to import; imported,輸入,公司进口新设备。,会社は新しい設備を輸入した。,The company imported new equipment.,公司计划今年增加进口高端设备，以提升生产效率。,会社は今年、高性能設備の輸入を増やして生産効率を向上させる計画だ。
518,精力,jīng lì,energy,精力,他精力充沛工作。,彼は精力的に働いている。,He works energetically.,保持充沛的精力对于完成繁重的工作任务非常重要。,十分な精力を保つことは、重い仕事の任務を完遂するために非常に重要だ。
519,精神,jīng shén,spirit; mind; consciousness; thought; mental; psychological; essence; gist; CL:个,精神,保持良好精神状态。,良い精神状態を保つ。,Maintain a good mental state.,他精神饱满地参加了今天的会议，提出了许多建设性的意见。,彼は元気いっぱいで今日の会議に参加し、多くの建設的な意見を出した。
520,经典,jīng diǎn,the classics; scriptures; classical,古典的,这本书是经典作品。,この本は名作だ。,This book is a classic work.,这部电影被认为是中国电影的经典之作，影响深远。,この映画は中国映画の名作とされ、深い影響を与えている。
521,经商,jīng shāng,to trade; to carry out commercial activities; in business,商売をする,他在经商很成功。,彼は商売で成功している。,He is successful in business.,他从大学开始就积极经商，积累了丰富的经验和人脉。,彼は大学時代から積極的に商売をして、豊富な経験と人脈を蓄積した。
522,经营,jīng yíng,to engage in (business etc); to run; to operate,経営,他们经营一家餐馆。,彼らはレストランを経営している。,They run a restaurant.,公司通过科学的管理方法，成功地经营了多个项目。,会社は科学的な管理方法を通じて、複数のプロジェクトをうまく経営した。
523,酒吧,jiǔ bā,bar; pub; saloon; CL:家[jia1],バー,我们去酒吧喝酒。,私たちはバーに飲みに行く。,We go to the bar to drink.,我们晚上去酒吧放松一下，顺便庆祝他的生日。,私たちは夜、バーに行ってリラックスし、ついでに彼の誕生日を祝う。
524,救,jiù,to rescue; to save; to assist,救う,救护车及时赶到。,救急車が時間通りに到着した。,The ambulance arrived on time.,消防员奋不顾身地冲进火场，成功地救出了被困人员。,消防士たちは身を顧みず火災現場に飛び込み、無事に閉じ込められた人々を救出した。
525,救护车,jiù hù chē,ambulance; CL:辆[liang4],救急車,救护车很快来了。,救急車がすぐに来た。,The ambulance came quickly.,救护车迅速抵达现场，及时将伤者送往医院救治。,救急車は迅速に現場に到着し、負傷者を適時に病院へ搬送した。
526,舅舅,jiù jiu,mother's brother; maternal uncle (informal); CL:个,母の兄弟,舅舅很喜欢我。,おじさんは私のことがとても好きだ。,My uncle likes me very much.,舅舅每年都会带我们全家去旅游，增进感情。,おじさんは毎年私たち家族全員を旅行に連れて行き、親睦を深めている。
527,居然,jū rán,unexpectedly; to one's surprise; go so far as to,意外に,他居然来了中国。,彼はなんと中国に来た。,He actually came to China.,他居然忘记了我们约定的时间，这让大家都很惊讶。,彼はなんと約束の時間を忘れてしまい、みんなを驚かせた。
528,桔子,jú zi,"tangerine; CL:个,瓣[ban4]",みかん,我喜欢吃桔子。,私はみかんを食べるのが好きだ。,I like to eat tangerines.,秋天是吃桔子的好季节，桔子又甜又多汁。,秋はみかんを食べるのに良い季節で、みかんは甘くてジューシーだ。
529,俱乐部,jù lè bù,club (i.e. a group or organization); CL:个,クラブ,他加入了俱乐部。,彼はクラブに入った。,He joined the club.,俱乐部组织了丰富多彩的活动，吸引了很多会员参加。,クラブは多彩な活動を企画し、多くの会員を引きつけている。
530,具备,jù bèi,to possess; to have; equipped with; able to fulfill (conditions or requirements),備える,他具备领导能力。,彼はリーダーシップ能力を備えている。,He has leadership abilities.,他具备丰富的专业知识和实际操作经验，适合这个职位。,彼は豊富な専門知識と実務経験を備えており、この職に適している。
531,具体,jù tǐ,concrete; definite; specific,具体的,请给出具体方案。,具体的な案を出してください。,Please provide a concrete plan.,请提供具体的方案细节，以便我们做出合理的安排。,具体的な計画の詳細を提供してください。私たちが合理的な手配をするために。
532,巨大,jù dà,huge; immense; very large; tremendous; gigantic; enormous,巨大な,这是一个巨大挑战。,これは巨大な挑戦だ。,This is a huge challenge.,这次地震造成了巨大的损失，需要社会各界的帮助。,今回の地震は巨大な被害をもたらし、社会の各方面からの支援が必要だ。
533,据说,jù shuō,it is said that; reportedly,伝えられる,据说他很有钱。,彼はお金持ちだと言われている。,It is said that he is very rich.,据说这座古城已有千年的历史，充满了神秘色彩。,この古城は千年の歴史があると言われており、神秘的な雰囲気に満ちている。
534,捐,juān,to contribute; to donate; contribution; tax; to abandon,寄付する,他捐了很多钱。,彼はたくさんのお金を寄付した。,He donated a lot of money.,他每年都会捐款支持教育事业，帮助贫困学生。,彼は毎年寄付をして教育事業を支援し、貧しい学生たちを助けている。
535,决赛,jué sài,finals (of a competition),決勝戦,决赛将在明天举行。,決勝戦は明日開催される。,The final will be held tomorrow.,经过激烈的比赛，他最终晋级了全国决赛。,激しい試合を経て、彼はついに全国決勝に進出した。
536,决心,jué xīn,determination; resolution; determined; firm and resolute; to make up one's mind; CL:个,決心,她下了决心学习。,彼女は勉強する決心をした。,She made up her mind to study.,她下定决心要克服困难，实现自己的梦想。,彼女は困難を克服し、自分の夢を実現する決心を固めた。
537,绝对,jué duì,absolute; unconditional,絶対に,我绝对支持你。,私は絶対にあなたを支持する。,I absolutely support you.,这个决定是经过充分考虑后做出的，绝对不会轻易改变。,この決定は十分に考慮した上で行われたもので、絶対に簡単に変わらない。
538,角色,jué sè,persona; role; character in a novel,役割,他在剧中角色重要。,彼は劇中で重要な役を演じている。,He plays an important role in the play.,在这部电影中，他扮演了一个复杂而深刻的角色。,この映画の中で、彼は複雑で深みのある役を演じた。
539,军事,jūn shì,military affairs; military matters; military,軍事,军事训练很严格。,軍事訓練はとても厳しい。,Military training is very strict.,军事训练不仅增强了士兵的体能，还提升了团队协作能力。,軍事訓練は兵士の体力を強化するだけでなく、チームワーク能力も向上させた。
540,均匀,jūn yún,well-distributed; homogeneous; even,均等な,分配要均匀合理。,配分は均等かつ合理的にするべきだ。,Distribution should be even and reasonable.,为了保证质量，工厂要求各个环节的操作必须均匀一致。,品質を保証するために、工場は各工程の操作が均一であることを求めている。
541,卡车,kǎ chē,truck; CL:辆[liang4],トラック,卡车装载货物。,トラックが貨物を積んでいる。,The truck is loading cargo.,卡车装载了大量货物，准备运往全国各地的市场。,トラックは大量の貨物を積み込み、全国各地の市場へ運ぶ準備をしている。
542,开发,kāi fā,exploit (a resource); open up (for development); to develop,開発,公司开发新产品。,会社は新製品を開発している。,The company is developing new products.,这家公司正在积极开发新产品，力争在市场上占据领先地位。,この会社は積極的に新製品を開発しており、市場でのリーダーシップを目指している。
543,开放,kāi fàng,to lift (a ban or restriction); to open to the outside world (politics); to open for public use; to come into bloom (of flowers),開放する,公园明天开放。,公園は明日開園する。,The park will open tomorrow.,公园自从开放以来，吸引了大量游客前来休闲娱乐。,公園は開放されて以来、多くの観光客を休憩や娯楽のために引きつけている。
544,开幕式,kāi mù shì,opening ceremony,開幕式,开幕式非常隆重。,開幕式は非常に盛大だ。,The opening ceremony is very grand.,开幕式上，领导发表了热情洋溢的讲话，激励大家努力奋斗。,開会式で、指導者は熱のこもった演説をし、皆に努力を奮起させた。
545,开水,kāi shuǐ,boiled water; boiling water,お湯,请喝开水吧。,お湯をどうぞ。,Please have some boiled water.,冬天喝一杯热开水，有助于身体的保暖和健康。,冬に熱いお湯を一杯飲むことは、体を温め健康を維持するのに役立つ。
546,砍,kǎn,to chop; to cut down; to throw sth at sb,切る,他用刀砍树枝。,彼はナイフで枝を切った。,He cut the branch with a knife.,工人们用斧头砍倒了那棵枯死的大树，清理了道路。,作業員たちは斧で枯れた大木を切り倒し、道路をきれいにした。
547,看不起,kàn bu qǐ,to look down upon; to despise,見下す,不要看不起别人。,他人を見下してはいけない。,Don't look down on others.,他看不起那些没有上大学的人，态度非常傲慢。,彼は大学に行っていない人を見下しており、態度が非常に傲慢だ。
548,看望,kàn wàng,to visit; to pay a call to,訪問する,我去看望老师。,私は先生を訪ねに行く。,I am going to visit the teacher.,周末我打算去医院看望生病的朋友，带去一些水果和书籍。,週末に病気の友人を見舞いに病院へ行き、果物と本を持っていく予定だ。
549,靠,kào,to lean against or on; to stand by the side of; to come near to; to depend on; to trust; to fuck (vulgar); traditional military costume drama where the performers wear armor (old);,頼る,我们靠朋友帮助。,私たちは友達の助けに頼っている。,We rely on friends' help.,我们要靠自己的努力实现目标，而不是依赖他人的帮助。,私たちは他人の助けに頼らず、自分の努力で目標を達成しなければならない。
550,颗,kē,"classifier for small spheres, pearls, corn grains, teeth, hearts, satellites etc",〜粒,桌子上有颗苹果。,テーブルの上にリンゴが一つある。,There is an apple on the table.,这颗珍贵的宝石闪闪发光，吸引了所有人的目光。,この宝石はキラキラと輝き、みんなの目を引きつけている。
551,可见,kě jiàn,it can clearly be seen (that this is the case); it is (thus) clear; clear; visible,明らか,事实可见一斑。,事実は一端を示している。,The facts reveal part of the truth.,通过多次实验的结果，我们可以明显地看到这个结论是可见的。,何度も実験を重ねた結果、この結論が明らかであることが見て取れます。
552,可靠,kě kào,reliable,信頼できる,他是个可靠朋友。,彼は信頼できる友人だ。,He is a reliable friend.,他是一个非常可靠的朋友，遇到困难时总能给予帮助。,彼は非常に信頼できる友人で、困難に直面したときはいつも助けてくれます。
553,可怕,kě pà,awful; dreadful; fearful; formidable; frightful; scary; hideous; horrible; terrible; terribly,恐ろしい,这场事故很可怕。,この事故はとても恐ろしい。,This accident is very terrible.,这部电影的恐怖场面太真实，令人感到非常可怕。,この映画の恐ろしいシーンはあまりにもリアルで、とても怖く感じられました。
554,克,kè,to be able to; to subdue; to restrain; to overcome; gram,克（単位）,苹果重两百克。,リンゴは200グラムの重さがある。,The apple weighs 200 grams.,这包面粉的重量是五公斤，每公斤大约含有一千克的面粉。,この小麦粉の袋の重さは5キログラムで、1キログラムあたり約1000グラムの小麦粉が含まれています。
555,克服,kè fú,(try to) overcome (hardships etc); to conquer; to put up with; to endure,克服する,她克服了困难。,彼女は困難を克服した。,She overcame difficulties.,只有克服了内心的恐惧，才能真正实现自我成长。,心の恐怖を克服してこそ、真の自己成長を実現できます。
556,刻苦,kè kǔ,hardworking; assiduous,勤勉な,他学习刻苦认真。,彼は勉強を一生懸命真面目にしている。,He studies diligently and seriously.,他以刻苦的态度坚持每天学习，最终取得了优异的成绩。,彼は勤勉な態度で毎日勉強を続け、最終的に優れた成績を収めました。
557,客观,kè guān,objective; impartial,客観的な,请保持客观态度。,客観的な態度を保ってください。,Please maintain an objective attitude.,我们应该以客观的态度分析问题，避免主观偏见影响判断。,私たちは客観的な態度で問題を分析し、主観的な偏見が判断に影響を与えないようにすべきです。
558,课程,kè chéng,"course; class; CL:堂[tang2] ,節[jie2] ,门[men2]",授業,明天有数学课程。,明日は数学の授業がある。,There is a math class tomorrow.,这门课程内容丰富，既有理论知识，也有实践操作。,このコースは内容が充実しており、理論知識と実践操作の両方があります。
559,空间,kōng jiān,space (astronomy); CL:个,空間,房间里没有空间。,部屋にはスペースがない。,There is no space in the room.,在有限的空间内合理安排物品，可以提高生活的舒适度。,限られた空間内で物を合理的に配置することで、生活の快適さを向上させることができます。
560,控制,kòng zhì,control; to exercise control over; to contain,制御する,他能控制情绪。,彼は感情をコントロールできる。,He can control his emotions.,通过科学的方法，我们可以有效地控制生产过程中的各种变量。,科学的な方法を通じて、生産過程のさまざまな変数を効果的に管理することができます。
561,空闲,kòng xián,idle; free time; leisure,暇な時間,我周末有空闲。,私は週末に暇がある。,I am free on the weekend.,他利用空闲时间学习新技能，提升自己的竞争力。,彼は空いた時間を使って新しいスキルを学び、自分の競争力を高めています。
562,口味,kǒu wèi,a person's preferences; tastes (in food); flavor,味の好み,他喜欢辣的口味。,彼は辛い味が好きだ。,He likes spicy flavors.,这家餐厅的菜品口味独特，深受广大顾客的喜爱。,このレストランの料理は味が独特で、多くの顧客に愛されています。
563,夸,kuā,to boast; to exaggerate; to praise,褒める,老师夸奖了他。,先生は彼を褒めた。,The teacher praised him.,老师夸奖了他的表现，鼓励他继续努力学习。,先生は彼の成績を褒め、努力を続けるよう励ましました。
564,夸张,kuā zhāng,to exaggerate; overstated; exaggerated; hyperbole; (coll.) excessive; extreme; ridiculous;,誇張する,他说话有点夸张。,彼の話し方は少し誇張している。,He speaks a bit exaggeratedly.,他的话有些夸张，实际情况并没有那么严重。,彼の話はやや誇張されていて、実際の状況はそれほど深刻ではありません。
565,会计,kuài jì,accountant; accountancy; accounting,会計士,她是一名会计。,彼女は会計士だ。,She is an accountant.,她在一家大型公司担任会计，负责财务报表的编制工作。,彼女は大手企業で会計士を務め、財務報告書の作成を担当しています。
566,宽,kuān,wide; broad; lenient,広い,这个房间很宽敞。,この部屋はとても広い。,This room is very spacious.,这条道路比以前宽了很多，交通状况也得到了改善。,この道路は以前よりずっと広くなり、交通状況も改善されました。
567,昆虫,kūn chóng,"insect; CL:只[zhi1] ,群[qun2] ,堆[dui1]",昆虫,花园里有很多昆虫。,庭にはたくさんの昆虫がいる。,There are many insects in the garden.,科学家们正在研究昆虫对生态系统的重要影响。,科学者たちは昆虫が生態系に与える重要な影響を研究しています。
568,扩大,kuò dà,to expand; to enlarge; to broaden one's scope,拡大する,公司计划扩大规模。,会社は規模を拡大する計画だ。,The company plans to expand its scale.,为了扩大市场份额，公司决定推出一系列新产品。,市場シェアを拡大するために、会社は一連の新製品を発売することに決めました。
569,辣椒,là jiāo,hot pepper; chili,唐辛子,菜里放了辣椒。,料理に唐辛子が入っている。,The dish contains chili peppers.,这道菜放了很多辣椒，适合喜欢吃辣的人。,この料理にはたくさんの唐辛子が入っていて、辛いものが好きな人に適しています。
570,拦,lán,to cut off; to hinder,阻む,警察拦住了他。,警察は彼を止めた。,The police stopped him.,警方在高速公路上设置路障，拦截可疑车辆进行检查。,警察は高速道路で検問所を設け、怪しい車両を止めて検査しています。
571,烂,làn,well-cooked and soft; mushy; to rot; to decompose; rotten; worn out; chaotic; messy; utterly; thoroughly,腐った,水果已经烂了。,果物はもう腐っている。,The fruit is already rotten.,这本书的封面已经烂了，但内容依然非常有价值。,この本の表紙はもうボロボロですが、中身は依然として非常に価値があります。
572,朗读,lǎng dú,read aloud; read loudly and clearly,朗読する,请大家朗读课文。,皆さん、教科書を朗読してください。,"Everyone, please read the text aloud.",老师让我们每天朗读课文，以提高我们的发音和语感。,先生は私たちに毎日教科書を朗読するように言い、発音と語感を向上させています。
573,劳动,láo dòng,physical labor; work; toil; CL:次[ci4],労働,劳动创造幸福生活。,労働は幸福な生活を創造する。,Labor creates a happy life.,学生们积极参加劳动实践，体验劳动的艰辛和快乐。,学生たちは積極的に労働実践に参加し、労働の苦労と楽しさを体験しています。
574,劳驾,láo jià,excuse me,すみません,劳驾，帮我开门。,すみません、ドアを開けてください。,"Excuse me, please help me open the door.",劳驾，请问最近的地铁站怎么走？,すみません、最寄りの地下鉄駅への行き方を教えていただけますか？
575,姥姥,lǎo lao,(informal) mother's mother; maternal grandmother,祖母,我爱我的姥姥。,私は祖母を愛している。,I love my grandmother.,每逢节假日，我都会去看望亲爱的姥姥。,祝日にはいつも大切な祖母の家を訪ねます。
576,老百姓,lǎo bǎi xìng,ordinary people; the 'person in the street'; CL:个,一般市民,老百姓生活不易。,一般の人々の生活は簡単ではない。,The lives of ordinary people are not easy.,政府出台新政策，旨在改善老百姓的生活水平。,政府は庶民の生活水準を改善することを目的とした新政策を打ち出しました。
577,老板,lǎo bǎn,boss; keeper,社長,老板很严格。,社長はとても厳しい。,The boss is very strict.,老板对员工的工作表现给予了高度评价和认可。,社長は社員の仕事ぶりに対して高い評価と認識を与えました。
578,老婆,lǎo pó,(coll.) wife;,妻,他和老婆一起工作。,彼は妻と一緒に働いている。,He works together with his wife.,他和老婆一起经营着一家小餐馆，生意非常红火。,彼は妻と一緒に小さなレストランを経営しており、商売は非常に繁盛しています。
579,老实,lǎo shi,honest; sincere; open and guileless; naive,正直な,他为人老实诚实。,彼は正直で誠実な人だ。,He is an honest and sincere person.,她性格老实，待人真诚，深受大家的喜爱。,彼女は性格が誠実で、人に対して真心を持って接し、皆に愛されています。
580,老鼠,lǎo shǔ,rat; mouse; CL:只[zhi1],ネズミ,老鼠藏在角落里。,ネズミは隅に隠れている。,The mouse is hiding in the corner.,老鼠在晚上出来活动，寻找食物和藏身之处。,ネズミは夜に活動して食べ物や隠れ場所を探します。
581,乐观,lè guān,optimistic; hopeful,楽観的な,她总是很乐观。,彼女はいつもとても楽観的だ。,She is always very optimistic.,面对困难，他始终保持乐观的态度，不轻易放弃。,困難に直面しても、彼は常に楽観的な態度を保ち、簡単に諦めません。
582,雷,léi,thunder; (internet slang) terrifying; terrific,雷,夜晚响起了雷声。,夜に雷の音が鳴った。,Thunder sounded at night.,雷声轰鸣，暴风雨即将来临，大家请注意安全。,雷鳴が轟き、暴風雨が近づいています。皆さん、安全に注意してください。
583,类型,lèi xíng,type; category; genre; form; style;,タイプ,这类电影很受欢迎。,この種類の映画はとても人気がある。,This type of movie is very popular.,这种类型的电影以悬疑和惊悚元素著称，深受观众喜爱。,このタイプの映画はサスペンスとスリラーの要素で知られており、観客に人気があります。
584,冷淡,lěng dàn,cold; indifferent,冷淡な,他态度有点冷淡。,彼の態度は少し冷淡だ。,His attitude is a bit indifferent.,他对待工作态度冷淡，缺乏应有的责任感。,彼は仕事に対して冷淡な態度で、必要な責任感に欠けています。
585,厘米,lí mǐ,centimeter,センチメートル,桌子高一百厘米。,机の高さは100センチだ。,The table is 100 centimeters high.,这张地图的比例尺是以厘米为单位来表示距离的。,この地図の縮尺はセンチメートル単位で距離を表しています。
586,梨,lí,pear; CL:个,梨,超市买了几个梨。,スーパーで梨をいくつか買った。,I bought several pears at the supermarket.,秋天是吃梨的好季节，梨汁甜美多汁，非常可口。,秋は梨を食べるのに良い季節で、梨の果汁は甘くてジューシーでとても美味しいです。
587,离婚,lí hūn,to divorce; divorced from (one's spouse),離婚,他们决定离婚了。,彼らは離婚することに決めた。,They decided to divorce.,他们经过长时间的沟通，最终和平地离婚了。,彼らは長い時間話し合った末、円満に離婚しました。
588,理论,lǐ lùn,theory; CL:个,理論,这是一种新理论。,これは一つの新しい理論だ。,This is a new theory.,这篇论文探讨了现代社会中教育理论的发展趋势。,この論文は現代社会における教育理論の発展傾向を探求しています。
589,理由,lǐ yóu,reason; grounds; justification; CL:个,理由,请说明你的理由。,理由を説明してください。,Please explain your reasons.,他拒绝参加聚会的理由是身体不适，需要休息。,彼がパーティーに参加しなかった理由は体調不良で、休息が必要だからです。
590,利润,lì rùn,profits,利益,公司追求最大利润。,会社は最大の利益を追求している。,The company pursues maximum profit.,公司的利润在去年大幅增长，主要得益于市场扩展。,会社の利益は昨年大幅に増加し、主に市場拡大のおかげです。
591,利息,lì xī,interest (on a loan); CL:笔[bi3],利息,银行利息很低。,銀行の利息はとても低い。,The bank interest rate is very low.,银行利息的计算方式因不同的存款类型而有所区别。,銀行の利息の計算方法は、預金の種類によって異なります。
592,利益,lì yì,benefit; (in sb's) interest; CL:个,利益,保护自己的利益。,自分の利益を守る。,Protect your own interests.,保护环境符合每个人的利益，是社会发展的必然要求。,環境保護は誰にとっても利益にかなっており、社会発展の必然的な要求です。
593,利用,lì yòng,exploit; make use of; to use; to take advantage of; to utilize,利用する,他利用时间学习。,彼は時間を利用して勉強する。,He uses his time to study.,我们应该合理利用资源，避免浪费，促进可持续发展。,私たちは資源を合理的に利用し、無駄を避け、持続可能な発展を促進すべきです。
594,力量,lì liang,power; force; strength,力,团队的力量很大。,チームの力はとても大きい。,The power of the team is very strong.,团队的力量是实现目标的重要保障，每个人都不可或缺。,チームの力は目標達成の重要な保障であり、誰も欠かせません。
595,立即,lì jí,immediately,すぐに,请立即回复邮件。,すぐにメールを返信してください。,Please reply to the email immediately.,发现火灾后，他立即拨打了报警电话，采取了紧急措施。,火災を発見すると彼はすぐに通報し、緊急措置を取りました。
596,立刻,lì kè,forthwith; immediate; prompt; promptly; straightway; thereupon; at once,即座に,他立刻做出决定。,彼はすぐに決断を下した。,He made a decision immediately.,请您立刻到会议室集合，会议马上开始了。,すぐに会議室に集合してください。会議が間もなく始まります。
597,联合,lián hé,to combine; to join; unite; alliance,連合する,两国联合抗疫。,二国は連携して疫病に対抗した。,The two countries jointly fought the epidemic.,多国联合开展环保项目，共同应对气候变化的挑战。,多国が連合して環境保護プロジェクトを展開し、気候変動の課題に共に立ち向かっています。
598,连忙,lián máng,promptly; at once,急いで,他连忙赶去医院。,彼は急いで病院に向かった。,He hurried to the hospital.,他连忙跑过去帮忙，生怕耽误了重要的事情。,彼は慌てて駆け寄り、重要なことが遅れるのを恐れました。
599,连续,lián xù,continuous; in a row; serial; consecutive;,連続する,比赛连续三天举行。,試合は連続して三日間行われた。,The competition was held for three consecutive days.,他连续几天加班，终于完成了公司的年度报告。,彼は何日も連続で残業し、ついに会社の年次報告書を完成させました。
600,恋爱,liàn ài,(romantic) love; in love; to have an affair; CL:个,恋愛,他们开始了恋爱。,彼らは恋愛を始めた。,They started dating.,他们相识于大学时代，经过多年的恋爱最终步入婚姻殿堂。,彼らは大学時代に知り合い、何年もの恋愛の末に結婚しました。
601,粮食,liáng shi,foodstuff; cereals; CL:种[zhong3],穀物,粮食储备关系国家安全。,食料備蓄は国家の安全に関わる。,Food reserves are related to national security.,为了保障国家粮食安全，政府制定了多项稳定粮食生产的政策措施。,国の食料安全を保障するために、政府は食料生産の安定化に関する多くの政策を制定しました。
602,良好,liáng hǎo,good; favorable; well; fine,良好,他和同事关系良好。,彼は同僚と良い関係を築いている。,He has a good relationship with his colleagues.,他在工作中表现出良好的团队合作精神，深受同事们的认可。,彼は仕事で良好なチームワーク精神を示し、同僚たちから深く認められています。
603,亮,liàng,bright; clear; resonant; to shine; to show; to reveal,明るい,灯光亮得刺眼。,灯りがまぶしくて目が痛い。,The light is so bright that it hurts the eyes.,清晨的阳光非常亮，照亮了整个城市的街道和公园。,朝の陽光はとても明るく、街と公園全体を照らしています。
604,了不起,liǎo bu qǐ,amazing; terrific; extraordinary,すごい,她的成绩了不起。,彼女の成績は素晴らしい。,Her grades are outstanding.,这位科学家的发现真是了不起，为人类医学作出了巨大贡献。,この科学者の発見は本当に素晴らしく、人類の医学に大きな貢献をしました。
605,列车,liè chē,(railway) train;,列車,列车准时到达车站。,列車は時間通りに駅に到着した。,The train arrived at the station on time.,高速列车的速度越来越快，大大缩短了城市之间的旅行时间。,高速列車の速度はどんどん速くなり、都市間の移動時間を大幅に短縮しています。
606,临时,lín shí,at the instant sth happens; temporary; interim; ad hoc,臨時の,临时会议取消了。,臨時の会議はキャンセルされた。,The temporary meeting was cancelled.,由于设备出现故障，临时调整了会议的时间和地点。,設備の故障により、会議の時間と場所を臨時に調整しました。
607,灵活,líng huó,flexible; nimble; agile,柔軟な,灵活应对变化很重要。,変化に柔軟に対応することが重要だ。,It is important to respond flexibly to changes.,灵活运用各种教学方法，可以有效提高学生的学习兴趣和效果。,様々な教授法を柔軟に活用することで、学生の学習意欲と効果を効果的に向上させられます。
608,铃,líng,(small) bell; CL:只[zhi1],ベル,铃声响了三次。,ベルが三回鳴った。,The bell rang three times.,上课铃响了，学生们迅速回到教室准备上课。,授業のベルが鳴り、生徒たちはすぐに教室に戻って授業の準備をしました。
609,零件,líng jiàn,part; component,部品,机器缺少重要零件。,機械に重要な部品が欠けている。,The machine lacks important parts.,汽车维修店备有各种型号的零件，能够及时更换损坏的部件。,自動車修理工場は様々なモデルの部品を備えており、故障した部品を迅速に交換できます。
610,零食,líng shí,between-meal nibbles; snacks,お菓子,孩子喜欢吃零食。,子供はおやつを食べるのが好きだ。,Children like to eat snacks.,孩子们喜欢在课余时间吃一些健康的零食，补充体力。,子供たちは放課後に健康的なスナックを食べて、体力を補充するのが好きです。
611,领导,lǐng dǎo,"to lead; leading; leadership; leader; CL:位[wei4] ,个",指導者,领导安排了新任务。,リーダーが新しい任務を割り当てた。,The leader assigned new tasks.,优秀的领导不仅要有远见，还要善于激励团队成员共同努力。,優れたリーダーは遠見だけでなく、チームメンバーをうまく励まして共に努力させることが必要です。
612,领域,lǐng yù,domain; sphere; field; territory; area,領域,他在科技领域很有名。,彼は科学技術の分野で有名だ。,He is well-known in the field of science and technology.,人工智能技术在医疗领域的应用正在不断扩大，带来诸多便利。,人工知能技術は医療分野での応用がますます拡大しており、多くの利便性をもたらしています。
613,流传,liú chuán,to spread; to circulate; to hand down,伝わる,这故事流传了多年。,この物語は何年も伝えられてきた。,This story has been passed down for many years.,这首古老的民歌在民间广泛流传，具有重要的文化价值。,この古い民謡は民間で広く伝えられており、重要な文化的価値を持っています。
614,流泪,liú lèi,to shed tears,涙を流す,感动得她流泪了。,感動して彼女は涙を流した。,She was moved to tears.,听到感人的故事后，她忍不住流泪，表达内心的感动。,感動的な話を聞いて、彼女は思わず涙を流し、心の感動を表現しました。
615,浏览,liú lǎn,to skim over; to browse,閲覧する,他浏览了很多网页。,彼はたくさんのウェブページを閲覧した。,He browsed many web pages.,在图书馆里浏览各种书籍，可以开阔视野，增长知识。,図書館で様々な本を閲覧することで、視野を広げ知識を増やせます。
616,龙,lóng,dragon; CL:条[tiao2]; imperial,龍,龙是中国的象征。,龍は中国の象徴だ。,The dragon is a symbol of China.,龙是中国传统文化中的重要象征，代表着力量和吉祥。,龍は中国伝統文化の重要な象徴であり、力と吉祥を表しています。
617,漏,lòu,to leak; to divulge; to leave out by mistake; waterclock or hourglass (old),漏れる,水管突然漏水了。,水道管が突然水漏れした。,The water pipe suddenly leaked.,水管漏水导致地板受损，维修费用相当高昂。,水道管の漏水で床が損傷し、修理費用がかなり高額になりました。
618,录取,lù qǔ,to recruit; to enroll,合格する,他被大学录取了。,彼は大学に合格した。,He was admitted to the university.,他以优异的成绩被这所著名大学录取，实现了自己的梦想。,彼は優れた成績でこの有名な大学に合格し、自分の夢を実現しました。
619,录音,lù yīn,to record (sound); sound-recording; CL:个,録音,录音设备非常先进。,録音機器は非常に先進的だ。,The recording equipment is very advanced.,会议全过程都被录音保存，以便事后回顾和总结。,会議の全過程が録音されて保存されており、後で振り返りやまとめに役立ちます。
620,陆地,lù dì,dry land (as opposed to the sea),陸地,飞机即将到达陆地。,飛行機はまもなく陸地に到着する。,The plane is about to reach land.,陆地生态系统的保护对于维护生物多样性具有重要意义。,陸上生態系の保護は生物多様性の維持に重要な意味を持っています。
621,陆续,lù xù,in turn; successively; one after the other; bit by bit,次々と,客人陆续到达现场。,客は次々と会場に到着した。,Guests arrived at the venue one after another.,新的产品陆续上市，满足了消费者不断变化的需求。,新製品が次々と市場に出され、消費者の絶えず変化するニーズを満たしています。
622,轮流,lún liú,to alternate; to take turns,交代で,我们轮流做值班。,私たちは交代で当番をしている。,We take turns doing duty.,大家轮流发言，确保每个人都有机会表达自己的观点。,皆が順番に発言し、全員が自分の意見を表現する機会を確保しています。
623,论文,lùn wén,treatise; thesis; paper; CL:篇[pian1]; to discuss a paper or thesis (old),論文,他写了一篇优秀论文。,彼は優秀な論文を書いた。,He wrote an excellent paper.,这篇论文深入探讨了现代经济发展的趋势和挑战。,この論文は現代経済発展の傾向と課題を深く探討しています。
624,逻辑,luó ji,logic (loanword),論理,他的论证很有逻辑。,彼の論証は非常に論理的だ。,His argumentation is very logical.,他的论点逻辑严密，令人信服，得到了专家们的高度评价。,彼の論点は論理が厳密で説得力があり、専門家たちから高い評価を受けました。
625,落后,luò hòu,to fall behind; to lag (in technology etc); backward; to retrogress,遅れる,农村经济发展落后。,農村の経済発展は遅れている。,The rural economy is underdeveloped.,一些落后地区正在加快基础设施建设，促进经济发展。,一部の遅れた地域ではインフラ整備を加速し、経済発展を促進しています。
626,骂,mà,"to scold; abuse; CL:通[tong4] ,顿[dun4]",叱る,老师严厉地骂学生。,先生は厳しく生徒を叱った。,The teacher scolded the students severely.,虽然他被误会了，但他没有生气，也没有骂人，而是耐心解释。,彼は誤解されましたが、怒らず罵らずに、忍耐強く説明しました。
627,麦克风,mài kè fēng,microphone (loanword),マイク,麦克风声音很清晰。,マイクの音声はとてもクリアだ。,The microphone sound is very clear.,在演讲比赛中，他熟练地使用麦克风，声音清晰洪亮。,スピーチコンテストで彼はマイクを巧みに使い、声がはっきりと響きました。
628,馒头,mán tou,steamed roll; steamed bun; steamed bread; CL:个,蒸しパン,早餐吃了馒头和豆浆。,朝食にまんとうと豆乳を食べた。,I ate steamed buns and soy milk for breakfast.,早晨的早餐桌上摆着热气腾腾的馒头和新鲜的豆浆。,朝の食卓には湯気の立つ饅頭と新鮮な豆乳が並べられていました。
629,满足,mǎn zú,to satisfy; to meet (the needs of),満足する,顾客对服务很满足。,顧客はサービスにとても満足している。,Customers are very satisfied with the service.,只有满足客户的需求，企业才能在激烈的市场竞争中立于不败之地。,顧客のニーズを満たしてこそ、企業は激しい市場競争で勝ち残れます。
630,毛病,máo bìng,fault; problem; defect; shortcomings; CL:个,欠点,车子有点毛病需要修。,車に少し不具合があり修理が必要だ。,The car has a slight problem and needs repair.,机器出现了一些毛病，必须马上维修，否则会影响生产进度。,機械にいくつかの故障が発生し、すぐに修理しなければ生産進度に影響します。
631,矛盾,máo dùn,contradictory; contradiction; CL:个,矛盾,他们之间存在矛盾。,彼らの間には矛盾が存在している。,There are conflicts between them.,家庭成员之间的矛盾需要通过沟通和理解来解决，避免激化。,家族間の矛盾はコミュニケーションと理解を通じて解決し、激化を避ける必要があります。
632,冒险,mào xiǎn,to take risks; to take chances; foray; adventure,冒険,勇敢者喜欢冒险旅行。,勇敢な人は冒険旅行が好きだ。,Brave people like adventure travel.,年轻人应该勇于冒险，尝试新的领域，才能获得更多成长机会。,若者は勇敢に冒険し、新しい分野に挑戦してこそ、多くの成長機会を得られます。
633,贸易,mào yì,(commercial) trade; CL:个,貿易,两国贸易关系密切。,両国の貿易関係は密接だ。,The trade relations between the two countries are close.,国际贸易促进了各国经济的互相依赖和共同发展。,国際貿易は各国の経済の相互依存と共同発展を促進しました。
634,媒体,méi tǐ,"media, esp. news media",メディア,媒体报道了重要新闻。,メディアは重要なニュースを報道した。,The media reported important news.,媒体在传播信息和引导舆论方面发挥着重要作用。,メディアは情報伝達と世論形成において重要な役割を果たしています。
635,煤炭,méi tàn,coal,石炭,煤炭是重要能源之一。,石炭は重要なエネルギー源の一つだ。,Coal is one of the important energy sources.,随着环保意识的提高，煤炭的使用逐渐减少，新能源发展加快。,環境保護意識の高まりとともに石炭の使用は徐々に減り、新エネルギーの開発が加速しています。
636,眉毛,méi mao,eyebrow; CL:根[gen1],眉毛,她的眉毛画得很漂亮。,彼女の眉毛はとてもきれいに描かれている。,Her eyebrows are drawn very beautifully.,她的眉毛修剪得很整齐，显得精神焕发。,彼女の眉毛はきちんと整えられており、生き生きとした印象を与えます。
637,美术,měi shù,art; fine arts; painting; CL:种[zhong3],美術,他对美术很有兴趣。,彼は美術にとても興味がある。,He is very interested in fine arts.,美术课程不仅培养学生的审美能力，还促进创造力的发展。,美術の授業は学生の審美力を養うだけでなく、創造力の発展も促進します。
638,魅力,mèi lì,charm; fascination; glamor; charisma,魅力,这座城市充满魅力。,この都市は魅力にあふれている。,This city is full of charm.,她的个人魅力吸引了许多朋友，成为大家喜欢的对象。,彼女の個人的な魅力は多くの友人を惹きつけ、皆に好かれる存在になっています。
639,梦想,mèng xiǎng,to dream of; to hope in vain,夢想,实现梦想需要努力。,夢を実現するには努力が必要だ。,Achieving dreams requires effort.,每个人都应该勇敢追求自己的梦想，不轻易放弃努力。,誰もが自分の夢を勇敢に追い求め、簡単に努力を諦めるべきではありません。
640,密切,mì qiè,close; familiar; intimate; closely (related); to foster close ties; to pay close attention,密接な,两国关系非常密切。,両国の関係は非常に密接だ。,The relations between the two countries are very close.,两国政府保持密切合作，共同应对全球性挑战。,両国政府は緊密な協力を維持し、共にグローバルな課題に対応しています。
641,秘密,mì mì,secret; CL:个,秘密,请保守这个秘密。,この秘密を守ってください。,Please keep this secret.,这次会议的内容属于秘密信息，未经允许不得外泄。,今回の会議内容は機密情報であり、許可なく漏らしてはなりません。
642,秘书,mì shū,secretary,秘書,秘书安排了会议日程。,秘書が会議のスケジュールを手配した。,The secretary arranged the meeting schedule.,秘书不仅负责安排日程，还要协助领导处理各种事务。,秘書はスケジュール管理だけでなく、リーダーの様々な業務処理も支援します。
643,蜜蜂,mì fēng,"bee; honeybee; CL:只[zhi1] ,群[qun2]",ミツバチ,蜜蜂采集花蜜酿蜜。,ミツバチは花の蜜を集めて蜂蜜を作る。,Bees collect nectar from flowers to make honey.,蜜蜂在花丛中忙碌采蜜，对于生态环境有重要作用。,蜂は花の群れの中で忙しく蜜を集め、生態環境に重要な役割を果たしています。
644,面对,miàn duì,to confront; to face,直面する,我们必须面对困难。,私たちは困難に直面しなければならない。,We must face difficulties.,面对困难，我们应该保持积极态度，寻找解决问题的方法。,困難に直面しても、積極的な態度を保ち、問題解決の方法を探すべきです。
645,面积,miàn jī,surface area,面積,房间面积有二十平方米。,部屋の面積は20平方メートルある。,The room area is 20 square meters.,这座公园的面积很大，拥有丰富的植被和休闲设施。,この公園の面積は広く、豊かな植生とレジャー施設があります。
646,面临,miàn lín,to face sth; to be confronted with,直面する,公司面临重大挑战。,会社は重大な挑戦に直面している。,The company is facing major challenges.,公司目前正面临激烈的市场竞争，需要及时调整战略。,会社は現在激しい市場競争に直面しており、迅速に戦略を調整する必要があります。
647,描写,miáo xiě,to describe; to depict; to portray; description,描写する,小说详细描写了环境。,小説は環境を詳細に描写している。,The novel describes the environment in detail.,小说中细腻地描写了主人公的内心世界和成长经历。,小説は主人公の内面世界と成長経験を細やかに描写しています。
648,苗条,miáo tiáo,slim; slender; graceful,スリムな,她身材苗条很健康。,彼女はスリムな体型でとても健康的だ。,She has a slim figure and is very healthy.,她身材苗条，穿着时尚，给人留下深刻的印象。,彼女はスリムな体型でファッショナブルな服装をしており、強い印象を残します。
649,敏感,mǐn gǎn,sensitive; susceptible; politically sensitive (pretext for censorship),敏感な,他对批评很敏感。,彼は批判にとても敏感だ。,He is very sensitive to criticism.,小孩子的皮肤比较敏感，家长要注意选择合适的护肤品。,子供の肌は比較的敏感なので、保護者は適切なスキンケア製品を選ぶ必要があります。
650,名牌,míng pái,famous brand,ブランド,她喜欢买名牌包包。,彼女はブランドバッグを買うのが好きだ。,She likes to buy brand-name bags.,名牌产品虽然价格较高，但质量和售后服务都更有保障。,有名ブランドの製品は価格が高いものの、品質とアフターサービスはより安心です。
651,名片,míng piàn,(business) card,名刺,请把名片递给我。,名刺を私に渡してください。,Please hand me the business card.,请把你的名片留给我，以便以后联系和合作。,あなたの名刺を私に渡してください、今後の連絡と協力のために。
652,名胜古迹,míng shèng gǔ jì,historical sites and scenic spots,名勝古跡,故宫是著名的名胜古迹。,故宮は有名な名勝古跡です。,The Forbidden City is a famous historical site.,这座城市拥有许多著名的名胜古迹，吸引了大量游客。,この都市には多くの有名な名勝古跡があり、多くの観光客を引きつけている。
653,明确,míng què,to clarify; explicit; clear-cut; definite; to specify; to make definite,明確な,他的态度非常明确。,彼の態度は非常に明確です。,His attitude is very clear.,我们需要明确项目的目标和完成时间，以确保进度顺利。,私たちはプロジェクトの目標と完成期限を明確にする必要があり、順調な進捗を保証する。
654,明显,míng xiǎn,obvious; distinct; clear,明らかな,成绩有明显的进步。,成績に明らかな進歩があります。,There is a noticeable improvement in the results.,他的能力明显超过了其他同事，因此被提升为经理。,彼の能力は他の同僚より明らかに優れているため、マネージャーに昇進した。
655,明星,míng xīng,star; celebrity,スター,她是当红的明星歌手。,彼女は人気のスター歌手です。,She is a popular star singer.,那位明星在电影中的表现非常出色，赢得了观众的喜爱。,あのスターは映画で素晴らしい演技をし、観客の人気を勝ち取った。
656,命令,mìng lìng,"order; command; CL:道[dao4] ,个",命令,军官下达了命令。,軍官が命令を下しました。,The officer gave the order.,军官严格执行上级的命令，确保任务按时完成。,将校は上司の命令を厳格に実行し、任務を期限内に完了させている。
657,命运,mìng yùn,destiny; fate; CL:个,運命,命运掌握在自己手中。,運命は自分の手の中に握られている。,Fate is in your own hands.,每个人的命运都掌握在自己手中，不能轻易放弃。,誰もが自分の運命を自分の手で握っており、簡単に諦めてはいけない。
658,摸,mō,to feel with the hand; to touch; to stroke; to grope; to feel (one's pulse),触る,请不要随意摸东西。,どうか勝手に物を触らないでください。,Please do not touch things casually.,请轻轻地摸一下这个物品，看看有没有损坏的地方。,この物をそっと触って、壊れているところがないか見てください。
659,摩托车,mó tuō chē,"motorbike; motorcycle; CL:辆[liang4] ,部[bu4]",バイク,他骑摩托车去上班。,彼はバイクに乗って出勤します。,He rides a motorcycle to work.,他每天骑摩托车上下班，节省了不少时间。,彼は毎日バイクで通勤していて、かなりの時間を節約している。
660,模仿,mó fǎng,to imitate; to copy; to emulate; to mimic; model,模倣する,孩子们喜欢模仿大人。,子供たちは大人の真似をするのが好きです。,Children like to imitate adults.,孩子们喜欢模仿大人的说话方式，学习语言很快。,子供たちは大人の話し方を真似するのが好きで、言語を早く習得する。
661,模糊,mó hu,vague; indistinct; fuzzy,曖昧な,他的回答有些模糊。,彼の答えは少し曖昧です。,His answer is somewhat vague.,照片上的字迹有些模糊，不太容易辨认。,写真の文字が少しぼやけていて、あまりはっきり読めない。
662,模特,mó tè,(fashion) model (loanword);,モデル,她是一位专业模特。,彼女はプロのモデルです。,She is a professional model.,她是一名专业模特，经常参加各种时装秀。,彼女はプロのモデルで、さまざまなファッションショーに頻繁に参加している。
663,陌生,mò shēng,strange; unfamiliar,見知らぬ,对陌生环境感到紧张。,見知らぬ環境に緊張を感じる。,Feeling nervous in an unfamiliar environment.,初次见面总觉得有些陌生，需要时间来适应。,初めて会うと、いつも少しよそよそしい感じがして、慣れるのに時間が必要だ。
664,某,mǒu,a certain; sb or sth indefinite; some; such-and-such,ある,某一天我们会成功。,いつか私たちは成功するでしょう。,One day we will succeed.,某些问题需要我们认真分析，不能草率决定。,ある問題については慎重に分析する必要があり、軽率に決めてはいけない。
665,木头,mù tou,"slow-witted; blockhead; log (of wood, timber etc); CL:块[kuai4] ,根[gen1]",木材,这张桌子是木头做的。,この机は木でできています。,This table is made of wood.,这块木头非常坚硬，适合制作家具。,この木材は非常に硬く、家具の製作に適している。
666,目标,mù biāo,target; goal; objective; CL:个,目標,设定清晰的目标很重要。,明確な目標を設定することはとても重要です。,Setting clear goals is very important.,公司的长期目标是成为行业内的领先者。,会社の長期目標は業界のリーダーになることである。
667,目录,mù lù,catalog; table of contents; directory (on computer hard drive); list; contents,目次,请看书的目录部分。,本の目次の部分を見てください。,Please look at the table of contents of the book.,请查看目录，找到你感兴趣的章节阅读。,目次を確認して、興味のある章を見つけて読んでください。
668,目前,mù qián,at the present time; currently,現在,目前情况很复杂。,現在の状況はとても複雑です。,The current situation is very complicated.,目前我们正在进行产品的最后测试阶段。,現在、私たちは製品の最終テスト段階を進めている。
669,哪怕,nǎ pà,no matter how; even; even if; even though,たとえ〜でも,哪怕下雨也要去。,たとえ雨が降っても行きます。,I will go even if it rains.,哪怕遇到困难，他也从不轻易放弃自己的梦想。,たとえ困難に直面しても、彼は決して自分の夢を簡単に諦めない。
670,难怪,nán guài,(it's) no wonder (that...); (it's) not surprising (that),不思議でない,他病了，难怪没来。,彼は病気だったので、来なかったのも無理はありません。,"He was sick, no wonder he didn't come.",他这么晚还没回来，难怪大家都很担心。,彼がこんなに遅くまで帰ってこないので、みんなが心配するのも無理はない。
671,难免,nán miǎn,hard to avoid; difficult to escape from,免れにくい,犯错是难免的事。,間違いを犯すのは避けられないことです。,Making mistakes is inevitable.,面对挑战，难免会感到紧张和不安。,挑戦に直面すると、緊張や不安を感じるのは避けられない。
672,脑袋,nǎo dài,"head; skull; brain; mental capability; CL:颗[ke1] ,个",頭,他脑袋很聪明。,彼は頭がとても賢いです。,He is very smart.,他脑袋转得很快，能够迅速解决问题。,彼は頭の回転が速く、問題を素早く解決できる。
673,内部,nèi bù,"interior; inside (part, section); internal;",内部,公司内部有规定。,会社の内部には規則があります。,There are rules inside the company.,公司的内部管理制度正在不断完善中。,会社の内部管理制度は絶えず改善されている。
674,内科,nèi kē,"medicine; 'internal' medicine, i.e. treatment by administering drugs, as opposed to surgical intervention; medical department",内科,我去医院看内科医生。,私は病院で内科医に診てもらいます。,I go to the hospital to see an internist.,这家医院的内科医生非常有经验，值得信赖。,この病院の内科医はとても経験豊富で、信頼できる。
675,嫩,nèn,tender; soft; delicate; light (color); inexperienced; unskilled,柔らかい,这块肉很嫩。,この肉はとても柔らかいです。,This piece of meat is very tender.,春天的嫩叶在阳光下显得格外美丽。,春の若葉は陽の光の下で特に美しく見える。
676,能干,néng gàn,capable; competent,有能な,他是个能干的员工。,彼は有能な社員です。,He is a capable employee.,她是一个非常能干的员工，完成任务总是很出色。,彼女はとても有能な社員で、任務をいつも優秀にこなす。
677,能源,néng yuán,energy; power source; CL:个,エネルギー,新能源很受重视。,新エネルギーは非常に重視されています。,New energy is highly valued.,发展新能源是解决环境问题的关键之一。,新エネルギーの開発は環境問題を解決するための鍵の一つである。
678,嗯,ńg,m-hm (sound used to express agreement or assent),うん,嗯，我同意你的看法。,うん、あなたの意見に賛成です。,"Hmm, I agree with your opinion.",嗯，我觉得你的建议很有道理，我们可以试试看。,うん、君の提案はとても理にかなっていると思う。試してみよう。
679,年代,nián dài,a decade of a century (e.g. the Sixties); age; era; period; CL:个,年代,这是上世纪九十年代的歌。,これは20世紀90年代の歌です。,This is a song from the 1990s.,那个年代的电影充满了怀旧的气息。,あの時代の映画はノスタルジックな雰囲気に満ちている。
680,年纪,nián jì,"year (in school, college etc); grade CL:把[ba3] ,个",年齢,他年纪比我大三岁。,彼は私より3歳年上です。,He is three years older than me.,尽管年纪不大，他的见识却非常丰富。,年齢は若いが、彼の見識は非常に豊かだ。
681,念,niàn,"to miss (someone); to read (aloud); to study (a degree course); to miss (sb); idea; remembrance; twenty (banker's anti-fraud numeral corresponding to 廿, 20)",読む,她喜欢念书。,彼女は読書が好きです。,She likes reading.,她每天都会念几页书，保持学习的习惯。,彼女は毎日数ページの本を音読し、学習習慣を保っている。
682,宁可,nìng kě,preferably; one would prefer to...(or not to...); would rather; (would) be better to; (to pick) the lesser of two evils,むしろ,宁可努力也不放弃。,努力しても諦めないほうがいい。,Better to work hard than to give up.,宁可失败，也要坚持自己的梦想，不轻易放弃。,失敗しても、自分の夢をあきらめずに貫く方がいい。
683,牛仔裤,niú zǎi kù,jeans; CL:条[tiao2],ジーンズ,他穿着一条牛仔裤。,彼はジーンズを履いています。,He is wearing a pair of jeans.,他喜欢穿牛仔裤，因为既舒适又时尚。,彼はジーンズを履くのが好きだ。快適でファッショナブルだから。
684,农村,nóng cūn,rural area; village; CL:个,農村,农村生活比较安静。,田舎の生活は比較的静かです。,Rural life is relatively quiet.,农村的发展离不开科技的支持和资金投入。,農村の発展は科学技術の支援と資金投入なしには成り立たない。
685,农民,nóng mín,peasant; CL:个,農民,农民辛勤劳动。,農民は勤勉に働いています。,Farmers work diligently.,农民们辛勤劳动，保障了粮食的丰收。,農民たちは懸命に働き、穀物の豊作を支えている。
686,农业,nóng yè,agriculture; farming,農業,农业是国家基础产业。,農業は国の基礎産業です。,Agriculture is the country's basic industry.,农业现代化是国家经济发展的重要方向。,農業の現代化は国家経済発展の重要な方向である。
687,浓,nóng,concentrated; dense,濃い,这里的咖啡味道很浓。,ここのコーヒーは味が濃いです。,The coffee here has a strong flavor.,这道菜的味道很浓，香料用得非常恰当。,この料理は味が濃く、香辛料の使い方が非常に適切だ。
688,女士,nv3 shì,"lady; madam; CL:个,位[wei4]",女性,这位女士很有礼貌。,この女性はとても礼儀正しいです。,This lady is very polite.,女士们请注意，会议将在十分钟后开始。,ご婦人の皆様、ご注意ください。会議は10分後に始まります。
689,欧洲,ōu zhōu,Europe; European,ヨーロッパ,他计划去欧洲旅游。,彼はヨーロッパ旅行を計画しています。,He plans to travel to Europe.,欧洲的历史文化遗产吸引了众多游客前来参观。,ヨーロッパの歴史的文化遺産は多くの観光客を惹きつけている。
690,偶然,ǒu rán,incidentally; occasional; occasionally; by chance; randomly,偶然,我们偶然遇见了老朋友。,私たちは偶然に旧友に会いました。,We met an old friend by chance.,这次偶然的相遇让他们成为了很好的朋友。,この偶然の出会いが彼らを良い友達にした。
691,拍,pāi,to take (a photograph);to clap; to pat; to slap; fly-swatter; racket,撮る,请帮我拍张照片。,写真を一枚撮ってください。,Please take a photo for me.,摄影师耐心地拍摄了许多精彩的照片。,写真家は辛抱強く多くの素晴らしい写真を撮影した。
692,派,pài,clique; school; group; faction; to dispatch; to send; to assign; to appoint; pi (Greek letter Ππ); the circular ratio pi = 3.1415926,派遣する,公司派他去出差。,会社は彼を出張に派遣しました。,The company sent him on a business trip.,老师派学生们完成这次的课外调查任务。,先生は生徒たちに今回の課外調査の課題を割り当てた。
693,盼望,pàn wàng,to hope for; look forward to,待ち望む,我们盼望假期到来。,私たちは休暇の到来を待ち望んでいます。,We are looking forward to the holiday.,我们都盼望着早日实现和平与发展。,私たちは皆、早く平和と発展が実現することを望んでいる。
694,培训,péi xùn,to cultivate; to train; to groom; training,研修,他参加了培训课程。,彼は研修コースに参加しました。,He attended the training course.,公司为新员工提供了系统的培训课程。,会社は新入社員に体系的な研修コースを提供した。
695,培养,péi yǎng,to educate; to nurture; to breed; to groom (for a position),育てる,学校培养学生能力。,学校は学生の能力を育成します。,The school cultivates students' abilities.,学校注重培养学生的创新能力和实践能力。,学校は学生の創造力と実践力の育成を重視している。
696,赔偿,péi cháng,to compensate,賠償する,公司赔偿了损失。,会社は損失を補償しました。,The company compensated for the loss.,由于工厂的失误，公司不得不进行赔偿。,工場のミスにより、会社は賠償をしなければならなかった。
697,佩服,pèi fú,admire,感服する,我很佩服他的勇气。,私は彼の勇気をとても尊敬しています。,I really admire his courage.,我非常佩服他的坚持和努力精神。,私は彼の粘り強さと努力の精神を非常に尊敬している。
698,配合,pèi hé,matching; fitting in with; compatible with; to correspond; to fit; to conform to; rapport; to coordinate with; to act in concert with; to cooperate; to become man and wife; to combine parts of machine,協力する,大家配合完成任务。,みんなで協力して任務を完成させます。,Everyone cooperates to complete the task.,两个部门需要密切配合，才能完成这个项目。,2つの部署は密接に連携しなければ、このプロジェクトを完成できない。
699,盆,pén,"basin; flower pot; unit of volume equal to 12 斗 and 8 升, approx 128 liters; CL:个",鉢,花盆里种着鲜花。,植木鉢には花が植えられています。,There are flowers planted in the flowerpot.,花盆里的花开得很漂亮，吸引了很多蝴蝶。,鉢植えの花がとても綺麗に咲き、多くの蝶を引きつけている。
700,碰,pèng,to touch; to meet with; to bump;,ぶつかる,他不小心碰到了桌子。,彼は不注意で机にぶつかりました。,He accidentally bumped into the table.,他不小心碰到了玻璃杯，导致它摔碎了。,彼はうっかりグラスにぶつかって、割れてしまった。
701,批,pī,"to ascertain; to act on; to criticize; to pass on; classifier for batches, lots, military flights; tier (for the ranking of universities and colleges)",批判,他批评了这部电影。,彼はこの映画を批評した。,He criticized this movie.,这批货物经过严格检查后才允许发出，确保质量无误。,この批の貨物は厳しい検査を経てからようやく出荷が許可され、品質に間違いがないことを保証している。
702,批准,pī zhǔn,to approve; to ratify,批准,政府批准了计划。,政府は計画を承認した。,The government approved the plan.,政府已经正式批准了这个新的环保项目，预计明年开始实施。,政府はすでにこの新しい環境保護プロジェクトを正式に批准し、来年から実施される予定だ。
703,披,pī,to drape over one's shoulders; to unroll; to split open; to spread out,披着,她披着红色大衣。,彼女は赤いコートを羽織っている。,She is wearing a red coat.,他披上外套，准备迎接寒冷的冬天。,彼はコートを羽織って、寒い冬を迎える準備をした。
704,疲劳,pí láo,fatigue; wearily; weariness; weary,疲労,他感到非常疲劳。,彼はとても疲れていると感じた。,He felt very tired.,长时间的工作使他感到非常疲劳，需要好好休息。,長時間の仕事で彼は非常に疲労を感じており、しっかり休息が必要だ。
705,匹,pǐ,"classifier for horses, mules and tissue; ordinary person",匹（動物）,这匹马跑得快。,この馬は速く走る。,This horse runs fast.,这匹马速度很快，曾在多次比赛中获得冠军。,この馬は速度が速く、何度も競技で優勝したことがある。
706,片,piàn,"thin piece; flake; a slice; film; TV play; to slice; to carve thin; partial; incomplete; one-sided; classifier for slices, tablets, tract of land, area of water; classifier for CDs, movies, DVDs etc; used with numeral 一[yi1]: classifier for scenario, scene, feeling, atmosphere, sound etc",片（薄片）,切一片面包吧。,パンを一切れ切ってください。,Please cut a slice of bread.,请给我一片面包，我现在很饿。,パンを一切れください。私は今とてもお腹が空いています。
707,片面,piàn miàn,unilateral; one-sided,片面,他的观点很片面。,彼の見解は非常に偏っている。,His viewpoint is very one-sided.,他的看法过于片面，没有考虑到事情的复杂性。,彼の意見は偏っており、物事の複雑さを考慮していない。
708,飘,piāo,to float,飘扬,旗子在风中飘。,旗が風に揺れている。,The flag is fluttering in the wind.,秋天的落叶在风中飘得很远，景色十分美丽。,秋の落ち葉が風に舞って遠くまで漂い、景色がとても美しい。
709,拼音,pīn yīn,pinyin (Chinese romanization); phonetic writing,拼音,汉字用拼音标注。,漢字はピンインで注音されている。,Chinese characters are annotated with pinyin.,学习拼音是掌握汉语发音的基础，不能忽视。,ピンインを学ぶことは中国語の発音を習得する基礎であり、無視してはいけない。
710,频道,pín dào,frequency; (television) channel,频道,我换了新闻频道。,私はニュースチャンネルを変えた。,I changed the news channel.,这个频道每天晚上八点播出新闻节目，收视率很高。,このチャンネルは毎晩8時にニュース番組を放送しており、視聴率が非常に高い。
711,凭,píng,"to lean against; to rely on; on the basis of; no matter (how, what etc); proof",凭借,凭努力获得成功。,努力によって成功を得る。,Success is achieved through effort.,凭借多年的经验，他成功解决了这个复杂的问题。,長年の経験を頼りに、彼はこの複雑な問題をうまく解決した。
712,平均,píng jūn,average; on average; evenly; in equal proportions,平均,他平均每天学习三小时。,彼は平均して毎日三時間勉強する。,He studies three hours every day on average.,这家公司的员工平均年龄不到三十岁，充满活力。,この会社の従業員の平均年齢は30歳未満で、活気に満ちている。
713,平,píng,flat; level; equal; to tie (make the same score); to draw (score); calm; peaceful,平坦,道路非常平坦。,道は非常に平らだ。,The road is very flat.,这条路很平，适合骑自行车和散步。,この道は平らで、自転車に乗ったり散歩したりするのに適している。
714,平安,píng 'ān,safe and sound; well; without mishap; quiet and safe; at peace;,平安,祝你旅途平安。,旅の安全を祈ります。,I wish you a safe journey.,我们希望大家平安回家，度过一个温馨的假期。,私たちは皆が無事に帰宅し、温かい休日を過ごすことを願っている。
715,平常,píng cháng,ordinary; common; usually; ordinarily,平常,这只是平常现象。,これはただの普通の現象だ。,This is just a common phenomenon.,他平常很努力学习，很少参加娱乐活动。,彼は普段とても努力して勉強しており、めったに娯楽活動に参加しない。
716,平等,píng děng,equality; equal,平等,我们追求性别平等。,私たちは男女平等を追求する。,We pursue gender equality.,社会应该保证每个人享有平等的权利和机会。,社会はすべての人が平等な権利と機会を享受できるよう保障すべきだ。
717,平方,píng fāng,"square (as in square foot, square mile, square root)",平方,房间有二十平方米。,部屋は20平方メートルある。,The room is twenty square meters.,这个房间的面积是二十平方米，适合两个人居住。,この部屋の面積は20平方メートルで、二人が住むのに適している。
718,平衡,píng héng,balance; equilibrium,平衡,保持生态平衡很重要。,生態のバランスを保つことはとても重要だ。,Maintaining ecological balance is very important.,国家经济的发展需要保持各方面的平衡与协调。,国の経済発展には各方面のバランスと調整を保つことが必要だ。
719,平静,píng jìng,tranquil; undisturbed; serene,平静,湖水非常平静。,湖の水は非常に静かだ。,The lake water is very calm.,湖面平静如镜，倒映着蓝天白云的美景。,湖面は鏡のように静かで、青空と白い雲の美しい景色が映っている。
720,评价,píng jià,to evaluate; to assess,評価,老师评价了学生作文。,先生は生徒の作文を評価した。,The teacher evaluated the student's composition.,专家对这部电影的艺术价值给予了高度评价。,専門家はこの映画の芸術的価値に高い評価を与えた。
721,破产,pò chǎn,to go bankrupt; to become impoverished; bankruptcy,破産,公司因为亏损破产。,会社は赤字のため倒産した。,The company went bankrupt due to losses.,由于经营不善，公司最终不得不宣布破产。,経営不振のため、会社は最終的に破産を宣言せざるを得なかった。
722,破坏,pò huài,destruction; damage; to wreck; to break; to destroy,破壊,建筑被地震破坏。,建物は地震で破壊された。,The building was damaged by the earthquake.,乱扔垃圾不仅破坏环境，还影响城市的形象。,ゴミのポイ捨ては環境を破壊するだけでなく、都市のイメージにも影響する。
723,迫切,pò qiè,urgent; pressing,切迫,救援工作非常迫切。,救援活動は非常に緊急だ。,The rescue work is very urgent.,面对突发的灾难，救援工作显得尤为迫切。,突発的な災害に直面し、救援活動は特に緊急を要している。
724,期待,qī dài,to look forward to; to await; expectation,期待,我期待明天的比赛。,私は明日の試合を楽しみにしている。,I am looking forward to tomorrow's match.,我们都期待着明天的比赛能够取得好成绩。,私たちは皆、明日の試合で良い成績を収めることを期待している。
725,期间,qī jiān,period of time; time; time period; period; CL:个,期間,假期期间我们旅游了。,休暇中に私たちは旅行した。,We traveled during the holiday.,在实习期间，他学到了很多专业知识和实践经验。,実習期間中に、彼は多くの専門知識と実践経験を学んだ。
726,其余,qí yú,the rest; the others; remaining; remainder; apart from them,その余り,其余的书我已读完。,残りの本はすでに読み終えた。,I have finished reading the remaining books.,会议结束后，其他人都离开了，只有其余的人留了下来讨论。,会議終了後、他の人は皆帰ったが、残りの人たちだけが残って議論した。
727,奇迹,qí jì,miracle; miraculous; wonder; marvel,奇跡,这真是一个奇迹。,これは本当に奇跡だ。,This is truly a miracle.,这次救援行动被誉为人类历史上的奇迹。,今回の救援活動は人類の歴史における奇跡と称えられている。
728,企业,qǐ yè,company; firm; enterprise; corporation; CL:家[jia1],企業,企业发展很快。,企業の発展はとても速い。,The enterprise is developing rapidly.,这家企业在市场竞争中不断创新，发展迅速。,この企業は市場競争の中で絶えず革新し、急速に発展している。
729,启发,qǐ fā,to enlighten; to explain and arouse interest; to inspire; inspiration; heuristic (attributively); to teach; CL:个,啓発,这本书启发了我。,この本は私に啓発を与えた。,This book inspired me.,老师的讲解启发了学生们的思考和创造力。,先生の説明は生徒たちの思考と創造力を刺激した。
730,气氛,qì fēn,atmosphere; mood,雰囲気,餐厅气氛很浪漫。,レストランの雰囲気はとてもロマンチックだ。,The restaurant's atmosphere is very romantic.,节日的气氛让整个城市充满了欢乐和温暖。,祭りの雰囲気が街全体に喜びと温かさを満たしている。
731,汽油,qì yóu,gas; gasoline; CL:升[sheng1],ガソリン,汽车需要加汽油。,車はガソリンを入れる必要がある。,The car needs refueling.,汽车加满了汽油，准备开始长途旅行。,車はガソリンを満タンにして、長距離旅行の準備を整えた。
732,签,qiān,to sign one's name; to make brief comments on a document; autograph; visa,署名,请在这里签名。,ここに署名してください。,Please sign here.,请在合同上签名，以确认双方的权益。,契約書に署名してください。双方の権利を確認するためです。
733,谦虚,qiān xū,modest; self-effacing; to make modest remarks,謙虚,他为人非常谦虚。,彼はとても謙虚な人だ。,He is a very humble person.,他为人谦虚，从不夸耀自己的成绩。,彼は謙虚な人で、自分の成果を決して誇示しない。
734,前途,qián tú,future outlook; prospects; journey,将来,年轻人应有前途。,若者は将来性があるべきだ。,Young people should have a promising future.,年轻人应该为自己的前途制定清晰的规划。,若者は自分の将来のために明確な計画を立てるべきだ。
735,浅,qiǎn,"shallow, not deep; superficial",浅い,这条河水很浅。,この川の水は浅い。,The water in this river is shallow.,这条河水很浅，孩子们可以安全地玩耍。,この川の水は浅くて、子供たちが安全に遊べる。
736,欠,qiàn,deficient; owe; to lack; yawn,欠く,我欠你一份人情。,私はあなたに恩がある。,I owe you a favor.,他欠银行的钱已经还清了，不再负债。,彼は銀行への借金をすでに完済し、もう負債はない。
737,枪,qiāng,"gun; firearm; rifle; spear; CL:支[zhi1] ,把[ba3]",銃,他携带了一把枪。,彼は銃を一丁携帯していた。,He carried a gun.,警方在犯罪现场发现了一把枪，开始调查线索。,警察は犯罪現場で銃を発見し、手がかりの調査を始めた。
738,墙,qiáng,"wall; CL:面[mian4] ,堵[du3]",壁,墙上挂着画。,壁に絵が掛かっている。,There is a painting hanging on the wall.,墙上挂着一幅美丽的风景画，装饰了整个房间。,壁には美しい風景画が掛けられていて、部屋全体を飾っている。
739,强调,qiáng diào,to emphasize (a statement); to stress,強調,老师强调了重点。,先生は重点を強調した。,The teacher emphasized the key points.,他在会议中强调了团队合作的重要性。,彼は会議でチームワークの重要性を強調した。
740,强烈,qiáng liè,intense; (violently) strong,強烈,他有强烈的责任感。,彼は強い責任感を持っている。,He has a strong sense of responsibility.,这次地震引起了强烈的震感，导致建筑受损严重。,今回の地震は強烈な揺れを引き起こし、建物に深刻な被害をもたらした。
741,抢,qiǎng,to fight over; to rush; to scramble; to grab; to rob; to snatch,争抢,孩子们抢着玩玩具。,子供たちはおもちゃを奪い合って遊んでいる。,The children are scrambling to play with the toys.,他抢先一步，成功地抢到了最后一张演唱会门票。,彼は先に行動して、最後のコンサートチケットを見事に手に入れた。
742,悄悄,qiāo qiāo,stealthily; quietly; secretly;,こっそり,他悄悄离开了房间。,彼はこっそりと部屋を出た。,He quietly left the room.,孩子们悄悄地进入房间，生怕吵醒了正在睡觉的妈妈。,子供たちは静かに部屋に入り、寝ている母親を起こさないように気をつけた。
743,瞧,qiáo,to look at; to see,見る,瞧，那边有个朋友。,ほら、あちらに友達がいるよ。,"Look, there is a friend over there.",我瞧见他昨天在图书馆里认真地学习。,私は昨日彼が図書館で真剣に勉強しているのを見かけた。
744,巧妙,qiǎo miào,ingenious; clever,巧妙,他设计了巧妙方案。,彼は巧妙な計画を設計した。,He designed a clever plan.,设计师巧妙地利用光线，营造出了温馨的氛围。,デザイナーは巧みに光を利用して、温かい雰囲気を作り出した。
745,切,qiē,to cut; to slice; tangent (math),切る,请切一块蛋糕。,ケーキを一切れ切ってください。,Please cut a piece of cake.,医生建议他每天切水果，补充维生素和营养。,医者は彼に毎日果物を切って、ビタミンと栄養を補うよう勧めた。
746,亲爱,qīn ài,Dear or beloved (way of starting a letter),親愛,亲爱的朋友请进。,親愛なる友よ、どうぞお入りください。,"Dear friend, please come in.",亲爱的朋友，谢谢你一直以来的支持和帮助。,親愛なる友よ、これまでの支援と助けに感謝します。
747,亲切,qīn qiè,amiable; friendliness; gracious; hospitality; intimate; cordial; kind; close and dear; familiar,親切,她对大家很亲切。,彼女はみんなにとても親切だ。,She is very kind to everyone.,老板对员工非常亲切，大家都很喜欢他。,社長は従業員に非常に親切で、皆からとても好かれている。
748,亲自,qīn zì,personally,自ら,他亲自参加会议。,彼は自ら会議に参加した。,He personally attended the meeting.,他亲自去市场采购新鲜的蔬菜和水果。,彼は自ら市場に行って新鮮な野菜と果物を買い求めた。
749,勤奋,qín fèn,hardworking; diligent,勤勉,他勤奋学习汉语。,彼は熱心に中国語を勉強している。,He studies Chinese diligently.,勤奋学习是取得好成绩的关键，没有捷径可走。,勤勉に勉強することは良い成績を取る鍵であり、近道はない。
750,清淡,qīng dàn,"light (of food, not greasy or strongly flavored); insipid; slack (sales)",あっさり,这道菜味道清淡。,この料理は味があっさりしている。,This dish tastes light.,这家餐厅的菜肴口味清淡，适合喜欢健康饮食的人。,このレストランの料理は味があっさりしていて、健康的な食事を好む人に適している。
751,轻视,qīng shì,contempt; contemptuous; to despise; to scorn; scornful,軽視,不要轻视小问题。,小さな問題を軽視してはいけません。,Don't underestimate small problems.,不要轻视任何一个小细节，因为它们可能影响整个项目的成败。,どんな小さな細かい点も軽視してはいけません、それらがプロジェクト全体の成功や失敗に影響を与えることがあるからです。
752,轻易,qīng yì,easily; lightly; rashly;,軽易,事情不能轻易决定。,物事は簡単に決められません。,Things cannot be decided easily.,他轻易地相信了陌生人的话，结果遭受了很大的损失。,彼は簡単に見知らぬ人の話を信じてしまい、その結果大きな損失を被りました。
753,青,qīng,green or blue; nature's color; greenish black; abbr. for Qinghai province 青海,青色,青山绿水很美。,青い山と緑の水はとても美しいです。,The green mountains and clear waters are beautiful.,青山绿水是大自然赋予我们的宝贵财富，必须好好保护。,青い山と緑の水は大自然が私たちに与えた貴重な財産であり、大切に守らなければなりません。
754,青春,qīng chūn,youth; youthfulness,青春,青春是宝贵的时光。,青春は貴重な時期です。,Youth is a precious time.,青春是人生中最宝贵的时光，需要我们好好珍惜和把握。,青春は人生で最も貴重な時間であり、私たちはそれを大切にし、しっかりとつかむ必要があります。
755,青少年,qīng shào nián,teenager; teenage; an adolescent; a youth; young person,青少年,青少年应该多锻炼。,青少年はもっと運動すべきです。,Teenagers should exercise more.,青少年时期的教育对一个人的一生产生深远的影响。,青少年期の教育は一人の人生に深遠な影響を与えます。
756,情景,qíng jǐng,scene; sight; circumstances; CL:个,情景,那个情景令人感动。,その情景は感動的でした。,That scene was touching.,在那个特殊的情景下，他表现出了非凡的冷静和智慧。,あの特別な情景の中で、彼は並外れた冷静さと知恵を見せました。
757,情绪,qíng xù,feeling; sentiment; CL:种[zhong3],感情,他情绪很不稳定。,彼は感情がとても不安定です。,He is very emotionally unstable.,情绪的波动会直接影响一个人的判断和决策能力。,感情の動揺は直接に人の判断や決定能力に影響を与えます。
758,请求,qǐng qiú,to request; request; to ask; CL:个,お願い,我请求你的帮助。,あなたの助けをお願い致します。,I ask for your help.,他向公司提出了合理的请求，希望能够得到支持和帮助。,彼は会社に合理的な要望を提出し、支援と助けを得たいと望みました。
759,庆祝,qìng zhù,to celebrate,祝賀,大家一起庆祝成功。,みんなで一緒に成功を祝いました。,Everyone celebrated the success together.,我们计划在节日期间举行盛大的庆祝活动，欢迎大家参加。,私たちは祝日に盛大な祝賀イベントを開催する予定で、皆さんの参加を歓迎します。
760,球迷,qiú mí,soccer fan; crazy about ball sports; CL:个,球迷,他是个狂热球迷。,彼は熱狂的なファンです。,He is an enthusiastic fan.,作为一名忠实的球迷，他每场比赛都准时观看并热烈支持球队。,忠実なサッカーファンとして、彼は毎試合時間通りに観戦し、熱烈にチームを応援しています。
761,趋势,qū shì,trend; tendency,傾向,市场趋势正在变化。,市場の動向が変わりつつあります。,The market trend is changing.,随着科技的发展，智能设备的普及成为不可逆转的趋势。,科学技術の発展に伴い、スマートデバイスの普及は不可逆的な傾向となっています。
762,取消,qǔ xiāo,to cancel; cancellation,取消,会议因故取消了。,会議は事情により中止されました。,The meeting was canceled due to certain reasons.,由于天气恶劣，原定的航班不得不临时取消。,悪天候のため、予定されていたフライトは急遽キャンセルせざるを得ませんでした。
763,娶,qǔ,to take a wife; to marry (a woman),娶る,他打算明年娶妻。,彼は来年結婚するつもりです。,He plans to get married next year.,他决定娶自己多年的恋人，共同开始新的生活。,彼は長年の恋人と結婚し、一緒に新しい生活を始めることに決めました。
764,去世,qù shì,to pass away; to die,逝去,他的爷爷去年去世。,彼の祖父は去年亡くなりました。,His grandfather passed away last year.,他的祖父去年去世，家里人都非常悲痛。,彼の祖父は去年亡くなり、家族は皆非常に悲しんでいます。
765,圈,quān,"circle; ring; loop; classifier for loops, orbits, laps of race etc; CL:个",輪,他们画了一个大圈。,彼らは大きな円を描きました。,They drew a big circle.,这个圈子里的人大多从事艺术相关的工作。,この圈（サークル）の人々はほとんどが芸術関連の仕事に従事しています。
766,全面,quán miàn,all-around; comprehensive; total; overall,全面,需要全面考虑问题。,問題を全面的に考慮する必要があります。,It is necessary to consider the problem comprehensively.,政府正在采取全面措施以促进经济的稳定发展。,政府は経済の安定的な発展を促進するために全面的な措置を講じています。
767,权利,quán lì,privilege; right; power,権利,每个人都有权利。,誰にでも権利があります。,Everyone has rights.,每个人都应该享有平等的权利和自由。,誰もが平等な権利と自由を享受すべきです。
768,权力,quán lì,authority; power,権力,权力需要被监督。,権力は監督される必要があります。,Power needs to be supervised.,权力的滥用往往导致社会的不公和矛盾。,権力の乱用はしばしば社会の不公正や対立を引き起こします。
769,劝,quàn,to advise; to urge; to try to persuade; to exhort,勧める,我劝你多学习。,私はあなたにもっと勉強するよう勧めます。,I advise you to study more.,老师劝学生们认真学习，不要浪费宝贵的时间。,先生は生徒たちに真剣に勉強するよう勧め、貴重な時間を無駄にしないようにと言いました。
770,缺乏,quē fá,shortage; be lacking; to be short of; to lack; scarcity,欠如,他缺乏自信心。,彼は自信が欠けています。,He lacks self-confidence.,缺乏锻炼是导致身体虚弱的主要原因之一。,運動不足は体が弱くなる主な原因の一つです。
771,确定,què dìng,definite; certain; fixed; to fix (on sth); to determine; to be sure; to ensure; to make certain; to ascertain; to clinch; to recognize; to confirm; OK (on computer dialog box),確定,结果已经确定了。,結果はすでに決まっています。,The result has already been determined.,我们需要尽快确定项目的具体实施方案。,私たちはできるだけ早くプロジェクトの具体的な実施計画を確定する必要があります。
772,确认,què rèn,to confirm; to verify; confirmation,確認,请确认您的信息。,あなたの情報を確認してください。,Please confirm your information.,请您确认一下订单信息，确保无误后再提交。,注文情報を確認して、間違いがないことを確認してから提出してください。
773,群,qún,group; crowd; flock; herd; pack,群れ,一群鸟飞过天空。,一群の鳥が空を飛んでいます。,A flock of birds is flying across the sky.,公园里有一群孩子正在快乐地玩耍。,公園には一群の子供たちが楽しそうに遊んでいます。
774,燃烧,rán shāo,to ignite; combustion; flaming; kindle,燃焼,火焰正在燃烧木材。,炎が木材を燃やしています。,The flames are burning the wood.,篝火在夜晚熊熊燃烧，给人们带来温暖和光明。,篝火が夜に激しく燃え、人々に温かさと光をもたらしました。
775,绕,rào,to wind; to coil (thread); to rotate around; to spiral; to move around; to go round (an obstacle); to by-pass; to make a detour; to confuse; to perplex,回る,他绕过了障碍物。,彼は障害物を回り道しました。,He went around the obstacle.,这条路被树木和建筑物绕得看不清尽头。,この道は木々や建物にぐるぐる囲まれて、終わりが見えません。
776,热爱,rè ài,to love ardently; to adore,熱愛,她热爱音乐和舞蹈。,彼女は音楽とダンスを熱愛しています。,She loves music and dance.,他对音乐的热爱使他成为了一名优秀的钢琴家。,彼の音楽への熱愛が彼を優秀なピアニストにしました。
777,热烈,rè liè,warm (welcome etc),熱烈,观众反应非常热烈。,観客の反応は非常に熱烈でした。,The audience's reaction was very enthusiastic.,大家用热烈的掌声欢迎新任校长的到来。,みんなは熱烈な拍手で新任校長の到着を歓迎しました。
778,热心,rè xīn,enthusiasm; zeal; zealous; zest; enthusiastic; ardent; warmhearted,熱心,他是个热心志愿者。,彼は熱心なボランティアです。,He is a passionate volunteer.,他是一个热心助人的好邻居，大家都很喜欢他。,彼は親切で助け合う良い隣人で、みんな彼をとても好いています。
779,人才,rén cái,a person's talent; talented person; distinguished person; a talent (worth head-hunting); person's looks; an attractive woman; used interchangeably with 人材; CL:个,人材,公司需要更多人才。,会社はもっと多くの人材を必要としています。,The company needs more talents.,企业的发展离不开高素质的人才支持。,企業の発展は高い素質を持つ人材の支援なしには成り立ちません。
780,人口,rén kǒu,population,人口,城市人口持续增长。,都市の人口は持続的に増加しています。,The urban population is continuously growing.,我国的人口结构正在经历显著的变化。,我が国の人口構造は顕著な変化を経験しています。
781,人类,rén lèi,humanity; human race; mankind,人類,保护人类共同家园。,人類の共通の家を守りましょう。,Protect the common home of humanity.,人类对环境保护的认识逐渐提高，开始采取行动。,人類は環境保護への認識を徐々に高め、行動を起こし始めています。
782,人民币,rén mín bì,Renminbi (RMB); Chinese Yuan (CNY),人民元,人民币汇率有所变动。,人民元の為替レートに変動があります。,The RMB exchange rate has some fluctuations.,人民币的国际地位逐步提升，影响力日益增强。,人民元の国際的地位は徐々に向上し、影響力が日増しに強まっています。
783,人生,rén shēng,human life,人生,人生充满挑战和机会。,人生は挑戦と機会に満ちています。,Life is full of challenges and opportunities.,人生充满了各种挑战和机遇，需要勇敢面对。,人生は様々な挑戦と機会に満ちており、勇敢に立ち向かう必要があります。
784,人事,rén shì,human resources; personnel; human affairs; ways of the world; consciousness of the world; what is humanly possible; personnel matters; sexual awareness; sexual passion; facts of life,人事,他负责公司人事工作。,彼は会社の人事業務を担当しています。,He is responsible for the company's personnel work.,公司的人事部门负责招聘和员工管理工作。,会社の人事部門は採用と社員管理の仕事を担当しています。
785,人物,rén wù,"a person; a character (in a play, novel etc); a protagonist; CL:个",人物,这部小说有很多人物。,この小説には多くの人物が登場します。,This novel has many characters.,这部电影中的人物塑造得非常生动和真实。,この映画の登場人物は非常に生き生きとリアルに描かれています。
786,人员,rén yuán,staff; crew; personnel; CL:个,人員,活动需要足够人员。,活動には十分な人数が必要です。,The activity requires enough personnel.,项目人员需要在规定时间内完成各自的任务。,プロジェクトのスタッフは規定の時間内にそれぞれの任務を完了する必要があります。
787,忍不住,rěn bu zhù,cannot help; unable to bear,我慢できない,我忍不住笑了出来。,私は思わず笑ってしまいました。,I couldn't help but laugh.,看到感人的电影情节，他忍不住流下了眼泪。,感動的な映画の場面を見て、彼は思わず涙を流しました。
788,日常,rì cháng,daily; everyday,日常,日常生活很忙碌。,日常生活はとても忙しいです。,Daily life is very busy.,日常生活中，我们应该养成良好的卫生习惯。,日常生活の中で、私たちは良い衛生習慣を身につけるべきです。
789,日程,rì chéng,schedule; itinerary; CL:个,日程,请安排好日程表。,スケジュールをきちんと調整してください。,Please arrange your schedule properly.,请你把明天的日程安排提前告诉我，好做准备。,明日のスケジュールを前もって教えてください、準備をするために。
790,日历,rì lì,"calendar; CL:张[zhang1] ,本[ben3]",カレンダー,我买了新的日历。,新しいカレンダーを買いました。,I bought a new calendar.,他每天都会查看日历，安排自己的工作计划。,彼は毎日カレンダーを見て、自分の仕事の計画を立てています。
791,日期,rì qī,date (calendar); CL:个,日付,请填写正确的日期。,正しい日付を記入してください。,Please fill in the correct date.,请确认会议的具体日期和时间，以免耽误安排。,会議の具体的な日時を確認してください、予定を遅らせないように。
792,日用品,rì yòng pǐn,"articles for daily use; CL:件[jian4] ,个",日用品,超市售卖各种日用品。,スーパーは様々な日用品を販売しています。,The supermarket sells various daily necessities.,超市里售卖各种日用品，满足居民的日常需求。,スーパーでは様々な日用品を販売しており、住民の日常のニーズを満たしています。
793,日子,rì zi,a given day (calendar); days of one's life; time,日々,美好的日子很快过去。,素晴らしい日々はあっという間に過ぎ去ります。,The beautiful days pass quickly.,那段日子虽然艰难，但充满了宝贵的回忆。,あの時期は厳しかったけれども、貴重な思い出でいっぱいでした。
794,如何,rú hé,what way; how; what,どうやって,你如何解决这个问题？,あなたはこの問題をどう解決しますか？,How do you solve this problem?,面对困难，你打算如何应对和解决？,困難に直面して、あなたはどう対応し解決するつもりですか？
795,如今,rú jīn,nowadays; now,現在,如今科技发展迅速。,今や科学技術は急速に発展しています。,"Nowadays, technology is developing rapidly.",如今的社会节奏非常快，大家都感到压力很大。,今の社会は非常に速いペースで、みんな大きなプレッシャーを感じています。
796,软,ruǎn,soft; flexible,柔らかい,这张床很软舒服。,このベッドはとても柔らかくて快適です。,This bed is very soft and comfortable.,这款手机的屏幕触感非常软，使用起来很舒服。,この携帯電話の画面の感触は非常に柔らかく、使いやすいです。
797,软件,ruǎn jiàn,(computer) software,ソフトウェア,我安装了新软件。,新しいソフトウェアをインストールしました。,I installed new software.,软件的更新能够提升系统的性能和安全性。,ソフトウェアのアップデートはシステムの性能と安全性を向上させることができます。
798,弱,ruò,weak; feeble; young; inferior; (following a decimal or fraction) slightly less than,弱い,他的身体很弱。,彼の体はとても弱いです。,His body is very weak.,他身体虚弱，免疫力比较弱，需要加强锻炼。,彼は体が弱く、免疫力も低いため、運動を強化する必要があります。
799,洒,sǎ,to sprinkle; to spray; to spill; to shed,撒く,他洒了水在花上。,彼は花に水をまきました。,He sprinkled water on the flowers.,他不小心把水洒到了地板上，赶紧拿抹布擦干净。,彼はうっかり水を床にこぼしてしまい、急いで布で拭き取りました。
800,嗓子,sǎng zi,throat; voice; CL:把[ba3],喉,我的嗓子有点疼。,私の喉が少し痛いです。,My throat hurts a little.,感冒了以后，他的嗓子疼得说不出话来。,風邪をひいた後、彼は喉が痛くて話すことができませんでした。
801,色彩,sè cǎi,tint; coloring; coloration; character,色彩,画家的色彩非常丰富。,画家の色彩は非常に豊かです。,The painter's colors are very rich.,这幅画的色彩非常丰富，能够准确地表达出画家的情感和思想。,この絵の色彩は非常に豊かで、画家の感情や思想を正確に表現できている。
802,杀,shā,to kill; to murder; to fight; to weaken or reduce; to smart (topolect); to counteract; (used after a verb) extremely,殺す,他用刀杀了那只老鼠。,彼はナイフでそのネズミを殺しました。,He killed the mouse with a knife.,警察在现场发现了嫌疑人涉嫌杀人的证据，非常关键。,警察は現場で容疑者が殺人に関与している証拠を発見し、とても重要だった。
803,沙漠,shā mò,desert; CL:个,砂漠,沙漠的气候极为干燥。,砂漠の気候は非常に乾燥しています。,The desert climate is extremely dry.,沙漠的气候极其干燥，植物和动物难以生存。,砂漠の気候は非常に乾燥しており、植物や動物が生きるのが難しい。
804,沙滩,shā tān,beach; sand bar; CL:片[pian4],砂浜,孩子们在沙滩上玩耍。,子供たちは砂浜で遊んでいます。,The children are playing on the beach.,假期里我们全家一起去海边的沙滩享受阳光和海风。,休暇に家族全員で海辺の砂浜に行き、日光と海風を楽しんだ。
805,傻,shǎ,foolish; silly,ばか,你别傻了，认真点吧。,馬鹿なことを言わないで、もっと真剣になってください。,"Don't be silly, be serious.",他做出那个决定实在太傻了，结果非常糟糕。,彼がその決断をしたのは本当に馬鹿で、結果は非常に悪かった。
806,晒,shài,to dry in the sun; to sunbathe; to share files (loan from 'share'),干す,他把衣服晒在阳光下。,彼は服を日光の下で干しました。,He hung the clothes out in the sunlight.,夏天的时候，我喜欢在阳光下晒书，因为阳光能杀菌。,夏の時期、私は日光の下で本を干すのが好きだ。なぜなら日光は殺菌できるからだ。
807,删除,shān chú,to delete; to cancel,削除,请删除不必要的文件。,不要なファイルを削除してください。,Please delete unnecessary files.,电脑中不需要的文件可以删除以释放更多的存储空间。,パソコンの不要なファイルは削除して、より多くの保存容量を解放できる。
808,闪电,shǎn diàn,lightning; CL:道[dao4],稲妻,闪电照亮了黑夜天空。,稲妻が夜の空を照らしました。,The lightning illuminated the night sky.,闪电划过天空，照亮了漆黑的夜晚，令人惊叹不已。,稲妻が空を横切り、真っ暗な夜を照らし、人々を驚嘆させた。
809,善良,shàn liáng,good and honest; kind-hearted,善良,她是一个善良的人。,彼女は優しい人です。,She is a kind person.,她是一个善良的人，总是乐于帮助需要帮助的人。,彼女は善良な人で、いつも助けを必要とする人を喜んで助けている。
810,善于,shàn yú,be good at; be adept in,得意,他善于解决复杂问题。,彼は複雑な問題を解決するのが得意です。,He is good at solving complex problems.,他善于沟通，能够有效地协调团队成员之间的关系。,彼はコミュニケーションが得意で、チームメンバー間の関係を効果的に調整できる。
811,扇子,shàn zi,fan; CL:把[ba3],扇子,夏天用扇子很凉快。,夏は扇子を使うと涼しいです。,Using a fan in summer is very refreshing.,夏天的时候，扇子不仅是消暑的工具，也是传统文化的象征。,夏になると、扇子は涼を取る道具であるだけでなく、伝統文化の象徴でもある。
812,伤害,shāng hài,to injure; to harm;,傷害,他的言语伤害了朋友。,彼の言葉は友達を傷つけました。,His words hurt his friend.,不良的言语可能会对他人的心理造成严重的伤害。,悪い言葉は他人の心に深刻な傷害を与える可能性がある。
813,商品,shāng pǐn,good; commodity; merchandise; CL:个,商品,新商品将在明天上市。,新商品は明日発売されます。,The new product will be launched tomorrow.,这家商店的商品种类丰富，价格也很合理，深受顾客喜爱。,この店の商品は種類が豊富で価格もとても合理的で、顧客に非常に好かれている。
814,商务,shāng wù,commercial affairs; commercial; commerce; business;,ビジネス,他负责公司的商务谈判。,彼は会社のビジネス交渉を担当しています。,He is responsible for the company's business negotiations.,他在商务谈判中表现出色，成功地达成了合作协议。,彼はビジネス交渉で優れたパフォーマンスを見せ、協力協定の締結に成功した。
815,商业,shāng yè,business; trade; commerce,商業,商业活动促进了经济。,商業活動は経済を促進しました。,Commercial activities promoted the economy.,随着商业的发展，电子商务已经成为现代经济的重要组成部分。,商業の発展に伴い、電子商取引は現代経済の重要な構成部分となっている。
816,上当,shàng dàng,taken in (by sb's deceit); to be fooled; to be duped,だまされる,他不小心上当受骗了。,彼は不注意で騙されてしまいました。,He was deceived due to carelessness.,他因为轻信骗子的话而上当，损失了不少钱财。,彼は詐欺師の言葉を信じて騙され、多くの金銭を失った。
817,蛇,shé,snake; serpent; CL:条[tiao2],へび,蛇在草丛中悄悄爬行。,ヘビは草むらの中を静かに這っています。,The snake is quietly crawling through the grass.,在野外遇到蛇时，应该保持冷静，避免惊慌失措。,野外で蛇に遭遇したときは、冷静さを保ち、慌てて動かないようにすべきだ。
818,舍不得,shě bu de,to hate to do sth; to hate to part with; to begrudge,惜しい,我舍不得离开这里。,私はここを離れたくありません。,I can't bear to leave here.,离开家乡的时候，我舍不得那熟悉的街道和朋友们。,故郷を離れるとき、私はあの見慣れた街並みと友人たちが惜しくてたまらなかった。
819,射击,shè jī,to shoot; to fire (a gun),射撃,士兵们练习射击技巧。,兵士たちは射撃の技術を練習しています。,The soldiers are practicing shooting skills.,军队每天都进行射击训练，以提高士兵的战斗技能。,軍隊は毎日射撃訓練を行い、兵士の戦闘技能を向上させている。
820,摄影,shè yǐng,to take a photograph; photography; to shoot (a movie),写真撮影,她喜欢摄影和旅行。,彼女は写真撮影と旅行が好きです。,She likes photography and traveling.,他对摄影非常感兴趣，经常利用假期去不同地方拍摄风景。,彼は写真撮影に非常に興味があり、よく休暇を利用して様々な場所の風景を撮影している。
821,设备,shè bèi,equipment; facilities; installations; CL:个,設備,工厂的设备非常先进。,工場の設備は非常に先進的です。,The factory's equipment is very advanced.,新建的工厂配备了先进的设备，提高了生产效率。,新しく建てられた工場には先進的な設備が備えられ、生産効率が向上した。
822,设计,shè jì,plan; design; to design; to plan; CL:个,設計,建筑师设计了新楼房。,建築家は新しいビルを設計しました。,The architect designed a new building.,这款手机由专业团队设计，兼具美观与实用性。,このスマートフォンは専門チームによって設計され、美しさと実用性を兼ね備えている。
823,设施,shè shī,facilities; installation,施設,学校设施需要改进。,学校の施設は改善が必要です。,The school's facilities need improvement.,城市的公共设施不断完善，居民的生活质量得到了提升。,都市の公共施設が絶えず整備され、住民の生活の質が向上した。
824,伸,shēn,to stretch; to extend,伸ばす,请伸出你的手来。,手を差し出してください。,Please stretch out your hand.,他伸出手来，帮助老人过马路，表现出极大的善意。,彼は手を伸ばして、高齢者が道路を渡るのを手伝い、とても親切な態度を示した。
825,深刻,shēn kè,profound; deep; deep-going,深刻,这次教训让我深刻反思。,今回の教訓で私は深く反省しました。,This lesson made me reflect deeply.,这部电影给观众留下了深刻的印象，情节感人至深。,この映画は観客に深い印象を残し、ストーリーは非常に感動的だった。
826,身材,shēn cái,stature; build (height and weight); figure,体型,她有良好的身材比例。,彼女は良い体のプロポーションを持っています。,She has a good body proportion.,她拥有完美的身材，因此成为了许多时尚品牌的模特。,彼女は完璧なスタイルを持っているため、多くのファッションブランドのモデルになった。
827,身份,shēn fèn,status; capacity; dignity; position; rank; identity,身分,请出示您的身份证明。,身分証明書を提示してください。,Please show your identification.,参加这个活动需要出示有效的身份证明，以确认身份。,このイベントに参加するには、有効な身分証明書を提示して身分を確認する必要がある。
828,神话,shén huà,fairy tale; mythology; myth,神話,这个神话故事很有趣。,この神話の話はとても面白いです。,This myth story is very interesting.,中国古代神话中有许多关于英雄和神灵的传奇故事。,中国古代の神話には英雄や神々に関する多くの伝説的な物語がある。
829,神秘,shén mì,mysterious; mystery,神秘,夜晚的森林非常神秘。,夜の森はとても神秘的です。,The forest at night is very mysterious.,这个地方充满了神秘的色彩，吸引了很多探险者前来探索。,この場所は神秘的な雰囲気に満ちており、多くの探検者を引きつけている。
830,升,shēng,to raise; to hoist; to promote; metric liter (also written 公升); measure for dry grain equal to one-tenth (斗 dǒu),昇る,太阳慢慢升上天空。,太陽がゆっくりと空に昇ってきました。,The sun slowly rose into the sky.,经过多年的努力，他终于升到了公司的管理层。,長年の努力の末、彼はついに会社の管理職に昇進した。
831,声调,shēng diào,tone; note; a tone (on a Chinese syllable); CL:个,声調,汉语的声调很重要。,中国語の声調はとても重要です。,Tones in Chinese are very important.,学习中文时，掌握正确的声调非常重要，否则容易引起误解。,中国語を学ぶとき、正しい声調を身につけることは非常に重要で、そうしないと誤解を招きやすい。
832,生产,shēng chǎn,to give birth to a child; parturition; to produce; manufacture,生産,工厂每天生产大量产品。,工場は毎日大量の製品を生産しています。,The factory produces a large number of products every day.,这家工厂每天生产大量的电子产品，供应国内外市场。,この工場は毎日大量の電子製品を生産し、国内外の市場に供給している。
833,生动,shēng dòng,vivid; lively,生き生き,他的表情非常生动。,彼の表情はとても生き生きとしています。,His expression is very vivid.,他的演讲内容生动有趣，吸引了所有听众的注意力。,彼のスピーチは生き生きとして面白く、すべての聴衆の注意を引きつけた。
834,生长,shēng zhǎng,to grow,成長,植物在阳光下生长。,植物は日光の下で成長します。,Plants grow under the sunlight.,植物在适宜的环境中才能健康生长，获得充足的养分和阳光。,植物は適した環境でのみ健康に成長し、十分な栄養と日光を得られる。
835,绳子,shéng zi,rope; string; cord; CL:条[tiao2],縄,绳子绑得很结实。,ロープはしっかりと結ばれています。,The rope is tied very tightly.,工人用绳子把货物固定好，确保运输过程中的安全。,作業員はロープで荷物をしっかり固定し、輸送中の安全を確保した。
836,省略,shěng lüè,to leave out; omission,省略,这句话可以省略某些词。,この文は一部の言葉を省略できます。,Some words can be omitted in this sentence.,为了简洁，文章中对一些细节进行了省略，但不影响理解。,簡潔にするために、文章の中でいくつかの細かい部分を省略したが、理解には影響しない。
837,胜利,shèng lì,victory; CL:个,勝利,球队终于取得了胜利。,チームはついに勝利を収めました。,The team finally achieved victory.,经过艰苦的努力，球队最终取得了比赛的胜利。,苦しい努力の末、チームはついに試合に勝利を収めた。
838,失眠,shī mián,(suffer from) insomnia,不眠,他因为压力失眠了。,彼はストレスで不眠になりました。,He suffered from insomnia due to stress.,最近压力很大，导致我经常失眠，影响了工作效率。,最近ストレスが大きく、よく不眠になり、仕事の効率に影響が出ている。
839,失去,shī qù,to lose,失う,她失去了重要的文件。,彼女は重要な書類を失くしました。,She lost an important document.,失去亲人让他感到非常痛苦，但也让他更加坚强。,親族を失うことは彼に非常に辛い思いをさせたが、同時に彼をより強くした。
840,失业,shī yè,unemployment,失業,经济危机导致失业率上升。,経済危機は失業率の上昇を引き起こしました。,The economic crisis caused the unemployment rate to rise.,经济不景气导致许多人失业，社会问题日益突出。,経済の不景気で多くの人が失業し、社会問題がますます顕著になっている。
841,湿润,shī rùn,moist,湿潤,空气湿润让人感觉舒服。,湿った空気は気持ちよく感じさせます。,Moist air makes people feel comfortable.,雨后的空气湿润清新，让人感到心旷神怡。,雨上がりの空気は湿って新鮮で、人は爽快な気分になる。
842,狮子,shī zi,lion,ライオン,狮子是森林之王。,ライオンは森の王様です。,The lion is the king of the forest.,狮子被誉为‘丛林之王’，具有强大的力量和威严。,ライオンは「ジャングルの王」と称され、強大な力と威厳を持っている。
843,诗,shī,poem; poetry; verse; abbr. for Book of Songs 诗经[shi1 jing1]; CL:首[shou3],詩,他喜欢读古代诗歌。,彼は古代の詩を読むのが好きです。,He likes reading ancient poetry.,这首诗通过优美的语言抒发了作者对自然的热爱。,この詩は美しい言葉を通じて作者の自然への愛情を表現している。
844,实话,shí huà,truth,本当の話,请告诉我实话好吗？,本当のことを教えてくれませんか？,"Please tell me the truth, okay?",说实话，他的建议对我帮助很大，我非常感激。,正直に言うと、彼のアドバイスは私にとって非常に役立ち、とても感謝している。
845,实践,shí jiàn,to practice; to put into practice; to fulfill,実践,理论需要通过实践验证。,理論は実践を通じて検証する必要があります。,Theory needs to be verified through practice.,理论知识需要通过实践来检验和巩固，才能真正掌握。,理論知識は実践を通じて検証・強化する必要があり、そうして初めて本当に身につく。
846,实习,shí xí,to practice; field work,実習,大学生开始实习工作。,大学生はインターンシップを始めました。,College students have started internship work.,大学期间，我在一家知名企业实习，积累了宝贵的经验。,大学の期間中、有名な企業で実習し、貴重な経験を積んだ。
847,实现,shí xiàn,to achieve; to implement; to realize; to bring about,実現,梦想终于实现了。,夢がついに実現しました。,The dream finally came true.,通过不断努力，他终于实现了自己成为作家的梦想。,不断の努力を通じて、彼はついに作家になるという夢を実現した。
848,实验,shí yàn,"to experiment; experiments; CL:个,次[ci4]",実験,科学家做了一个重要实验。,科学者は重要な実験を行いました。,The scientist conducted an important experiment.,科学家们在实验中发现了一种新的化学反应机制。,科学者たちは実験で新しい化学反応のメカニズムを発見した。
849,实用,shí yòng,practical; functional; pragmatic; applied (science),実用的,这款包包设计很实用。,このバッグのデザインはとても実用的です。,This bag's design is very practical.,这款工具设计合理，结构简单，具有很强的实用价值。,この工具は設計が合理的で、構造はシンプルで、とても実用的な価値がある。
850,时差,shí chā,jet lag; time lag; jet lag,時差,飞行后我感到时差反应。,飛行後、時差ぼけを感じました。,"After flying, I felt jet lag.",由于时差的影响，他抵达目的地后感到非常疲倦。,時差の影響で、彼は目的地に着いた後非常に疲れていた。
851,时代,shí dài,age; era; epoch; period; CL:个,時代,这个时代变化很快。,この時代は変化がとても速い。,This era changes very quickly.,在信息时代，人们的生活方式发生了翻天覆地的变化。,情報時代において、人々の生活様式は大きく変わった。
852,时刻,shí kè,moment; constantly; always; CL:个,時刻,请告诉我准确时刻。,正確な時刻を教えてください。,Please tell me the exact time.,他时刻保持着警惕，防止意外事件发生。,彼は常に警戒を怠らず、事故の発生を防いでいる。
853,时髦,shí máo,in vogue; fashionable,流行,她穿得很时髦。,彼女はとてもおしゃれな服を着ている。,She is dressed very fashionably.,现在很多年轻人喜欢穿时髦的衣服来表达个性。,現在多くの若者は個性を表現するために流行の服を着るのが好きだ。
854,时期,shí qī,a period in time or history; period; time (interval); phase; CL:个,期間,考试期间要专心。,試験期間中は集中しなければならない。,You need to concentrate during the exam period.,那段时期的经济发展非常迅速，令人印象深刻。,あの時期の経済成長は非常に速く、印象的だった。
855,时尚,shí shàng,fashion,ファッション,时尚杂志很受欢迎。,ファッション雑誌はとても人気がある。,Fashion magazines are very popular.,时尚产业不仅影响着服装设计，也改变了人们的生活态度。,ファッション産業は服のデザインに影響を与えるだけでなく、人々の生活態度も変えている。
856,石头,shí tou,stone; CL:块[kuai4],石,河里有很多石头。,川にはたくさんの石がある。,There are many stones in the river.,这块石头经过岁月的风化，表面变得光滑如玉。,この石は長年の風化を経て、表面が玉のように滑らかになった。
857,食物,shí wù,food; CL:种[zhong3],食べ物,食物的质量很重要。,食べ物の質はとても重要だ。,The quality of food is very important.,为了保持健康，我们每天都应该摄取足够的食物营养。,健康を維持するために、私たちは毎日十分な食物の栄養を摂取すべきだ。
858,使劲儿,shǐ jìn r,to exert all one's strength,力を入れる,他使劲儿推门。,彼は力いっぱいドアを押した。,He pushed the door with all his strength.,搬运工人使劲儿搬起了沉重的货物，没有一丝抱怨。,運搬作業員は力いっぱい重い荷物を運び、一言の不満も言わなかった。
859,始终,shǐ zhōng,from beginning to end; all along,始終,她始终保持微笑。,彼女はいつも笑顔を絶やさない。,She always keeps smiling.,他始终坚持自己的理想，从未轻易放弃过。,彼はずっと自分の理想を貫き、決して簡単に諦めたことがない。
860,事实,shì shí,a fact; the fact that; CL:个,事実,事实胜于雄辩。,事実は雄弁に勝る。,Facts speak louder than words.,事实证明，努力工作才能取得真正的成功。,事実は努力して働くことこそが本当の成功を収めることを証明している。
861,事物,shì wù,thing; object; CL:个,物事,理解复杂事物不易。,複雑な物事を理解するのは簡単ではない。,Understanding complex things is not easy.,我们应该尊重各种不同的事物，理解多样性的价值。,私たちはさまざまな物事を尊重し、多様性の価値を理解すべきだ。
862,事先,shì xiān,in advance; before the event; beforehand; prior,事前,事先准备很重要。,事前の準備はとても重要だ。,Preparation in advance is very important.,事先做好准备可以有效避免突发状况的发生。,事前に準備をしておけば、突発的な事態の発生を効果的に防げる。
863,似的,shì de,seems as if; rather like;,〜のようだ,他像生气似的。,彼はまるで怒っているかのようだ。,He looks as if he is angry.,他看起来很疲惫，似的好像整夜没睡觉一样。,彼はとても疲れているように見え、まるで一晩中眠っていなかったかのようだ。
864,士兵,shì bīng,soldier; CL:个,兵士,士兵们正在训练。,兵士たちは訓練をしている。,The soldiers are training.,士兵们在训练场上刻苦训练，准备迎接未来的挑战。,兵士たちは訓練場で懸命に訓練し、将来の挑戦に備えている。
865,市场,shì chǎng,market place; market (also in abstract); abbr. for 超级市场 supermarket; CL:个,市場,市场竞争非常激烈。,市場の競争は非常に激しい。,Market competition is very fierce.,随着市场竞争加剧，企业必须不断创新以保持优势。,市場競争が激化する中、企業は優位性を維持するために絶えず革新しなければならない。
866,试卷,shì juàn,"examination paper; test paper; CL:份[fen4] ,张[zhang1]",試験用紙,试卷发下来开始答题。,試験用紙が配られて、答え始めた。,The exam papers were handed out and the answering began.,考试结束后，老师仔细批改了每一份试卷。,試験終了後、先生は一枚一枚の試験用紙を丁寧に採点した。
867,收获,shōu huò,harvest; results; gains,収穫,这次旅行收获很大。,今回の旅行は大きな収穫があった。,This trip was very rewarding.,这次学习的收获不仅是知识，还有宝贵的经验。,今回の学習の成果は知識だけでなく、貴重な経験も含まれている。
868,收据,shōu jù,receipt; CL:张[zhang1],領収書,请保管好收据。,レシートを大切に保管してください。,Please keep the receipt safe.,购物时请务必保留收据，以便日后退换货使用。,買い物の際は必ず領収書を保管し、後で返品や交換に備えてください。
869,手工,shǒu gōng,handwork; manual,手作り,手工艺品很精美。,手工芸品はとても精巧だ。,Handicrafts are very exquisite.,这件手工制作的家具不仅美观，而且非常结实耐用。,この手作りの家具は見た目が美しいだけでなく、とても頑丈で耐久性がある。
870,手术,shǒu shù,surgical operation; operation; surgery; CL:个,手術,手术后需要休息。,手術の後は休息が必要だ。,Rest is needed after surgery.,医生建议他尽快接受手术，以免病情恶化。,医者は彼にできるだけ早く手術を受けるよう勧め、病状の悪化を防ぐようにした。
871,手套,shǒu tào,"glove; mitten; CL:双[shuang1] ,只[zhi1]",手袋,冬天戴手套很暖和。,冬は手袋をすると暖かい。,Wearing gloves in winter is warm.,冬天外出时，戴上手套可以有效防止冻伤。,冬に外出するときは手袋を着用することで凍傷を効果的に防げる。
872,手续,shǒu xù,"formalities; procedures; CL:道[dao4] ,个",手続き,办理手续很麻烦。,手続きはとても面倒だ。,Handling procedures is very troublesome.,办理手续时请携带身份证和相关证明材料。,手続きを行う際は、身分証明書と関連書類を持参してください。
873,手指,shǒu zhǐ,"finger; CL:个,只[zhi1]",指,手指受伤了，不能写字。,指を怪我して、字が書けない。,"My finger is injured, so I can't write.",他用手指轻轻地点了点屏幕，操作非常熟练。,彼は指で軽く画面をタッチし、とても慣れた操作をした。
874,首,shǒu,"head; chief; first (occasion, thing etc); classifier for poems and songs",首（曲など）,这首歌很受欢迎。,この歌はとても人気がある。,This song is very popular.,这首诗表达了作者对故乡深深的思念之情。,この詩は作者の故郷への深い思いを表現している。
875,受伤,shòu shāng,to sustain injuries; wounded (in an accident etc); harmed,けがする,他在比赛中受伤了。,彼は試合で怪我をした。,He was injured in the match.,事故发生后，受伤的乘客立即被送往医院救治。,事故発生後、負傷した乗客はすぐに病院に運ばれて治療を受けた。
876,寿命,shòu mìng,life span; life expectancy,寿命,科技延长了寿命。,科学技術は寿命を延ばした。,Technology has extended life expectancy.,科学研究表明，良好的生活习惯能延长人的寿命。,科学的研究は、良い生活習慣が人の寿命を延ばすことを示している。
877,书架,shū jià,bookshelf; CL:个,本棚,书架上摆满了书。,本棚には本がいっぱい並んでいる。,The bookshelf is full of books.,书架上摆满了各种类型的书籍，令人眼花缭乱。,本棚には様々な種類の本がぎっしり並べられていて、目を奪われる。
878,梳子,shū zi,comb; CL:把[ba3],くし,她用梳子梳头发。,彼女はくしで髪をとかしている。,She is combing her hair with a comb.,她用梳子细心地梳理着长长的头发，显得格外优雅。,彼女はくしで長い髪を丁寧にとかし、とても優雅に見えた。
879,舒适,shū shì,cozy; snug; comfortable,快適,这个房间很舒适。,この部屋はとても快適だ。,This room is very comfortable.,这家酒店的环境非常舒适，适合放松和休息。,このホテルの環境はとても快適で、リラックスや休息に適している。
880,蔬菜,shū cài,vegetables; produce; CL:种[zhong3],野菜,多吃蔬菜有益健康。,野菜を多く食べることは健康に良い。,Eating more vegetables is good for health.,多吃蔬菜有助于保持身体健康和增强免疫力。,野菜を多く食べることは体の健康維持や免疫力強化に役立つ。
881,输入,shū rù,to import; to input,入力する,请正确输入密码。,パスワードを正しく入力してください。,Please enter the password correctly.,请准确输入密码，确保账户的安全性不被破坏。,正確にパスワードを入力し、アカウントの安全性が損なわれないようにしてください。
882,熟练,shú liàn,practiced; proficient; skilled; skillful,熟練,他熟练操作机器。,彼は機械を熟練して操作する。,He operates the machine skillfully.,经过长期的训练，他的技能变得非常熟练和娴熟。,長期間の訓練を経て、彼の技術は非常に熟練し巧みになった。
883,属于,shǔ yú,classified as; to belong to; to be part of,属する,这本书属于我。,この本は私のものだ。,This book belongs to me.,这些问题属于专业领域，需要相关专家来解决。,これらの問題は専門分野に属し、関連する専門家が解決する必要がある。
884,数,shǔ,number; figure; several; a few,数える,请你数一下人数。,人数を数えてください。,Please count the number of people.,请你数一数桌子上有多少本书，方便归类整理。,机の上に本が何冊あるか数えて、分類整理に役立ててください。
885,鼠标,shǔ biāo,mouse (computing),マウス,电脑鼠标坏了。,パソコンのマウスが壊れた。,The computer mouse is broken.,使用鼠标操作电脑时，手腕要保持放松，避免疲劳。,マウスでパソコンを操作するときは、手首をリラックスさせて疲労を避けるべきだ。
886,数据,shù jù,data; numbers; digital,データ,数据分析很重要。,データ分析はとても重要だ。,Data analysis is very important.,大数据技术的发展使得数据分析变得更加高效准确。,ビッグデータ技術の発展により、データ解析がより効率的かつ正確になった。
887,数码,shù mǎ,numeral; figures; digital; amount; numerical code,デジタル,数码产品更新快。,デジタル製品は更新が早い。,Digital products update quickly.,数码相机的普及改变了人们拍照的方式和习惯。,デジタルカメラの普及は人々の写真の撮り方や習慣を変えた。
888,摔倒,shuāi dǎo,to fall down; to slip and fall; to throw sb to the ground;,転ぶ,他不小心摔倒了。,彼は不注意で転んだ。,He fell down carelessly.,他不小心摔倒在地，但很快就站起来继续前进。,彼は不注意で転んだが、すぐに立ち上がって歩き続けた。
889,甩,shuǎi,to throw; to fling; to swing; to leave behind; to throw off,振る,她甩头表达不满。,彼女は不満を表すために頭を振った。,She shook her head to express dissatisfaction.,她甩了甩头发，显得精神焕发，充满自信。,彼女は髪を振り乱し、元気いっぱいで自信に満ちているように見えた。
890,双方,shuāng fāng,bilateral; both sides; both parties involved,双方,双方达成了协议。,双方は合意に達した。,Both parties reached an agreement.,双方经过多次谈判，最终达成了互利共赢的协议。,双方は何度も交渉を重ね、最終的に互いに利益を得る協定を結んだ。
891,税,shuì,taxes; duties,税金,政府提高了税率。,政府は税率を引き上げた。,The government raised the tax rate.,政府宣布将调整税率，以促进经济的持续发展。,政府は経済の持続的発展を促すために税率を調整すると発表した。
892,说不定,shuō bu dìng,can't say for sure; maybe,もしかすると,他说不定会来。,彼はもしかしたら来るかもしれない。,He might come.,他说不定明天就会来参加我们的聚会，大家拭目以待。,彼はもしかすると明日私たちの集まりに来るかもしれないので、みんな注目している。
893,说服,shuō fú,to persuade; to convince; to talk sb over,説得する,我试着说服他改变。,私は彼に変わるよう説得しようとした。,I tried to persuade him to change.,经过耐心的解释，他终于被说服改变了原来的想法。,根気よく説明した結果、彼はついに説得されて元の考えを変えた。
894,丝绸,sī chóu,silk cloth; silk,絹,丝绸制品很贵重。,絹製品はとても高価だ。,Silk products are very valuable.,中国丝绸以其精致的工艺和柔软的质地闻名世界。,中国の絹はその精巧な技術と柔らかな質感で世界に知られている。
895,丝毫,sī háo,the slightest amount or degree; a bit,少しも,我一点丝毫不累。,私は少しも疲れていない。,I am not tired at all.,他对这件事情丝毫没有兴趣，完全不愿意参与。,彼はこの件に少しも興味がなく、全く参加したくない。
896,思考,sī kǎo,to reflect on; to ponder over,思考する,他正在认真思考。,彼は真剣に考えている。,He is thinking seriously.,面对复杂的问题，我们需要认真思考，找到最佳解决方案。,複雑な問題に直面したとき、私たちは真剣に考え、最善の解決策を見つける必要がある。
897,思想,sī xiǎng,thought; thinking; idea; ideology; CL:个,思想,她有独立思想。,彼女は独立した考えを持っている。,She has independent thoughts.,他的思想深刻，常常提出独特而有见地的观点。,彼の思想は深く、しばしば独特で洞察に満ちた意見を述べる。
898,撕,sī,to tear; to rip,破る,他撕掉了信封。,彼は封筒を破り捨てた。,He tore off the envelope.,他生气地撕掉了信封，把信件扔进了垃圾桶。,彼は怒って封筒を破り、中の手紙をゴミ箱に捨てた。
899,私人,sī rén,private (citizen); private,私的な,这是私人空间。,ここはプライベートな空間だ。,This is a private space.,这是一件私人事务，请不要随意干涉和评论。,これは私的な問題なので、勝手に干渉したりコメントしたりしないでください。
900,似乎,sì hū,apparently; to seem; to appear; as if; seemingly,〜のようだ,他似乎很累。,彼は疲れているようだ。,He seems very tired.,他似乎对这个计划不太感兴趣，表现得很冷淡。,彼はこの計画にあまり興味がないようで、とても冷淡な態度を示している。
901,搜索,sōu suǒ,to search; to look for sth; to scour (search meticulously); to look sth up; internet search; database search,検索,他在网上搜索资料。,彼はインターネットで資料を検索しています。,He is searching for information online.,为了找到需要的资料，他在网上花了几个小时不断地搜索相关信息。,必要な資料を見つけるために、彼は何時間もかけてネット上で関連情報を検索し続けた。
902,宿舍,sù shè,dormitory; dorm room; living quarters; hostel; CL:间[jian1],寮,学生们住在宿舍里。,学生たちは寮に住んでいます。,The students live in the dormitory.,大学的宿舍环境非常舒适，方便学生们的日常生活和学习。,大学の寮の環境はとても快適で、学生たちの日常生活や学習に便利だ。
903,随身,suí shēn,to (carry) on one's person; to (take) with one,携帯,随身带着手机很方便。,携帯電話を持ち歩くのはとても便利です。,Carrying a mobile phone is very convenient.,出门时，请随身携带身份证和手机，以防不时之需。,外出の際は、身分証と携帯電話を携帯して、いざという時に備えてください。
904,随时,suí shí,at any time,いつでも,你可以随时联系我。,いつでも私に連絡できます。,You can contact me anytime.,我们随时准备接受新的挑战，努力提升自己的能力。,私たちはいつでも新しい挑戦を受け入れる準備ができており、自分の能力を高めるために努力している。
905,随手,suí shǒu,conveniently; without extra trouble; while doing it; in passing,ついでに,随手关灯节约电。,使い終わったらすぐに電気を消して節電しましょう。,Turn off the lights immediately after use to save electricity.,看到地上的垃圾，他随手捡起来放进了垃圾桶。,地面のゴミを見て、彼はすぐに拾ってゴミ箱に入れた。
906,碎,suì,to break down; to break into pieces; fragmentary,壊れる,杯子摔碎了。,コップが割れてしまいました。,The cup broke.,他的手机屏幕不小心掉地上，结果碎了一块玻璃。,彼の携帯の画面がうっかり地面に落ちてしまい、ガラスが一部割れてしまった。
907,损失,sǔn shī,loss; damage; CL:个; to lose; to damage,損失,事故造成严重损失。,事故は深刻な損失をもたらしました。,The accident caused serious losses.,这次事故给公司带来了巨大的经济损失，需要及时处理。,今回の事故は会社に大きな経済的損失をもたらし、速やかな対応が必要だ。
908,缩短,suō duǎn,to curtail; to cut down,短縮,我们缩短了会议时间。,私たちは会議の時間を短縮しました。,We shortened the meeting time.,为了提高效率，我们需要缩短生产流程的时间。,効率を上げるために、生産工程の時間を短縮する必要がある。
909,所,suǒ,"place; location; classifier for houses, small buildings, institutions etc; that which; particle introducing a relative clause or passive; CL:个",場所,这是学习的好所。,ここは勉強に良い場所です。,This is a good place for studying.,这所学校拥有先进的教学设备和优秀的师资力量。,この学校は先進的な教育設備と優れた教員陣を備えている。
910,锁,suǒ,to lock up; to lock; CL:把[ba3],鍵,请锁好门窗。,ドアと窓をしっかりと施錠してください。,Please lock the doors and windows securely.,请把门锁好，确保宿舍的安全。,ドアに鍵をかけて、寮の安全を確保してください。
911,台阶,tái jiē,flight of steps (leading up to a house); step (over obstacle); bench; fig. way out of an embarrassing situation,階段,他慢慢走下台阶。,彼はゆっくり階段を降りました。,He walked down the stairs slowly.,爬上台阶后，可以看到整座城市的美丽风景。,階段を上ると、街全体の美しい景色を見ることができる。
912,太极拳,tài jí quán,"shadowboxing or Taiji, T'aichi or T'aichichuan; traditional form of physical exercise or relaxation; a martial art",太極拳,早晨练习太极拳。,朝に太極拳を練習します。,I practice Tai Chi in the morning.,他每天早晨都会练习太极拳，以保持身体健康和精神平衡。,彼は毎朝太極拳を練習して、健康と精神のバランスを保っている。
913,太太,tài tai,"married woman; Mrs.; Madam; wife; CL:个,位[wei4]",妻,他和太太一起出门。,彼は奥さんと一緒に出かけました。,He went out with his wife.,张先生和他的太太一起经营着这家餐馆，生意非常红火。,張さんと彼の妻は一緒にこのレストランを経営しており、商売は非常に繁盛している。
914,谈判,tán pàn,to negotiate; negotiation; talks; conference; CL:个,交渉,双方正在谈判合同。,双方は契約の交渉を進めています。,Both parties are negotiating the contract.,双方经过多次谈判，终于达成了一项互利的协议。,双方は何度も交渉を重ね、ついに互いに利益のある合意に達した。
915,坦率,tǎn shuài,frank (discussion); blunt; open,率直,她说话非常坦率。,彼女はとても率直に話します。,She speaks very frankly.,我很喜欢他的性格，因为他总是坦率地表达自己的想法。,彼の性格が好きだ。なぜなら、いつも率直に自分の考えを表現するからだ。
916,烫,tàng,to scald; to burn; to iron; hot,熱い,这杯茶很烫。,このお茶はとても熱いです。,This cup of tea is very hot.,小心那杯咖啡很烫，别烫到自己的手了。,そのコーヒーは熱いので気をつけて、手をやけどしないように。
917,桃,táo,peach,桃,春天桃花盛开。,春には桃の花が満開になります。,Peach blossoms bloom in spring.,春天来了，树上开满了粉红色的桃花，美不胜收。,春が来て、木にはピンク色の桃の花が満開で、非常に美しい。
918,淘气,táo qì,naughty; bad,やんちゃ,孩子很淘气不听话。,子供はとてもやんちゃで言うことを聞きません。,The child is very naughty and disobedient.,那个孩子非常淘气，经常惹老师和同学生气。,あの子はとてもやんちゃで、よく先生やクラスメートを怒らせている。
919,逃,táo,to escape; to run away; to flee,逃げる,小偷逃跑了。,泥棒は逃げました。,The thief ran away.,面对困难，他选择了逃避而不是积极面对问题。,困難に直面して、彼は積極的に問題に向き合うのではなく、逃げることを選んだ。
920,逃避,táo bì,to evade; to avoid; to shirk; to escape;,回避,他试图逃避责任。,彼は責任から逃れようとしました。,He tried to evade responsibility.,逃避现实并不能解决问题，只有勇敢面对才能找到出路。,現実から逃げても問題は解決せず、勇敢に向き合うことでしか道が見つからない。
921,讨价还价,tǎo jià huán jià,haggle over price,値切り,买东西要学会讨价还价。,買い物では値段交渉を学ぶべきです。,You should learn to bargain when shopping.,在市场上买东西时，讨价还价是一种常见的购物技巧。,市場で買い物をするとき、値切り交渉は一般的な買い物のテクニックだ。
922,套,tào,"cover; sheath; to encase; a case ; to overlap; to interleave; bend (of a river or mountain range, in place names); harness; classifier for sets, collections; tau (Greek letter Ττ)",セット,我买了一套新衣服。,私は新しい服を一式買いました。,I bought a new set of clothes.,这套家具设计独特，既实用又美观，非常适合现代家庭。,この家具セットは独特なデザインで、実用的かつ美しく、現代の家庭に非常に適している。
923,特色,tè sè,characteristic; distinguishing feature or quality,特色,这家饭店有特色菜。,このレストランには特色料理があります。,This restaurant has specialty dishes.,这家餐厅的特色菜肴吸引了大量的顾客前来品尝。,このレストランの特色料理は多くの客を引き寄せて味わいに来ている。
924,特殊,tè shū,special; particular; unusual; extraordinary,特別,这次活动很特殊。,今回のイベントはとても特別です。,This event is very special.,他的经历非常特殊，曾经在多个国家生活和工作过。,彼の経験は非常に特別で、複数の国で生活し働いたことがある。
925,特征,tè zhēng,distinctive feature; characteristic; diagnostic property; trait,特徴,他的作品有独特特征。,彼の作品には独特な特徴があります。,His works have unique characteristics.,这幅画的色彩和线条是它最明显的艺术特征。,この絵の色彩と線は、その最も明確な芸術的特徴である。
926,疼爱,téng ài,to love dearly,愛する,父母疼爱孩子。,両親は子供を大切に愛しています。,Parents love their children dearly.,父母总是疼爱孩子，愿意为他们付出一切。,両親はいつも子供をかわいがり、彼らのためにすべてを尽くしたいと思っている。
927,提倡,tí chàng,to promote; to advocate,提唱,老师提倡环保理念。,先生は環境保護の理念を提唱しています。,The teacher advocates the concept of environmental protection.,学校提倡环保理念，鼓励学生减少使用塑料制品。,学校は環境保護の理念を提唱し、学生にプラスチック製品の使用を減らすよう奨励している。
928,提纲,tí gāng,outline; synopsis,提綱,写论文先列提纲。,論文を書く前にまずアウトラインを作ります。,"Before writing the paper, first make an outline.",写论文前，老师要求我们先列出详细的提纲。,論文を書く前に、先生は私たちに詳細なアウトラインを作成するよう求めた。
929,提问,tí wèn,to question; to quiz; to grill,質問,课上学生积极提问。,授業中、学生たちは積極的に質問します。,Students actively ask questions during class.,在课堂上，学生们积极提问，老师耐心地解答了所有问题。,授業中、学生たちは積極的に質問し、先生はすべての質問に忍耐強く答えた。
930,题目,tí mù,subject; title; topic; CL:个,題目,考试题目很难。,試験の問題はとても難しいです。,The exam questions are very difficult.,考试的题目涵盖了课本上的所有重点内容，难度适中。,試験の問題は教科書のすべての重要内容を網羅しており、難易度は適度だった。
931,体会,tǐ huì,to know (through learning or by experience); to realize; experience; CL:个,体得,旅行让我体会人生。,旅行は人生を体験させてくれます。,Travel lets me experience life.,通过这次旅行，我深刻体会到了不同文化之间的差异。,今回の旅行を通じて、異なる文化間の違いを深く実感した。
932,体贴,tǐ tiē,considerate (of other people's needs),気遣う,他很体贴朋友感受。,彼は友達の気持ちにとても思いやりがあります。,He is very considerate of his friends' feelings.,他对家人非常体贴，总是关心他们的生活和健康。,彼は家族にとても気配りがあり、いつも彼らの生活や健康を気にかけている。
933,体现,tǐ xiàn,to embody; to reflect; to incarnate,現れる,成绩体现努力成果。,成績は努力の成果を反映しています。,Grades reflect the results of effort.,这部电影很好地体现了人性的复杂和社会的矛盾。,この映画は人間性の複雑さと社会の矛盾をよく表現している。
934,体验,tǐ yàn,to experience for oneself,体験,我想体验登山的乐趣。,私は登山の楽しさを体験したいです。,I want to experience the joy of mountain climbing.,亲身体验了农村生活后，他更加珍惜城市的便利条件。,実際に農村生活を体験した後、彼は都市の便利さをより大切に思うようになった。
935,天空,tiān kōng,sky,空,天空中布满星星。,空は星でいっぱいです。,The sky is full of stars.,晴朗的天空中飘着几朵白云，风景十分宜人。,晴れた空にいくつかの白い雲が浮かび、風景はとても快適だ。
936,天真,tiān zhēn,naive; innocent; artless,純真,孩子们天真无邪。,子供たちは純真無垢です。,The children are innocent and pure.,孩子的天真无邪让所有人都感到快乐和温暖。,子供の純真無垢さはみんなに喜びと温かさを感じさせる。
937,调皮,tiáo pí,naughty; mischievous; unruly,いたずら,他很调皮爱玩笑。,彼はとてもやんちゃで冗談が好きです。,He is very naughty and loves jokes.,他调皮地在同学的书包里放了一只橡皮老鼠，逗得大家哈哈大笑。,彼はいたずらでクラスメートのカバンにゴム製のネズミを入れ、みんなを大笑いさせた。
938,调整,tiáo zhěng,adjustment; revision; CL:个,調整,我们调整了计划时间。,私たちは計画の時間を調整しました。,We adjusted the schedule of the plan.,为了适应市场变化，公司决定调整销售策略。,市場の変化に対応するため、会社は販売戦略の調整を決定した。
939,挑战,tiǎo zhàn,challenge,挑戦,他喜欢接受挑战。,彼は挑戦を受け入れるのが好きです。,He likes to accept challenges.,面对新的挑战，他表现出了极大的勇气和决心。,新たな挑戦に直面して、彼は非常な勇気と決意を示した。
940,通常,tōng cháng,usual; regular; ordinary; normal,通常,通常八点上班。,通常は8時に出勤します。,"Usually, work starts at eight o'clock.",他通常早上七点起床，开始一天的忙碌生活。,彼は通常朝7時に起きて、一日の忙しい生活を始める。
941,统一,tǒng yī,to unify; to unite; to integrate; unified,統一,国家实现了统一。,国家は統一を実現しました。,The country achieved unification.,国家的统一对于社会的稳定和发展至关重要。,国家の統一は社会の安定と発展にとって極めて重要だ。
942,痛苦,tòng kǔ,pain; suffering; painful; CL:个,苦痛,手术后感到痛苦。,手術の後、痛みを感じました。,I felt pain after the surgery.,失去亲人的痛苦让他经历了人生中最黑暗的时刻。,親しい人を失った苦しみは、彼に人生で最も暗い時期を経験させた。
943,痛快,tòng kuài,overjoyed; delighted; happily; heartily; enjoying; also pr. tong4 kuai5,爽快,他说话很痛快。,彼は話すのがとてもさっぱりしています。,He speaks very straightforwardly.,完成任务后，他感到非常痛快，充满了成就感。,任務を終えた後、彼はとても爽快に感じ、達成感に満ちていた。
944,偷,tōu,to steal; to pilfer; to snatch; thief; stealthily;,盗む,有人偷了我的钱包。,誰かが私の財布を盗みました。,Someone stole my wallet.,偷窃行为不仅违法，而且伤害了他人的利益和感情。,窃盗行為は違法であるだけでなく、他人の利益や感情を傷つける。
945,投入,tóu rù,to participate in; to invest in; to throw into; to put into; absorbed; engrossed;,投入,他全身心投入工作。,彼は全身全霊で仕事に取り組んでいます。,He devotes himself wholeheartedly to work.,他全身心地投入到这项工作中，力求做到最好。,彼は全身全霊でこの仕事に取り組み、最高を目指している。
946,投资,tóu zī,investment; to invest,投資,公司计划投资新项目。,会社は新しいプロジェクトへの投資を計画しています。,The company plans to invest in a new project.,公司计划明年增加对新项目的投资，以促进业务发展。,会社は来年新しいプロジェクトへの投資を増やし、事業の発展を促進する計画だ。
947,透明,tòu míng,transparent; open (non-secretive),透明,水很清澈透明。,水はとても澄んで透明です。,The water is very clear and transparent.,这款手机的透明屏幕设计非常独特，吸引了很多消费者。,このスマホの透明スクリーンのデザインは非常に独特で、多くの消費者を引きつけている。
948,突出,tū chū,prominent; outstanding; to give prominence to; to protrude; to project,突出,他的表现非常突出。,彼のパフォーマンスは非常に優れています。,His performance is outstanding.,他的表现非常突出，获得了领导和同事们的一致认可。,彼のパフォーマンスは非常に優れており、上司や同僚から一致した評価を得た。
949,土地,tǔ dì,territory; land; soil; local god; Lar; genius loci; CL:片[pian4],土地,农民耕种土地。,農民は土地を耕しています。,Farmers cultivate the land.,农民们辛勤耕作土地，收获了丰富的农作物。,農民たちは土地を懸命に耕し、豊かな農作物を収穫した。
950,土豆,tǔ dòu,potato; CL:个,じゃがいも,土豆是常见蔬菜。,ジャガイモはよく見かける野菜です。,Potatoes are a common vegetable.,土豆是很多家庭日常饮食中不可缺少的主食之一。,ジャガイモは多くの家庭の日常食に欠かせない主食の一つだ。
951,兔子,tù zi,hare; rabbit; CL:只[zhi1],ウサギ,兔子在草地上跳。,ウサギが草地で跳ねている。,The rabbit is jumping on the grass.,那只兔子在草地上欢快地跳来跳去，显得非常活泼可爱。,あのウサギは草原の上で元気よく跳ね回っていて、とても活発で可愛らしい。
952,吐,tù,to vomit; to throw up,吐く,他因病开始吐。,彼は病気のために吐き始めた。,He started vomiting because of illness.,他因为吃坏了东西，晚上不停地吐了好几次。,彼は食べ物が悪かったせいで、夜に何度も吐いた。
953,团,tuán,round; circular; group; society; regiment,団体,我们参加旅行团。,私たちは旅行団に参加した。,We joined the tour group.,我们参加了一个志愿者团，帮助社区清理环境。,私たちはボランティア団体に参加し、地域の環境清掃を手伝った。
954,推辞,tuī cí,"to decline (an appointment, invitation etc)",辞退,他推辞了邀请。,彼は招待を辞退した。,He declined the invitation.,她为了不麻烦别人，婉言推辞了朋友的邀请。,彼女は他人に迷惑をかけたくなくて、友人の招待を丁重に断った。
955,推广,tuī guǎng,to extend; to spread; to popularize; CL:个,普及,新技术正在推广。,新しい技術が普及している。,New technology is being promoted.,这家公司正在积极推广新产品，争取更多市场份额。,この会社は積極的に新製品を普及させ、より多くの市場シェアを獲得しようとしている。
956,推荐,tuī jiàn,to recommend; recommendation,推薦,老师推荐这本书。,先生はこの本を推薦した。,The teacher recommended this book.,老师推荐了几本适合我们水平的中文小说。,先生は私たちのレベルに合った中国語の小説を数冊推薦してくれた。
957,退,tuì,to move back; to decline; to move back; to withdraw,退く,他决定退一步。,彼は一歩引くことを決めた。,He decided to take a step back.,由于身体不适，他决定提前退学休养一段时间。,体調不良のため、彼は早めに退学してしばらく休養することに決めた。
958,退步,tuì bù,degenerate; regress,後退,成绩出现了退步。,成績に後退が見られた。,There was a decline in the grades.,如果不坚持学习，语言能力很容易出现退步现象。,学習を続けなければ、語学力は簡単に後退してしまう。
959,退休,tuì xiū,retirement (from work),退職,他去年退休了。,彼は去年退職した。,He retired last year.,他计划在五十岁时退休，开始享受生活。,彼は50歳で退職し、生活を楽しみ始める計画だ。
960,歪,wāi,askew; at a crooked angle; devious; noxious,歪む,这张桌子有点歪。,この机は少し歪んでいる。,This table is a bit crooked.,这张桌子因为受潮，边角有些歪了，影响使用。,この机は湿気のせいで角が少し歪んでいて、使うのに支障がある。
961,外公,wài gōng,(coll.) mother's father; maternal grandfather;,母方祖父,外公很喜欢讲故事。,おじいちゃんは話をするのが好きだ。,Grandpa likes telling stories.,外公每年都会带我们去乡下体验农活，十分有趣。,おじいちゃんは毎年田舎に連れて行って農作業を体験させてくれて、とても楽しい。
962,外交,wài jiāo,diplomacy; diplomatic; foreign affairs; CL:个,外交,外交关系很重要。,外交関係はとても重要だ。,Diplomatic relations are very important.,外交关系的稳定对国家的发展起着至关重要的作用。,外交関係の安定は国の発展に非常に重要な役割を果たす。
963,完美,wán měi,perfection; perfect; perfectly,完璧,她的表演很完美。,彼女の演技は完璧だ。,Her performance is perfect.,她追求完美的工作态度让同事们非常佩服。,彼女の完璧を追求する仕事態度は同僚たちの大きな尊敬を集めている。
964,完善,wán shàn,to perfect; to make perfect; to improve,改善,我们需要完善方案。,私たちは計画を完璧にする必要がある。,We need to improve the plan.,为了完善公司的管理制度，我们引进了先进的技术。,会社の管理制度を完璧にするために、先進技術を導入した。
965,完整,wán zhěng,intact; complete,完全,文件内容很完整。,書類の内容はとても完全だ。,The document's content is very complete.,这份报告内容完整，涵盖了所有重要的数据和分析。,この報告書は内容が完全で、すべての重要なデータと分析を網羅している。
966,玩具,wán jù,plaything; toy,おもちゃ,孩子们喜欢玩具。,子供たちはおもちゃで遊ぶのが好きだ。,Children like toys.,孩子最喜欢的玩具是一辆可以遥控的小汽车。,子供が一番好きなおもちゃはリモコンで動く小さな車だ。
967,万一,wàn yī,just in case; if by any chance; contingency,万一,万一下雨，带伞。,もし雨が降ったら、傘を持っていって。,"If it rains, bring an umbrella.",万一遇到紧急情况，请立即拨打报警电话。,万が一緊急事態に遭遇したら、すぐに警察に電話してください。
968,王子,wáng zǐ,prince; son of a king,王子,故事里有一个王子。,物語には王子が一人いる。,There is a prince in the story.,童话故事里常常出现勇敢的王子拯救公主的情节。,童話では勇敢な王子が姫を救う場面がよく出てくる。
969,往返,wǎng fǎn,to go back and forth; to go to and fro,往復,我买了往返票。,私は往復切符を買った。,I bought a round-trip ticket.,我们订了往返机票，下个月去北京旅游。,私たちは往復航空券を予約し、来月北京へ旅行に行く。
970,网络,wǎng luò,"Internet; network (computing, telecommunications, transport etc)",ネットワーク,网络速度很快。,ネットの速度はとても速い。,The internet speed is very fast.,网络的发展改变了人们的生活和工作方式。,インターネットの発展は人々の生活や働き方を変えた。
971,危害,wēi hài,to jeopardize; to harm; to endanger; CL:个,害する,污染会危害健康。,汚染は健康に害を及ぼす。,Pollution harms health.,污染对环境的危害日益严重，需要引起重视。,汚染が環境に及ぼす害は日増しに深刻になっており、注意を払う必要がある。
972,威胁,wēi xié,to threaten; to menace,脅威,环境污染是威胁。,環境汚染は脅威である。,Environmental pollution is a threat.,这种行为对社会稳定构成了严重的威胁。,このような行為は社会の安定に深刻な脅威をもたらしている。
973,微笑,wēi xiào,smile; CL:个,微笑む,她对我微笑了。,彼女は私に微笑んだ。,She smiled at me.,她微笑着迎接每一位客人，气氛非常温馨。,彼女は微笑みながら一人一人の客を迎え、とても温かい雰囲気だった。
974,唯一,wéi yī,sole; only,唯一,这是我的唯一选择。,これが私の唯一の選択だ。,This is my only choice.,这是我见过的唯一一次如此美丽的日落景象。,これは私が見た中で唯一こんなに美しい夕日の光景だ。
975,围巾,wéi jīn,scarf; shawl; CL:条[tiao2],マフラー,她戴着红色围巾。,彼女は赤いスカーフを身に着けている。,She is wearing a red scarf.,冬天出门时，妈妈总是叮嘱我戴好围巾保暖。,冬に出かけるとき、母はいつもマフラーをしっかり巻いて暖かくするように言う。
976,围绕,wéi rào,to revolve around; to center on (an issue),囲む,讨论围绕问题展开。,議論は問題を中心に展開した。,The discussion revolved around the problem.,讨论围绕着如何提高产品质量展开了激烈的争论。,議論は製品の品質向上を中心に激しく展開された。
977,维修,wéi xiū,maintenance (of equipment); to protect and maintain,修理,机器需要维修了。,機械は修理が必要だ。,The machine needs maintenance.,电梯坏了，需要马上联系维修人员来修理。,エレベーターが故障したので、すぐに修理担当者に連絡して修理してもらう必要がある。
978,违反,wéi fǎn,to violate (a law),違反,他违反了规定。,彼は規則に違反した。,He violated the rules.,他违反了公司的规定，受到应有的处罚。,彼は会社の規則に違反し、相応の処罰を受けた。
979,伟大,wěi dà,huge; great; mighty; large,偉大,他是伟大科学家。,彼は偉大な科学者だ。,He is a great scientist.,伟大的科学家为人类社会的发展做出了巨大贡献。,偉大な科学者は人類社会の発展に大きな貢献をした。
980,委屈,wěi qū,to feel wronged; to nurse a grievance; to cause sb to feel wronged,理不尽,她感到很委屈。,彼女はとても理不尽に感じている。,She feels very wronged.,她感到非常委屈，因为自己的努力没有得到认可。,彼女は自分の努力が認められず、とても悔しい思いをしている。
981,尾巴,wěi ba,tail,尾,狗摇着尾巴。,犬は尻尾を振っている。,The dog is wagging its tail.,小狗摇着尾巴，表示它很高兴见到主人。,子犬はしっぽを振って、主人に会えてとても嬉しいことを表している。
982,位于,wèi yú,to be located at; to be situated at; to lie,位置する,学校位于市中心。,学校は市の中心に位置している。,The school is located in the city center.,这家新开的餐厅位于市中心，交通非常便利。,この新しくオープンしたレストランは市の中心に位置し、交通が非常に便利だ。
983,位置,wèi zhi,position; place; seat; CL:个,位置,这个位置很重要。,この場所はとても重要だ。,This location is very important.,请确认会议室的位置，以免迟到影响会议进程。,会議室の場所を確認して、遅れて会議の進行に支障をきたさないようにしてください。
984,未必,wèi bì,not necessarily; maybe not,必ずしも〜ない,未必每个人都同意。,必ずしも全員が同意するとは限らない。,Not everyone necessarily agrees.,他未必能参加明天的活动，因为还有其他安排。,彼は明日のイベントに必ずしも参加できるとは限らない、他の予定もあるからだ。
985,未来,wèi lái,future; tomorrow; approaching; coming; pending; CL:个,未来,未来充满希望。,未来は希望に満ちている。,The future is full of hope.,年轻人应该为未来制定明确的目标和计划。,若者は未来のために明確な目標と計画を立てるべきだ。
986,胃,wèi,stomach; CL:个,胃,胃疼需要看医生。,胃が痛いので医者に診てもらう必要がある。,Stomach pain requires seeing a doctor.,医生建议他注意饮食，以保护胃的健康。,医者は彼に食事に注意して胃の健康を守るよう勧めた。
987,胃口,wèi kǒu,appetite,食欲,他胃口很好。,彼は食欲がとても良い。,He has a good appetite.,饭菜味道很好，胃口一下子就打开了。,料理の味が良くて、すぐに食欲が湧いた。
988,温暖,wēn nuǎn,warm,温かい,春天很温暖。,春はとても暖かい。,Spring is very warm.,冬天的阳光虽然不强，但总能带来一丝温暖。,冬の陽光は強くないが、いつも一筋の暖かさをもたらしてくれる。
989,温柔,wēn róu,gentle and soft; tender,優しい,她性格很温柔。,彼女は性格がとても優しい。,She has a very gentle personality.,她的声音温柔细腻，让人感到非常舒服。,彼女の声は優しく繊細で、とても心地よいと感じる。
990,文件,wén jiàn,document; file; CL:份[fen4],書類,请整理好文件。,書類をきちんと整理してください。,Please organize the documents properly.,请把所有重要的文件都备份保存，以防丢失。,すべての重要な書類をバックアップして保存し、紛失に備えてください。
991,文具,wén jù,"stationery; item of stationery (pen, pencil, eraser, pencil sharpener etc)",文具,学生买了新文具。,学生たちは新しい文房具を買った。,The students bought new stationery.,学校文具店里有各种各样的学习用品，满足学生需求。,学校の文具店には様々な学用品があり、生徒のニーズを満たしている。
992,文明,wén míng,civilized; civilization; culture; CL:个,文明,文明社会讲礼貌。,文明社会は礼儀を重んじる。,Civilized societies value manners.,文明行为不仅体现个人素质，也反映社会进步。,文明的な行動は個人の素質を示すだけでなく、社会の進歩も反映している。
993,文学,wén xué,literature; CL:种[zhong3],文学,他喜欢中国文学。,彼は中国文学が好きだ。,He likes Chinese literature.,他对中国文学有浓厚的兴趣，经常阅读古典作品。,彼は中国文学に強い興味を持ち、よく古典作品を読んでいる。
994,文字,wén zì,writing style; script; writing; written language; phraseology; CL:個|个[ge4];,文字,汉字是文字。,漢字は文字である。,Chinese characters are written symbols.,学习汉字的结构和意义，有助于更好地理解文字。,漢字の構造と意味を学ぶことは、文字をよりよく理解する助けになる。
995,闻,wén,to hear; news; well-known; famous; reputation; fame; to smell; to sniff at; surname Wen,聞く,我闻到了花香。,私は花の香りを嗅いだ。,I smelled the fragrance of flowers.,记者闻讯后，立即赶到现场进行采访报道。,記者は情報を聞くとすぐに現場に駆けつけ、取材報道を行った。
996,吻,wěn,to kiss; kiss; mouth,キス,他们轻轻吻了一下。,彼らはそっと一度キスをした。,They kissed lightly once.,情侣在夕阳下深情地吻别，场面十分感人。,恋人たちは夕日の下で情熱的に別れのキスを交わし、とても感動的な場面だった。
997,稳定,wěn dìng,steady; stable; stability; to stabilize; to pacify,安定,经济形势很稳定。,経済情勢はとても安定している。,The economic situation is very stable.,经济的稳定发展是国家长远繁荣的基础。,経済の安定した発展は国家の長期的な繁栄の基盤である。
998,问候,wèn hòu,to give one's respects; to send a greeting,挨拶,见面时要问候。,会うときは挨拶をしなければならない。,You should greet when meeting.,收到朋友的问候，让我感到无比温暖和幸福。,友人からの挨拶を受けて、非常に暖かく幸せな気持ちになった。
999,卧室,wò shì,bedroom; CL:间[jian1],寝室,卧室里很安静。,寝室はとても静かだ。,The bedroom is very quiet.,卧室里的布置简洁明快，让人感觉非常放松。,寝室の配置はシンプルで明るく、とてもリラックスできる。
1000,握手,wò shǒu,to shake hands,握手,我们友好地握手。,私たちは友好的に握手した。,We shook hands friendly.,见面时，我们热情地握手表达彼此的友好。,会ったとき、私たちは熱心に握手してお互いの友好を表した。
1001,屋子,wū zi,house; room; CL:间[jian1],家,这屋子很宽敞。,この部屋はとても広々としている。,This room is very spacious.,这个屋子虽然不大，但是布置得非常温馨，让人感到很舒服。,この家はあまり大きくないが、とても温かみのある配置で、とても居心地が良い。
1002,无奈,wú nài,unfortunately; cannot help but; helpless; without choice; for lack of better option; grudgingly; willy-nilly; nolens volens; abbr. for 無可奈无可奈何[wu2 ke3 nai4 he2],仕方ない,我无奈地接受了。,私は仕方なく受け入れた。,I accepted it helplessly.,面对突如其来的困难，他感到无奈，只能暂时放弃计划。,突如として訪れた困難に直面して、彼はどうしようもなく感じ、一時的に計画を諦めるしかなかった。
1003,无数,wú shù,countless; numberless; innumerable,無数,星星无数闪耀。,星が無数に輝いている。,Countless stars are shining.,历史上无数次的战争都给人民带来了深重的灾难和痛苦。,歴史上、無数の戦争が人々に深刻な災難と苦痛をもたらした。
1004,无所谓,wú suǒ wèi,not to matter; to be indifferent; cannot be said to be;,どうでもいい,他对结果无所谓。,彼は結果に無関心だ。,He doesn't care about the result.,这件事情对我来说无所谓，大家决定就好。,このことは私にとってどうでもよいので、皆が決めればいい。
1005,武术,wǔ shù,martial art; military skill or technique (in former times); all kinds of martial art sports (some claiming spiritual development); self-defense; tradition of choreographed fights from opera and film (recent usage); also called kungfu 功夫; CL:种[zhong3],武道,他学习中国武术。,彼は中国武術を学んでいる。,He studies Chinese martial arts.,他从小学习武术，不仅强身健体，还培养了坚强的意志。,彼は幼い頃から武術を学び、体を鍛えるだけでなく、強い意志も養った。
1006,勿,wù,do not,〜するな,勿忘学习的重要。,学ぶことの重要性を忘れてはいけない。,Do not forget the importance of learning.,请勿随地吐痰，保持环境卫生是每个人的责任。,路上で痰を吐かないでください。環境衛生を保つのは誰もが負う責任です。
1007,物理,wù lǐ,physics; physical,物理,物理课很有趣。,物理の授業はとても面白い。,Physics class is very interesting.,物理学的发展促进了现代科技的进步和社会的发展。,物理学の発展は現代科学技術の進歩と社会の発展を促進した。
1008,物质,wù zhì,matter; substance; material; materialistic; CL:个,物質,物质丰富生活。,物質が豊富な生活。,A life rich in material goods.,现代社会中，物质生活水平的提高使人们更加注重精神文化需求。,現代社会では、物質生活水準の向上により、人々は精神文化のニーズをより重視するようになった。
1009,雾,wù,"fog; mist; CL:场[chang2] ,阵[zhen4]",霧,早晨雾很浓。,朝の霧がとても濃い。,The morning fog is very thick.,清晨的雾气弥漫在山谷中，给大地披上了一层神秘的面纱。,朝の霧が谷間に立ち込め、大地に神秘的なヴェールをかけている。
1010,吸取,xī qǔ,"to absorb; to draw (a lesson, insight etc); to assimilate",吸収する,他吸取教训。,彼は教訓を吸収した。,He learned a lesson.,我们应该从失败中吸取教训，避免犯同样的错误。,私たちは失敗から教訓を吸収し、同じ過ちを繰り返さないようにすべきだ。
1011,吸收,xī shōu,to absorb; to assimilate; to ingest,吸収する,植物吸收阳光。,植物は日光を吸収する。,Plants absorb sunlight.,植物通过光合作用吸收阳光，制造养分以维持生长。,植物は光合成を通じて日光を吸収し、栄養分を作り出して成長を維持する。
1012,戏剧,xì jù,drama; play; theater,劇,我喜欢看戏剧。,私は演劇を見るのが好きだ。,I like watching dramas.,这部戏剧通过生动的表演反映了社会的现实问题。,この劇は生き生きとした演技を通じて社会の現実問題を反映している。
1013,系,xì,relation; to connect; to relate to; to tie up; to bind; department,系,他属于文学系。,彼は文学部に所属している。,He belongs to the literature department.,他是我们大学外语系的学生，专业基础非常扎实。,彼は私たちの大学の外国語学科の学生で、専門の基礎が非常にしっかりしている。
1014,系统,xì tǒng,system; CL:个,システム,系统出错了。,システムがエラーを起こした。,The system encountered an error.,公司的管理系统需要不断完善，以提高工作效率和服务质量。,会社の管理システムは絶えず改善する必要があり、業務効率とサービス品質を向上させる。
1015,细节,xì jié,details; particulars,細部,细节决定成败。,細部が成功か失敗かを決める。,Details determine success or failure.,成功往往取决于对细节的把握和处理能力。,成功はしばしば細部の把握と処理能力にかかっている。
1016,瞎,xiā,blind; groundlessly; foolishly; to no purpose,盲目,不要瞎猜答案。,答えをむやみに推測しないで。,Don't guess the answer blindly.,他瞎说一通，完全没有根据，让人无法相信。,彼は根拠もなくでたらめを言い、誰も信じられなかった。
1017,下载,xià zǎi,to download,ダウンロード,我下载了电影。,私は映画をダウンロードした。,I downloaded a movie.,我刚刚在网上下载了一本关于历史的电子书，非常有趣。,私はちょうどネットで歴史に関する電子書籍をダウンロードした、とても面白い。
1018,吓,xià,to frighten; to scare; to intimidate; to threaten,怖がらせる,他吓了我一跳。,彼は私をびっくりさせた。,He startled me.,突然的响声把他吓了一跳，心跳加快了好几秒。,突然の音に彼はびっくりして、心臓が数秒間速く打った。
1019,夏令营,xià lìng yíng,summer camp,サマーキャンプ,孩子们参加夏令营。,子供たちはサマーキャンプに参加する。,The children participate in summer camp.,今年暑假我参加了一个为期两周的夏令营，收获颇丰。,今年の夏休みに私は2週間のサマーキャンプに参加し、大いに収穫があった。
1020,鲜艳,xiān yàn,bright-colored; gaily-colored,鮮やか,花朵颜色鲜艳。,花の色は鮮やかだ。,The flowers' colors are bright.,花园里的花朵色彩鲜艳，吸引了许多游客驻足拍照。,庭の花は色鮮やかで、多くの観光客が立ち止まって写真を撮った。
1021,显得,xiǎn de,to seem; to look; to appear,〜のように見える,他显得很高兴。,彼はとても嬉しそうに見える。,He looks very happy.,他穿着一身正式的西装，显得非常精神和自信。,彼はきちんとしたスーツを着ていて、とても元気で自信に満ちているように見える。
1022,显然,xiǎn rán,evident; clear; obvious(ly),明らかに,显然他错了。,明らかに彼は間違っている。,"Obviously, he is wrong.",通过调查结果可以显然看出，大家对新政策持支持态度。,調査結果から明らかに、新しい政策に対して皆が支持的な態度を持っていることが分かる。
1023,显示,xiǎn shì,to show; to demonstrate; to illustrate; to display; to demonstrate,表示する,数据显示增长。,データは成長を示している。,The data shows growth.,屏幕上显示的信息帮助我们更好地理解了操作步骤。,画面に表示された情報は、私たちが操作手順をよりよく理解するのに役立った。
1024,县,xiàn,county; PRC administrative division below prefecture 地地区[di4 qu4]; CL:个,県,他来自一个县城。,彼はある県の町から来た。,He comes from a county town.,这个县的农业发展迅速，农民的生活水平大幅提高。,この県の農業発展は急速で、農民の生活水準が大幅に向上した。
1025,现代,xiàn dài,modern times; modern age; modern era,現代,现代科技发展快。,現代の科学技術は速く発展している。,Modern technology develops rapidly.,现代科技改变了人们的生活方式，也带来了许多便利。,現代の科学技術は人々の生活様式を変え、多くの便利さももたらした。
1026,现实,xiàn shí,reality; actuality; real; actual; CL:个,現実,面对现实很重要。,現実に直面することはとても重要だ。,Facing reality is very important.,我们必须面对现实，积极寻找解决问题的方法。,私たちは現実に向き合い、積極的に問題解決の方法を探さなければならない。
1027,现象,xiàn xiàng,appearance; phenomenon; CL:个,現象,这是自然现象。,これは自然現象だ。,This is a natural phenomenon.,这种社会现象反映了经济发展与环境保护之间的矛盾。,この社会現象は経済発展と環境保護の間の矛盾を反映している。
1028,限制,xiàn zhì,to restrict; to limit; to confine; restriction; limit; CL:个,制限,时间有限制。,時間には制限がある。,Time has limits.,为了安全起见，政府对车辆的排放量进行了限制。,安全のために、政府は車両の排出量に制限を設けた。
1029,相处,xiāng chǔ,get along with each other,付き合う,我们相处得很好。,私たちは仲良くやっている。,We get along very well.,和同事们相处融洽，有助于营造良好的工作氛围。,同僚と円滑に付き合うことは、良い職場の雰囲気を作るのに役立つ。
1030,相当,xiāng dāng,equivalent to; appropriate; considerably; to a certain extent; fairly,かなり,成绩相当不错。,成績はかなり良い。,The grades are quite good.,他的能力相当出色，已经成为团队中的骨干成员。,彼の能力はかなり優れていて、すでにチームの中核メンバーとなっている。
1031,相对,xiāng duì,relatively; opposite; to resist; to oppose; relative; vis-a-vis,相対的,价格相对便宜。,価格は比較的安い。,The price is relatively cheap.,这两个方案相对而言，各有优缺点，需要慎重考虑。,この二つの案は相対的に言えば、それぞれ長所と短所があり、慎重に検討する必要がある。
1032,相关,xiāng guān,interrelated; correlation; dependence; relevance; mutuality,関連,两事件相关联。,二つの事件は関連している。,The two events are related.,研究表明，环境污染与人体健康密切相关。,研究は環境汚染と人体の健康が密接に関連していることを示している。
1033,相似,xiāng sì,to resemble; similar; like; resemblance; similarity,似ている,这两幅画相似。,この二枚の絵は似ている。,These two paintings are similar.,这两种植物的叶子形状非常相似，初学者很容易混淆。,この二種類の植物の葉の形は非常に似ていて、初心者は簡単に混同してしまう。
1034,香肠,xiāng cháng,sausage; CL:根[gen1];,ソーセージ,我喜欢吃香肠。,私はソーセージを食べるのが好きだ。,I like eating sausages.,早餐店里卖的香肠味道鲜美，深受顾客喜爱。,朝食店で売っているソーセージは味が美味しく、客に非常に好かれている。
1035,享受,xiǎng shòu,to enjoy; to live it up; pleasure; CL:种[zhong3],楽しむ,大家享受假期。,みんな休暇を楽しんでいる。,Everyone is enjoying the holiday.,度假期间，他尽情享受了大自然的美景和宁静。,休暇中、彼は思う存分自然の美しい景色と静けさを楽しんだ。
1036,想念,xiǎng niàn,to miss; remember with longing; long to see again,恋しい,我想念家人。,私は家族が恋しい。,I miss my family.,离开家乡多年，他常常想念父母和童年的朋友们。,故郷を離れて多年、彼はよく両親や子供の頃の友達を恋しく思っている。
1037,想象,xiǎng xiàng,to imagine; to fancy; CL:个,想像する,他喜欢想象未来。,彼は未来を想像するのが好きだ。,He likes imagining the future.,孩子们喜欢通过想象故事来激发他们的创造力。,子供たちは物語を想像することで創造力を刺激するのが好きだ。
1038,象棋,xiàng qí,Chinese chess; CL:副[fu4],象棋,他们在下象棋。,彼らは将棋をしている。,They are playing chess.,爷爷教我下象棋，不仅锻炼了思维能力，也增进了感情。,おじいさんは私に象棋を教えてくれて、思考力を鍛えるだけでなく、感情も深めた。
1039,象征,xiàng zhēng,emblem; symbol; token; badge; to symbolize; to signify; to stand for,象徴,和平是友谊象征。,平和は友情の象徴だ。,Peace is a symbol of friendship.,和平鸽象征着人类对和平的向往和追求。,平和の鳩は人類の平和への憧れと追求を象徴している。
1040,项,xiàng,"back of neck; thing; item; classifier for principles, items, clauses, tasks, research projects",項目,这个项目很重要。,このプロジェクトはとても重要だ。,This project is very important.,这个项目的重要性不言而喻，关系到公司的未来发展。,この項目の重要性は明らかであり、会社の将来の発展に関わっている。
1041,项链,xiàng liàn,necklace,ネックレス,她戴着项链。,彼女はネックレスをつけている。,She is wearing a necklace.,她戴着一条银色的项链，看起来优雅又时尚。,彼女は銀色のネックレスをつけていて、優雅でファッショナブルに見える。
1042,项目,xiàng mù,item; project; sports event; CL:个,プロジェクト,项目进展顺利。,プロジェクトは順調に進んでいる。,The project is progressing smoothly.,我们正在筹备一个新的项目，预计明年正式启动。,私たちは新しいプロジェクトを準備しており、来年正式に始動する予定だ。
1043,消费,xiāo fèi,to consume; CL:个,消費,消费水平提高。,消費水準が上がった。,The consumption level has increased.,随着收入的增加，居民的消费水平也逐渐提升。,収入の増加に伴い、住民の消費水準も徐々に向上している。
1044,消化,xiāo huà,digest; digestion; digestive,消化,食物容易消化。,食べ物は消化しやすい。,The food is easy to digest.,胃不好的人消化食物的能力会有所下降，需要注意饮食。,胃の調子が悪い人は食べ物の消化能力が低下し、食事に注意が必要だ。
1045,消极,xiāo jí,negative; passive; inactive,消極的,他态度消极。,彼は消極的な態度だ。,He has a negative attitude.,面对失败，他表现得非常消极，缺乏继续努力的动力。,失敗に直面して、彼は非常に消極的で、努力を続ける動力に欠けていた。
1046,消失,xiāo shī,to disappear; to fade away,消える,灯光慢慢消失。,灯りがゆっくりと消えていく。,The lights slowly disappear.,随着时间的推移，许多传统文化正在慢慢消失。,時の経過とともに、多くの伝統文化が徐々に消えつつある。
1047,销售,xiāo shòu,to sell; to market; sales,販売,产品销售很好。,製品の販売はとても良い。,The product sales are very good.,公司今年的销售业绩超过了预期，市场反响良好。,会社の今年の販売実績は予想を超え、市場の反応も良好だった。
1048,小麦,xiǎo mài,wheat; CL:粒[li4],小麦,小麦丰收了。,小麦が豊作だった。,The wheat had a good harvest.,小麦是人类重要的粮食作物，广泛种植于各地。,小麦は人類にとって重要な穀物作物で、各地で広く栽培されている。
1049,小气,xiǎo qi,stingy; petty; miserly; narrow-minded,けち,他很小气。,彼はとてもケチだ。,He is very stingy.,他太小气了，连请客吃饭都舍不得花钱。,彼はとてもケチで、ごちそうすることさえお金を使いたがらない。
1050,孝顺,xiào shun,to be obedient to one's parents,孝行,他很孝顺父母。,彼は親孝行だ。,He is very filial to his parents.,孝顺父母是中华民族的传统美德，值得我们学习。,親孝行は中国民族の伝統的な美徳であり、私たちが学ぶべきものである。
1051,效率,xiào lv4,efficiency,効率,提高工作效率非常重要。,仕事の効率を上げることは非常に重要です。,Improving work efficiency is very important.,提高工作效率不仅需要合理安排时间，还要掌握科学的方法和技巧。,仕事の効率を上げるには、時間を合理的に配分するだけでなく、科学的な方法や技術を身につける必要がある。
1052,歇,xiē,to take a break; to rest; to stop,休む,他累了，需要歇一会儿。,彼は疲れていて、少し休む必要があります。,He is tired and needs to take a break.,连续工作了几个小时，他决定找个地方好好歇一歇恢复体力。,数時間連続で働いた後、彼はどこかでゆっくり休んで体力を回復することにした。
1053,斜,xié,inclined; slanting; oblique; tilting,斜め,树枝斜向天空伸展。,木の枝が斜めに空に伸びている。,The tree branches stretch diagonally toward the sky.,这栋建筑的屋顶设计成了一个独特的斜面，既美观又实用。,この建物の屋根は独特な斜面に設計されており、美しくかつ実用的である。
1054,写作,xiě zuò,writing; written works,作文,写作能力需要不断练习。,文章力は絶えず練習する必要があります。,Writing skills need constant practice.,优秀的写作能力不仅体现在语言表达上，还包括逻辑思维的严密性。,優れた作文能力は言語表現だけでなく、論理的思考の厳密さも含まれている。
1055,心理,xīn lǐ,mental; psychological,心理,了解心理变化很关键。,心理の変化を理解することが非常に重要です。,Understanding psychological changes is crucial.,了解学生的心理特点有助于教师制定更有效的教学方案。,学生の心理的特徴を理解することは、教師がより効果的な教育計画を立てるのに役立つ。
1056,心脏,xīn zàng,"heart (lit. and fig.); CL:颗[ke1] ,个",心臓,心脏健康决定生命质量。,心臓の健康は生活の質を決定します。,Heart health determines quality of life.,心脏是人体最重要的器官之一，负责将血液循环输送到全身。,心臓は人体で最も重要な器官の一つで、血液を全身に循環させる役割を担っている。
1057,欣赏,xīn shǎng,to appreciate; to enjoy; to admire,鑑賞,我喜欢欣赏古典音乐。,私はクラシック音楽を鑑賞するのが好きです。,I like to appreciate classical music.,她非常欣赏这位画家的艺术风格和独特的创作理念。,彼女はその画家の芸術スタイルと独特な創作理念を非常に評価している。
1058,信号,xìn hào,signal,信号,手机信号在这里很弱。,ここでは携帯の電波がとても弱いです。,The mobile signal is very weak here.,手机信号在山区往往比较弱，影响了正常的通讯质量。,携帯電話の電波は山間部ではしばしば弱く、正常な通信品質に影響を与える。
1059,信任,xìn rèn,to trust; to have confidence in,信頼,我们之间建立了信任。,私たちの間には信頼が築かれています。,Trust has been established between us.,团队成员之间的信任是项目顺利完成的关键因素。,チームメンバー間の信頼はプロジェクトを順調に完了させるための重要な要素である。
1060,形成,xíng chéng,to form; to take shape,形成,风暴逐渐形成并加强。,嵐が徐々に形成され、強まっています。,The storm is gradually forming and intensifying.,长时间的积累和实践终于形成了他独特的工作方法。,長い時間の蓄積と実践によって、彼独自の仕事のやり方が形成された。
1061,形容,xíng róng,to describe; description; appearance; look,形容,她很难用言语形容。,彼女は言葉で表現するのが難しいです。,She is hard to describe in words.,他用生动的语言形容了那次旅行中的美丽风景。,彼は生き生きとした言葉であの旅行中の美しい風景を形容した。
1062,形势,xíng shì,circumstances; situation; terrain (topography); CL:个,形勢,当前形势十分复杂。,現在の状況は非常に複雑です。,The current situation is very complex.,当前国际形势复杂多变，各国需加强合作共应挑战。,現在の国際情勢は複雑かつ変動が激しく、各国は協力を強化して共に挑戦に対応する必要がある。
1063,形式,xíng shì,shape; outer appearance; form; CL:个,形式,会议采用线上形式举行。,会議はオンライン形式で開催されます。,The meeting is held in an online format.,会议以视频形式举行，方便了远程参与的代表们。,会議はビデオ形式で開催され、遠隔参加の代表者たちに便利だった。
1064,形象,xíng xiàng,image; form; figure; visualization; vivid; CL:个,イメージ,他的形象非常专业。,彼のイメージは非常にプロフェッショナルです。,His image is very professional.,广告中的形象设计直接影响消费者对品牌的认知和好感。,広告のイメージデザインは消費者のブランドに対する認識と好感に直接影響する。
1065,形状,xíng zhuàng,form; shape; CL:个,形状,这块石头形状很特别。,この石の形はとても特別です。,The shape of this stone is very unique.,这个雕塑的形状独特，吸引了许多游客驻足观赏。,この彫刻の形状は独特で、多くの観光客が足を止めて鑑賞した。
1066,行动,xíng dòng,action; to move; operation; mobile; CL:个,行動,采取行动解决问题吧。,問題を解決するために行動を起こしましょう。,Let's take action to solve the problem.,面对突发事件，政府迅速采取行动保障公众安全。,突発事態に直面して、政府は迅速に行動を起こして公共の安全を保障した。
1067,行人,xíng rén,pedestrian; traveler on foot; passer-by; official responsible for arranging audiences with the emperor,歩行者,行人请走人行道。,歩行者は歩道を歩いてください。,Pedestrians please walk on the sidewalk.,在繁忙的市中心，行人需要特别注意交通安全。,繁華な市の中心部では、歩行者は特に交通安全に注意する必要がある。
1068,行为,xíng wéi,behavior; conduct; activity; action,行為,他的行为非常不礼貌。,彼の行動は非常に失礼です。,His behavior is very rude.,他的行为表现出极强的责任感和团队合作精神。,彼の行動は強い責任感とチームワーク精神を示している。
1069,幸亏,xìng kuī,fortunately; luckily,幸い,幸亏你及时赶到现场。,あなたが現場に間に合って本当に良かったです。,"Fortunately, you arrived at the scene in time.",幸亏天气预报准确，我们才及时带了雨具避免淋雨。,天気予報が正確で幸いだったので、私たちは雨具を持ってきて濡れるのを避けられた。
1070,幸运,xìng yùn,fortunate; fortune; luck,幸運,今天真是非常幸运。,今日は本当にとても運が良いです。,Today is really very lucky.,他在比赛中表现出色，真是个幸运的年轻人。,彼は試合で素晴らしいパフォーマンスを見せ、本当に幸運な若者だ。
1071,性质,xìng zhì,nature; characteristic; CL:个,性質,这种材料性质很特殊。,この材料の性質はとても特殊です。,The nature of this material is very special.,了解产品的性质有助于更好地进行市场定位和推广。,製品の性質を理解することは、市場でのポジショニングやプロモーションをより良く行うのに役立つ。
1072,兄弟,xiōng dì,older and younger brother; brothers; brotherly; fraternal; CL:个,兄弟,他们是关系亲密的兄弟。,彼らは親しい兄弟の関係です。,They are close brothers.,他们像亲兄弟一样互相支持，共同面对生活的挑战。,彼らはまるで本当の兄弟のようにお互いを支え合い、共に人生の挑戦に立ち向かっている。
1073,胸,xiōng,chest; bosom; heart; mind; thorax,胸,他胸口疼痛需要检查。,彼は胸が痛くて検査が必要です。,He has chest pain and needs an examination.,感到胸口剧烈疼痛时，应立即就医以排除心脏疾病可能。,胸の激しい痛みを感じたら、心臓病の可能性を除外するためにすぐに医療機関を受診すべきだ。
1074,休闲,xiū xián,leisure; relaxation; not working; idle,余暇,周末我喜欢休闲娱乐。,週末はリラックスして楽しむのが好きです。,I like to relax and entertain myself on weekends.,周末我喜欢去公园散步，享受轻松的休闲时光。,週末は公園に散歩に行って、ゆったりとしたレジャータイムを楽しむのが好きだ。
1075,修改,xiū gǎi,to amend; to alter; to modify,修正,请修改这篇文章内容。,この記事の内容を修正してください。,Please revise the content of this article.,请根据老师的建议修改论文中的错误和不足之处。,先生のアドバイスに基づいて、論文の誤りや不足部分を修正してください。
1076,虚心,xū xīn,modest; open-minded,謙虚,她为人虚心好学。,彼女は謙虚で学ぶ意欲があります。,She is humble and eager to learn.,他对别人的批评总是虚心接受，积极改进自己。,彼は他人の批判をいつも謙虚に受け入れ、積極的に自分を改善している。
1077,叙述,xù shù,to relate (a story or information); to tell or talk about; to recount; narration; telling; narrative; account,叙述,他详细叙述了事件经过。,彼は事件の経緯を詳しく述べました。,He described the course of events in detail.,这篇文章详细叙述了历史事件的经过和影响。,この記事は歴史的な出来事の経緯と影響を詳しく叙述している。
1078,宣布,xuān bù,to declare; to announce; to proclaim,発表,公司宣布了新计划。,会社は新しい計画を発表しました。,The company announced a new plan.,公司正式宣布将于下个月推出全新产品系列。,会社は来月に新しい製品シリーズを発売すると正式に発表した。
1079,宣传,xuān chuán,to disseminate; to give publicity to; propaganda; CL:个,宣伝,宣传活动吸引了很多人。,宣伝活動は多くの人を引きつけました。,The promotional event attracted many people.,政府通过多种渠道宣传环保理念，提高公众环保意识。,政府は様々な手段で環境保護の理念を宣伝し、一般市民の環境意識を高めている。
1080,学历,xué lì,educational background; academic qualifications,学歴,他的学历非常优秀。,彼の学歴は非常に優秀です。,His academic background is excellent.,在招聘时，学历是企业考虑的重要条件之一。,採用の際、学歴は企業が考慮する重要な条件の一つである。
1081,学术,xué shù,learning; science; academic; CL:个,学術,学术讨论促进知识发展。,学術的な議論は知識の発展を促進します。,Academic discussions promote the development of knowledge.,他在学术领域取得了显著成果，发表了多篇有影响力的论文。,彼は学術分野で顕著な成果を上げ、影響力のある論文を多数発表した。
1082,学问,xué wèn,learning; knowledge; academic; CL:个,学問,他在学问上很有造诣。,彼は学問において非常に造詣が深いです。,He has profound knowledge in academics.,不断积累学问是提升个人综合素质的有效途径。,学問を絶えず積み重ねることは、個人の総合的な素質を高める有効な方法である。
1083,血,xuè,"blood; CL:滴[di1] ,片[pian4]",血,伤口流了很多血。,傷口からたくさん血が流れました。,The wound bled a lot.,受伤后，血流得很快，需要及时止血处理。,怪我をした後、血が速く流れているので、すぐに止血処理が必要だ。
1084,寻找,xún zhǎo,to seek; to look for,探す,我一直在寻找机会。,私はずっとチャンスを探しています。,I have been looking for opportunities.,他花了很长时间寻找失散多年的亲人，终于有了线索。,彼は長い時間をかけて何年も離ればなれになっていた親族を探し、ついに手がかりを得た。
1085,询问,xún wèn,to inquire,問い合わせ,请你询问相关信息。,関連情報を問い合わせてください。,Please inquire about the relevant information.,遇到不懂的问题时，及时向老师询问是非常重要的。,わからない問題に直面したとき、すぐに先生に質問することが非常に重要だ。
1086,训练,xùn liàn,to train; to drill; training; CL:个,訓練,运动员每天训练严格。,選手は毎日厳しくトレーニングしています。,The athlete trains strictly every day.,经过严格训练，他的体能和技能都有了明显提升。,厳しい訓練を経て、彼の体力と技術には明らかな向上が見られた。
1087,迅速,xùn sù,rapid; speedy; fast,迅速,他迅速做出了决定。,彼は素早く決断を下しました。,He made a decision quickly.,救援队迅速赶到现场，展开了紧急救助行动。,救援隊は迅速に現場に到着し、緊急救助活動を開始した。
1088,押金,yā jīn,deposit; cash pledge,保証金,租房时需要交押金。,賃貸するときは保証金を支払う必要があります。,You need to pay a deposit when renting a house.,租房时通常需要支付押金，以保障房东的权益。,賃貸契約の際には通常、家主の権益を保障するために保証金の支払いが必要である。
1089,牙齿,yá chǐ,tooth; dental; CL:顆|颗[ke1];,歯,牙齿健康很重要。,歯の健康はとても重要です。,Dental health is very important.,牙齿健康对整体身体健康有着重要影响，需定期检查。,歯の健康は全身の健康に重要な影響を与えるため、定期的な検査が必要だ。
1090,严肃,yán sù,solemn; solemnity,厳格,老师对学生很严肃。,先生は生徒に対してとても厳しいです。,The teacher is very strict with the students.,他在会议上表现得非常严肃，认真听取每个人的意见。,彼は会議で非常に厳粛に振る舞い、皆の意見を真剣に聞いていた。
1091,延长,yán cháng,to prolong; to extend; to delay,延長,会议时间被延长了。,会議の時間が延長されました。,The meeting time was extended.,为了完成项目，经理决定延长工作时间和进度安排。,プロジェクトを完成させるために、マネージャーは勤務時間とスケジュールの延長を決定した。
1092,演讲,yǎn jiǎng,lecture; to make a speech,演説,他在会上做了演讲。,彼は会議でスピーチをしました。,He gave a speech at the meeting.,他在国际会议上发表了精彩的演讲，赢得了广泛赞誉。,彼は国際会議で素晴らしい演説を行い、広く称賛を受けた。
1093,宴会,yàn huì,"banquet; feast; dinner party; CL:席[xi2] ,个",宴会,今晚参加了一个宴会。,今晩、宴会に参加しました。,I attended a banquet tonight.,公司举办的年度宴会为员工提供了交流和放松的机会。,会社が開催した年次宴会は、社員に交流とリラックスの機会を提供した。
1094,阳台,yáng tái,balcony; porch,バルコニー,阳台上种满了花草。,バルコニーには花や草がいっぱい植えられています。,The balcony is full of flowers and plants.,阳台上种满了各种花草，成为家中最美丽的角落。,ベランダには様々な花や草が植えられ、家の中でも一番美しい場所になっている。
1095,痒,yǎng,to itch; to tickle,かゆい,蚊子咬后很痒。,蚊に刺されるととてもかゆいです。,It itches a lot after being bitten by mosquitoes.,因为过敏，他的皮肤开始发痒，忍不住抓了起来。,アレルギーのために彼の肌がかゆくなり、我慢できずにかいてしまった。
1096,样式,yàng shì,type; style,様式,这款衣服设计样式新颖。,この服のデザインは斬新です。,This clothing design is novel.,这款服装设计独特，样式新颖，深受年轻人的喜爱。,この服はデザインが独特で、スタイルも新しく、若者に非常に好まれている。
1097,腰,yāo,waist; lower back; pocket; middle; loins,腰,他腰疼需要休息。,彼は腰が痛くて休む必要があります。,He has a backache and needs to rest.,长时间坐着工作容易导致腰部不适，需要适当活动。,長時間座って仕事をすると腰に不快感が生じやすいため、適度な運動が必要だ。
1098,摇,yáo,to shake; to rock; to row; to crank,揺れる,树叶在风中摇摆。,木の葉が風に揺れています。,The leaves are swaying in the wind.,小孩子喜欢摇晃玩具，以此来吸引注意力和娱乐自己。,子どもはおもちゃを揺らすのが好きで、それによって注意を引き、自分を楽しませている。
1099,咬,yǎo,to bite; to nip,噛む,小狗喜欢咬玩具。,子犬はおもちゃを噛むのが好きです。,The puppy likes to bite toys.,狗看到陌生人时，有时会表现出咬人的行为以示警告。,犬は見知らぬ人を見ると、時には警告として噛む行動を示すことがある。
1100,要不,yào bù,"otherwise; or; or else; how about...? (one choice or the other); either this, or else...",さもなければ,快点走，要不迟到。,早く行こう、さもないと遅刻するよ。,"Hurry up, or you'll be late.",我们快点出发，要不然就赶不上火车了。,早く出発しよう、そうしないと電車に間に合わなくなるよ。
1101,业务,yè wù,vocational work; professionnal work; business CL:个,業務,他的业务很专业。,彼の業務はとても専門的です。,His business is very professional.,这家公司的业务范围涵盖了国际贸易和电子商务两个领域。,この会社の業務範囲は国際貿易と電子商取引の二つの分野を含んでいます。
1102,业余,yè yú,in one's spare time; outside working hours; amateur; non professional; extra-curricular,余暇,业余时间学习书法。,余暇に書道を学びます。,I study calligraphy in my spare time.,他虽然是业余爱好者，但在摄影方面的作品非常出色。,彼はアマチュアですが、写真の作品は非常に優れています。
1103,夜,yè,night; evening,夜,夜晚星光很美。,夜の星空はとても美しいです。,The stars at night are very beautiful.,夜深人静时，他总喜欢独自一人思考人生的意义。,夜が深く人が静かな時、彼はいつも一人で人生の意味を考えるのが好きです。
1104,依然,yī rán,as before; still,依然,他依然坚持梦想。,彼は依然として夢を持ち続けています。,He still persists in his dreams.,尽管遇到了很多困难，他依然坚持完成了所有的任务。,多くの困難に直面したにもかかわらず、彼は依然としてすべての任務をやり遂げました。
1105,一辈子,yí bèi zi,(for) a lifetime,一生,他一辈子忠于家庭。,彼は一生家族に忠実です。,He is loyal to his family for his whole life.,他发誓要用一辈子的时间来追求自己的梦想。,彼は一生の時間をかけて自分の夢を追いかけることを誓いました。
1106,一旦,yí dàn,"in case (sth happens); if; once (sth happens, then...); when; in a short time; in one day",一旦,一旦决定就行动。,一度決めたら行動します。,"Once decided, take action.",一旦决定了目标，就应该全力以赴去实现它。,一度目標を決めたら、それを実現するために全力を尽くすべきです。
1107,一律,yí lv4,uniformly; same; all; without exception,一律,规章制度一律执行。,規則や制度は一律に実行されます。,Rules and regulations are uniformly enforced.,公司对于所有员工的考勤规定一律严格执行，绝不例外。,会社はすべての社員の勤怠規則を一律に厳格に実施し、例外は一切ありません。
1108,一再,yí zài,repeatedly,何度も,他一再请求帮助。,彼は何度も助けを求めました。,He repeatedly asked for help.,他一再强调团队合作的重要性，希望大家能够互相支持。,彼はチームワークの重要性を何度も強調し、みんなが互いに支え合うことを望んでいます。
1109,一致,yí zhì,unanimous; identical (views or opinions),一致,大家意见一致通过。,皆の意見は一致して承認されました。,Everyone's opinions were unanimously approved.,经过多次讨论，大家对项目的方案达成了一致意见。,何度も議論を重ねて、みんながプロジェクトの計画について一致した意見に達しました。
1110,疑问,yí wèn,a question; something not understood; to query; interrogative (gramm.); CL:个,疑問,你有任何疑问吗？,何か疑問はありますか？,Do you have any questions?,对于他的说法，我心中仍有很多疑问需要进一步澄清。,彼の言ったことについて、私の心にはまだ多くの疑問があり、さらに明確にする必要があります。
1111,移动,yí dòng,to move; movement; migration; mobile; portable,移動,手机可以自由移动。,携帯電話は自由に移動できます。,Mobile phones can move freely.,随着科技的发展，移动支付已经成为人们生活中不可或缺的一部分。,技術の発展とともに、モバイル決済は人々の生活に欠かせない一部となりました。
1112,移民,yí mín,to immigrate; to migrate; emigrant; immigrant,移民,他们计划移民国外。,彼らは海外に移住する計画です。,They plan to immigrate abroad.,近年来，许多年轻人选择移民到海外寻找更好的发展机会。,ここ数年、多くの若者がより良い発展の機会を求めて海外へ移民を選んでいます。
1113,遗憾,yí hàn,to regret; regret; pity; sorry,遺憾,错过机会很遗憾。,チャンスを逃してとても残念です。,It is regrettable to miss the opportunity.,错过了这次面试机会，他感到非常遗憾和失落。,この面接の機会を逃して、彼は非常に残念で落胆しました。
1114,乙,yǐ,"second in order; second of 10 heavenly stems 十天干; letter 'B' or roman 'II' in list 'A, B, C', or 'I, II, III' etc; second party (in legal contract, usually 乙方[yi3 fang1] , as opposed to 甲方[jia3 fang1]); ethyl; bent; winding; radical in Chinese characters (Kangxi radical 5)",乙,合同中有乙方责任。,契約には乙方の責任があります。,The contract includes the responsibilities of Party B.,在化学实验中，乙类物质需要特别小心地进行处理。,化学実験では、乙類物質は特に注意して取り扱う必要があります。
1115,以及,yǐ jí,as well as; too; and,および,会议包括报告以及讨论。,会議には報告および討論が含まれます。,The meeting includes reports and discussions.,会议讨论了公司的发展战略以及市场拓展的具体计划。,会議では会社の発展戦略および市場拡大の具体的な計画について議論しました。
1116,以来,yǐ lái,since (a previous event),以来,毕业以来他很努力。,卒業以来、彼はとても努力しています。,He has been working hard since graduation.,自从去年以来，他的工作表现有了显著的提升。,去年以来、彼の仕事のパフォーマンスは著しく向上しました。
1117,义务,yì wù,duty; obligation; commitment; volunteer duty; mandatory; voluntary; CL:项[xiang4],義務,每个人都有义务守法。,誰もが法律を守る義務があります。,Everyone has the obligation to obey the law.,作为学生义务，大家应该遵守学校的规章制度，认真学习。,学生としての義務として、みんなは学校の規則を守り、真剣に勉強すべきです。
1118,亿,yì,"a hundred million; 100,000,000; many",億,人口超过十四亿。,人口は14億を超えています。,The population exceeds 1.4 billion.,中国的人口已经超过了十四亿，达到世界第一的位置。,中国の人口はすでに14億を超え、世界第一の地位に達しています。
1119,意外,yì wài,unexpected; accident; mishap; CL:个,意外,发生了意外事故。,事故が発生しました。,An accident occurred.,这场突如其来的意外让整个团队措手不及，陷入了混乱。,この突然の事故でチーム全体が不意を突かれ、混乱に陥りました。
1120,意义,yì yì,meaning; significance; CL:个,意味,这句话有深刻意义。,この言葉には深い意味があります。,This sentence has profound meaning.,这本书对于理解现代哲学的发展具有重要的意义。,この本は現代哲学の発展を理解する上で重要な意義を持っています。
1121,议论,yì lùn,to comment; to talk about; to discuss; discussion; CL:个,議論,大家议论纷纷不断。,皆が次々と議論しています。,Everyone is discussing continuously.,他们在会议上对政策的利弊进行了热烈的议论和分析。,彼らは会議で政策の利点と欠点について熱烈に議論し分析しました。
1122,因而,yīn ér,"therefore; as a result; thus; and as a result,...",したがって,天气不好因而取消。,天気が悪いため中止になりました。,It was canceled because of bad weather.,项目进展顺利，因而公司决定提前完成既定目标。,プロジェクトは順調に進んでいるため、会社は予定の目標を前倒しで達成することにしました。
1123,因素,yīn sù,element; factor; CL:个,要素,成功的因素很多。,成功の要因は多いです。,There are many factors for success.,环境保护是影响生态平衡的重要因素之一，不能忽视。,環境保護は生態バランスに影響を与える重要な要素の一つであり、無視できません。
1124,银,yín,silver; silver-colored; relating to money or currency,銀,这条项链是银制。,このネックレスは銀製です。,This necklace is made of silver.,他腰间挂着一个银质的怀表，显得格外有品味。,彼は腰に銀製の懐中時計をぶら下げていて、とても趣味が良さそうに見えます。
1125,印刷,yìn shuā,to print; printing,印刷,书籍已经印刷完成。,書籍はすでに印刷が完了しています。,The books have already been printed.,这家印刷厂采用了最新的技术来保证印刷质量。,この印刷工場は最新の技術を採用して印刷の品質を保証しています。
1126,英俊,yīng jùn,handsome; brilliant; smart,英俊,他长得非常英俊。,彼はとてもハンサムに見えます。,He looks very handsome.,他不仅英俊潇洒，而且才华横溢，深受大家喜欢。,彼はハンサムでさわやかなだけでなく、才能も豊かで、みんなに好かれています。
1127,英雄,yīng xióng,hero; heroic; CL:个,英雄,他是战争英雄。,彼は戦争の英雄です。,He is a war hero.,历史上的英雄人物常常激励着后人勇敢面对挑战。,歴史上の英雄たちは後の人々に勇敢に挑戦に立ち向かうように激励しています。
1128,营养,yíng yǎng,nutrition; nourishment; CL:种[zhong3],栄養,蔬菜营养丰富健康。,野菜は栄養豊富で健康的です。,Vegetables are nutritious and healthy.,均衡的营养摄入对于保持身体健康至关重要。,バランスの取れた栄養摂取は健康な体を維持するために非常に重要です。
1129,营业,yíng yè,to do business; to trade,営業,商店每天正常营业。,店は毎日通常営業しています。,The store operates normally every day.,这家超市每天营业时间从早上八点到晚上十点。,このスーパーの営業時間は毎日朝8時から夜10時までです。
1130,迎接,yíng jiē,to meet; to welcome; to greet,迎える,我们去机场迎接他。,私たちは空港へ彼を迎えに行きます。,We go to the airport to pick him up.,学校为迎接新学期做了充分的准备工作，气氛热烈。,学校は新学期を迎えるために十分な準備を行い、雰囲気は熱気にあふれています。
1131,影子,yǐng zi,shadow; reflection; indication; influence; CL:个,影,树下有一个影子。,木の下に影があります。,There is a shadow under the tree.,他在黑暗中看到自己的影子，感到既陌生又亲切。,彼は暗闇の中で自分の影を見て、知らない感じもありながら親しみも感じました。
1132,应付,yìng fu,to deal with; to cope,対処,他能应付各种问题。,彼はあらゆる問題に対応できます。,He can handle various problems.,面对突发的情况，他能够冷静应付，处理得当。,突然の状況に直面しても、彼は冷静に対処し、適切に処理しました。
1133,应用,yìng yòng,to use; to apply; application; applicable,応用,理论要应用于实践。,理論は実践に応用しなければなりません。,Theory must be applied to practice.,这款软件的应用范围非常广泛，适合多个行业使用。,このソフトウェアの応用範囲は非常に広く、複数の業界に適しています。
1134,硬,yìng,hard; able (person); stiff; strong; firm; to manage to do sth with difficulty; good (quality); able (person),硬い,这块石头很硬。,この石はとても硬いです。,This stone is very hard.,这块钢板非常硬，不容易被划伤或变形。,この鋼板は非常に硬く、傷ついたり変形したりしにくいです。
1135,硬件,yìng jiàn,hardware,ハードウェア,电脑硬件需要升级。,コンピューターのハードウェアはアップグレードが必要です。,Computer hardware needs to be upgraded.,电脑的硬件配置直接影响运行速度和性能表现。,パソコンのハードウェアの構成は動作速度と性能の表れに直接影響を与えます。
1136,拥抱,yōng bào,to embrace; to hug; to hold in one's arms,抱擁,他们热情地拥抱。,彼らは熱心に抱き合いました。,They embraced warmly.,在朋友久别重逢的那一刻，他们热情地拥抱在一起。,友人との久しぶりの再会の瞬間、彼らは熱心に抱き合いました。
1137,拥挤,yōng jǐ,to be crowded; to throng; to push and squeeze; congestion,混雑,地铁很拥挤不舒服。,地下鉄はとても混んでいて不快です。,The subway is very crowded and uncomfortable.,节假日期间，市中心的街道总是非常拥挤，交通堵塞严重。,祝日には市の中心街はいつも非常に混雑し、交通渋滞がひどいです。
1138,勇气,yǒng qì,courage; valor; (to have) the nerve,勇気,面对困难要有勇气。,困難に直面して勇気を持つべきです。,You should have courage when facing difficulties.,面对困难，他从未失去过勇气，始终积极面对挑战。,困難に直面しても、彼は決して勇気を失わず、常に積極的に挑戦に向かっています。
1139,用功,yòng gōng,to study hard; industrious (in one's studies); to make great effort; diligent,努力,他学习非常用功。,彼はとても熱心に勉強しています。,He studies very diligently.,她学习非常用功，每天坚持复习和预习，成绩优异。,彼女はとても勉強熱心で、毎日復習と予習を続けていて、成績は優秀です。
1140,用途,yòng tú,use; application,用途,这种材料用途广泛。,この材料は用途が広いです。,This material has a wide range of uses.,这种材料的用途非常广泛，可以用来制造各种日用品。,この材料の用途は非常に広く、さまざまな日用品の製造に使えます。
1141,优惠,yōu huì,preferential; favorable,優遇,会员享受优惠政策。,会員は優遇政策を享受します。,Members enjoy preferential policies.,商场推出了多种优惠活动，吸引了大量顾客前来购物。,デパートはさまざまな割引キャンペーンを展開し、多くの顧客を引きつけました。
1142,优美,yōu měi,graceful; fine; elegant,優美,风景优美令人心旷。,風景は美しくて心が晴れやかになります。,The scenery is beautiful and refreshing.,这首歌曲旋律优美，深受年轻人的喜爱。,この歌は旋律が美しく、若者に非常に人気があります。
1143,优势,yōu shì,superiority; dominance; advantage,優勢,我们有技术优势。,私たちは技術的な優位性があります。,We have a technological advantage.,公司凭借自身的优势，在市场竞争中取得了领先地位。,会社は自社の優位性を活かして、市場競争でリードの地位を獲得しました。
1144,悠久,yōu jiǔ,"established; long (about culture, tradtition, history)",悠久,这座城市历史悠久。,この都市は歴史が古いです。,This city has a long history.,这座古城有着悠久的历史和丰富的文化遗产。,この古都は悠久の歴史と豊かな文化遺産を持っています。
1145,油炸,yóu zhá,to deep fry,油揚げ,油炸食品不健康。,揚げ物は健康に良くありません。,Fried food is unhealthy.,油炸食品虽然美味，但应注意适量摄入，避免健康问题。,揚げ物は美味しいですが、適量を摂取し健康問題を避けるべきです。
1146,游览,yóu lǎn,to go sight-seeing; to tour; to visit; CL:次[ci4],観光,假期去北京游览。,休暇に北京を観光します。,I will visit Beijing during the holiday.,假期期间，很多游客选择去名胜古迹游览，感受历史文化。,休暇期間、多くの観光客が名勝古跡を訪れて歴史文化を感じています。
1147,犹豫,yóu yù,to hesitate,躊躇,他犹豫是否参加。,彼は参加するかどうか迷っています。,He hesitates whether to participate.,面对重要选择，他犹豫不决，反复权衡利弊。,重要な選択に直面して、彼はためらって決められず、利害を何度も比較検討しました。
1148,有利,yǒu lì,advantageous; to have advantages; favorable,有利,投资环境非常有利。,投資環境は非常に有利です。,The investment environment is very favorable.,合理的政策能够带来经济发展的有利条件，促进社会稳定。,合理的な政策は経済発展に有利な条件をもたらし、社会の安定を促進します。
1149,幼儿园,yòu ér yuán,kindergarten; nursery school,幼稚園,孩子在幼儿园学习。,子供は幼稚園で学んでいます。,The child studies in kindergarten.,幼儿园不仅注重孩子们的智力开发，还关注他们的情感培养。,幼稚園は子供たちの知能開発だけでなく、感情の育成にも注意を払っています。
1150,娱乐,yú lè,to entertain; to amuse; entertainment; recreation; amusement; hobby; fun; joy,娯楽,音乐是我的娱乐。,音楽は私の娯楽です。,Music is my entertainment.,周末的时候，他们常去公园娱乐，放松身心，增进友谊。,週末には彼らはよく公園で娯楽を楽しみ、心身をリラックスさせ、友情を深めます。
1151,与其,yǔ qí,"rather than...; 與与其 A 不如 B (rather than A, better to B)",～よりも,与其抱怨，不如努力。,不平を言うより努力したほうがいい。,"Instead of complaining, it's better to work hard.",与其抱怨环境不好，不如积极改变自己的态度和行为。,環境が悪いと不平を言うより、自分の態度と行動を積極的に変えたほうがいい。
1152,语气,yǔ qì,tone; manner of speaking; mood; CL:个,口調,他说话语气很温和。,彼の話し方はとても穏やかだ。,He speaks in a very gentle tone.,他说话的语气虽然温和，但内心充满了坚定的信念。,彼の話し方の語気は穏やかだが、心の中には強い信念が満ちている。
1153,玉米,yù mǐ,corn; maize; CL:粒[li4],トウモロコシ,玉米是主要粮食。,トウモロコシは主要な穀物だ。,Corn is a staple grain.,今年的玉米产量比去年增加了百分之二十，农民们非常高兴。,今年のトウモロコシの収穫量は去年より20％増え、農民たちはとても喜んでいる。
1154,预报,yù bào,forecast,予報,天气预报说明天下雨。,天気予報は明日雨が降ると言っている。,The weather forecast says it will rain tomorrow.,天气预报说明天会下雨，大家出门时最好带伞。,天気予報によると明日は雨が降るので、みんな外出するときは傘を持っていったほうがいい。
1155,预订,yù dìng,to place an order; to book ahead,予約,我已经预订了酒店。,私はすでにホテルを予約した。,I have already booked the hotel.,我们提前预订了酒店，以确保假期期间有合适的住宿。,私たちは事前にホテルを予約して、休暇中に適切な宿泊先が確保できるようにした。
1156,预防,yù fáng,to prevent; to take precautions against; to protect; to guard against; precautionary; prophylactic,予防,预防疾病很重要。,病気の予防はとても重要だ。,Preventing diseases is very important.,为了预防感冒，医生建议每天多喝水并保持良好的作息习惯。,風邪を予防するために、医者は毎日たくさん水を飲み、良い生活習慣を保つよう勧めている。
1157,元旦,yuán dàn,New Year's Day,元旦,我们一起庆祝元旦。,私たちは一緒に元旦を祝う。,We celebrate New Year's Day together.,元旦那天，家家户户都会举行庆祝活动，迎接新的一年。,元旦の日には、どの家庭も祝賀行事を行い、新しい年を迎える。
1158,原料,yuán liào,raw material; CL:个,原料,这家工厂用优质原料。,この工場は高品質の原料を使っている。,This factory uses high-quality raw materials.,制造这种产品需要高质量的原料，才能保证最终的效果。,この製品を作るには高品質の原料が必要で、そうしてこそ最終的な効果が保証される。
1159,原则,yuán zé,principle; doctrine; CL:个,原則,诚信是基本原则。,誠実さは基本的な原則だ。,Integrity is a fundamental principle.,我们在工作中必须遵守公司的基本原则，确保团队协作顺利进行。,私たちは仕事の中で会社の基本原則を守らなければならず、チームの協力が円滑に進むようにする。
1160,员工,yuán gōng,staff; personnel; employee;,従業員,员工们都很努力。,従業員たちはみんな一生懸命だ。,The employees all work hard.,公司为员工提供了完善的培训计划，帮助他们不断提升专业技能。,会社は従業員に充実した研修プログラムを提供し、彼らが専門技能を絶えず向上させるのを助けている。
1161,圆,yuán,circle; round; circular; spherical; (of the moon) full; unit of Chinese currency (Yuan); tactful; to justify,円形,桌子是圆的设计。,この机は丸いデザインだ。,The table has a round design.,这个盘子的形状是完美的圆，设计非常精美。,この皿の形は完璧な円形で、デザインが非常に精巧だ。
1162,愿望,yuàn wàng,wish ; desire; CL:个,願望,他的愿望是成功。,彼の願いは成功することだ。,His wish is to succeed.,每个人都有自己的愿望，希望未来能够实现梦想和目标。,誰もが自分の願望を持っており、未来に夢と目標を実現したいと思っている。
1163,乐器,yuè qì,musical instrument; CL:件[jian4];,楽器,他会弹多种乐器。,彼は多くの楽器を演奏できる。,He can play various musical instruments.,他从小学习多种乐器，钢琴和小提琴弹得尤为出色。,彼は幼い頃から様々な楽器を習い、特にピアノとバイオリンの演奏が優れている。
1164,晕,yūn,confused; dizzy; giddy; faint; swoon; to lose consciousness; to pass out,めまい,我头晕需要休息。,私はめまいがして休む必要がある。,I feel dizzy and need to rest.,长时间站立让我感到头晕，有点儿想晕倒的感觉。,長時間立っているとめまいがして、少し気を失いそうな感じがした。
1165,运气,yùn qi,luck (good or bad),運気,他的运气特别好。,彼は特に運がいい。,He is especially lucky.,这次比赛的胜利完全靠运气，但也展现了团队的努力。,今回の試合の勝利はまったく運気によるものだが、チームの努力も示された。
1166,运输,yùn shū,transport; haulage; transit; CL:个,輸送,货物通过铁路运输。,貨物は鉄道で輸送される。,The goods are transported by railway.,运输过程中要注意货物的安全，防止损坏和丢失。,輸送の過程で荷物の安全に注意し、破損や紛失を防がなければならない。
1167,运用,yùn yòng,to use; to put to use,応用,理论要灵活运用。,理論は柔軟に応用しなければならない。,Theories need to be applied flexibly.,他能够灵活运用所学的知识，解决实际工作中的各种问题。,彼は学んだ知識を柔軟に運用して、実際の仕事のさまざまな問題を解決できる。
1168,灾害,zāi hài,disastrous damage; scourge; CL:个,災害,地震是一种灾害。,地震は一種の災害だ。,An earthquake is a type of disaster.,自然灾害给当地居民带来了严重的经济和生活损失。,自然災害は現地の住民に深刻な経済的・生活的損失をもたらした。
1169,再三,zài sān,over and over again; again and again,何度も,他再三强调安全。,彼は安全を何度も強調した。,He repeatedly emphasized safety.,老师再三强调考试的重要性，提醒学生认真复习准备。,先生は試験の重要性を何度も強調し、生徒に真剣に復習して準備するよう注意した。
1170,在乎,zài hu,to care about; to mind; determined by,気にする,她不在乎别人的看法。,彼女は他人の意見を気にしない。,She doesn't care about others' opinions.,他非常在乎朋友的感受，总是尽力帮助他们解决困难。,彼は友達の気持ちを非常に気にかけており、いつも力を尽くして彼らの困難を解決しようとしている。
1171,在于,zài yú,to be in; to lie in; to consist in; to depend on; to rest with;,～にある,成功在于坚持努力。,成功は努力を続けることにかかっている。,Success depends on persistent effort.,成功与否在于坚持不懈的努力和正确的方法。,成功するかどうかは、不断の努力と正しい方法にかかっている。
1172,赞成,zàn chéng,to approve; to endorse,賛成,大家都赞成这个计划。,みんながこの計画に賛成している。,Everyone agrees with this plan.,大多数员工都赞成公司的新政策，认为它有助于提高效率。,大多数の従業員は会社の新しい方針に賛成しており、それが効率向上に役立つと考えている。
1173,赞美,zàn měi,to admire; to applause; to praise; to eulogize,称賛,老师赞美了他的表现。,先生は彼の成績を褒めた。,The teacher praised his performance.,诗人用优美的语言赞美大自然的壮丽景色。,詩人は美しい言葉で大自然の壮麗な景色を称賛している。
1174,糟糕,zāo gāo,too bad; how terrible; what bad luck; terrible; bad,最悪,糟糕！手机丢了。,最悪だ！携帯電話をなくした。,Terrible! I lost my phone.,昨天的糟糕天气影响了我们的户外计划，只好临时改变行程。,昨日のひどい天気が私たちの屋外計画に影響を与え、急きょ行程を変更せざるを得なかった。
1175,造成,zào chéng,to bring about; to create; to cause,もたらす,污染造成环境问题。,汚染は環境問題を引き起こす。,Pollution causes environmental problems.,不合理的管理制度往往会造成员工的消极情绪和低效率。,不合理な管理制度はしばしば従業員の消極的な感情と低効率を引き起こす。
1176,则,zé,thus; then; standard; norm; rule; to imitate; to follow; principle; classifier for written items (such as an official statement); conjunction used to express contrast with a previous sentence or clause (like 'thus');,～ならば,你努力，则会成功。,あなたが努力すれば、成功するだろう。,"If you work hard, you will succeed.",他喜欢运动则喜欢篮球，不喜欢足球。,彼はスポーツが好きだが、バスケットボールは好きで、サッカーは好きではない。
1177,责备,zé bèi,to blame; to criticize,責める,他责备自己犯错。,彼は自分のミスを責めた。,He blamed himself for the mistake.,经理对员工的失误进行了适当的责备，希望大家引以为戒。,マネージャーは従業員のミスに対して適切に叱責し、みんなが戒めにすることを望んでいる。
1178,摘,zhāi,"to borrow; to take; to pick (flowers, fruit etc); to pluck; to select; to remove; to take off (glasses, hat etc)",摘む,她在花园摘花。,彼女は庭で花を摘んでいる。,She is picking flowers in the garden.,她小心地摘下花园里最美丽的玫瑰，送给了母亲。,彼女は庭で最も美しいバラを慎重に摘み取り、母親に贈った。
1179,窄,zhǎi,narrow; narrow-minded; badly off,狭い,这条路很窄不方便。,この道はとても狭くて不便だ。,This road is very narrow and inconvenient.,这条街道太窄了，车辆通行非常不方便。,この通りはとても狭くて、車の通行が非常に不便だ。
1180,粘贴,zhān tiē,"to stick; to affix; to adhere; to paste (as in cut, copy and paste)",貼る,请把海报粘贴墙上。,ポスターを壁に貼ってください。,Please paste the poster on the wall.,请用鼠标粘贴刚才复制的内容到文档的指定位置。,マウスを使って先ほどコピーした内容を文書の指定された場所に貼り付けてください。
1181,展开,zhǎn kāi,to unfold; to carry out; to be in full swing; to launch,展開する,会议正在展开讨论。,会議は現在議論を進めている。,The meeting is currently underway in discussion.,公司计划明年展开新一轮的市场推广活动，提高品牌知名度。,会社は来年新たなマーケティング活動を展開し、ブランドの知名度を高める計画だ。
1182,展览,zhǎn lǎn,"to put on display; to exhibit; exhibition; show; CL:个,次[ci4]",展示会,美术馆举办画展览。,美術館は絵画展を開催している。,The art museum is holding a painting exhibition.,博物馆正在举办一场古代艺术品的展览，吸引了大量游客参观。,博物館では古代美術品の展覧会が開催され、多くの観光客を引きつけている。
1183,占,zhàn,to take possession of; to occupy; to take up;,占める,这个品牌占市场大份额。,このブランドは市場で大きなシェアを占めている。,This brand holds a large market share.,这个地区占全国农业产量的很大比例，贡献不容忽视。,この地域は国内の農業生産量の大きな割合を占めており、その貢献は無視できない。
1184,战争,zhàn zhēng,"war; warfare; conflict; CL:场[chang2] ,次[ci4]",戦争,和平比战争重要得多。,平和は戦争よりずっと重要だ。,Peace is much more important than war.,战争给人民带来了深重的灾难和无尽的痛苦，必须坚决避免。,戦争は人々に深刻な災難と果てしない苦しみをもたらし、断固として避けなければならない。
1185,掌握,zhǎng wò,"to grasp (often fig.); to control; to master; to know well; to understand sth well and know how to use it; fluency; to seize (initiative, opportunity, destiny)",習得する,掌握技能需要时间。,技術を習得するには時間がかかる。,It takes time to master skills.,只有掌握了核心技术，企业才能在激烈的市场竞争中立于不败之地。,コア技術を掌握してこそ、企業は激しい市場競争で無敗の地位に立てる。
1186,涨,zhǎng,"to rise (of prices, rivers)",値上がり,房价今年大幅上涨。,今年、住宅価格が大幅に上昇した。,Housing prices have risen sharply this year.,由于需求增加，水果的价格最近连续几天上涨了不少。,需要の増加により、果物の価格はここ数日連続してかなり上昇した。
1187,长辈,zhǎng bèi,one's elders; older generation,年長者,长辈应受尊敬。,年長者は敬われるべきだ。,Elders should be respected.,作为长辈，我们有责任关心和帮助晚辈解决生活中的困难。,長輩として、私たちは若い世代の生活の困難を気にかけて助ける責任がある。
1188,账户,zhàng hù,account (bank or online),口座,我开了一个银行账户。,私は銀行口座を開設した。,I opened a bank account.,请核对您的账户信息，确保转账金额和收款人正确无误。,あなたの口座情報を確認して、送金額と受取人が正確であることを確かめてください。
1189,招待,zhāo dài,to receive (guests); to entertain; reception,もてなす,他们热情招待客人。,彼らは熱心に客をもてなした。,They warmly hosted the guests.,公司举办年会时，专门招待了所有合作伙伴和重要客户。,会社は年次会を開催するとき、特別にすべての協力パートナーと重要な顧客をもてなした。
1190,着火,zháo huǒ,to ignite; to burn,火事になる,厨房突然着火了。,キッチンが突然火事になった。,The kitchen suddenly caught fire.,厨房着火后，大家迅速采取措施，成功扑灭了火灾。,台所で火事が起きた後、みんなが迅速に対応し、火災を無事に消し止めた。
1191,着凉,zháo liáng,to catch cold,風邪をひく,夜里着凉感冒了。,夜に冷えて風邪をひいた。,I caught a cold from the chill at night.,天气转凉后，他没注意保暖，结果着凉感冒了。,寒くなってから彼は暖かくすることを注意せず、その結果風邪をひいてしまった。
1192,召开,zhào kāi,to convene (a conference or meeting) ／ to convoke; to convoke; to call together,開催する,公司召开季度会议。,会社は四半期会議を開催した。,The company held a quarterly meeting.,公司将在下周召开年度总结大会，邀请所有员工参加。,会社は来週、年次総括大会を開催し、全社員を招待する予定だ。
1193,照常,zhào cháng,(business etc) as usual,通常どおり,节假日照常上班。,祝日も通常通り出勤する。,We work as usual on holidays.,尽管天气恶劣，工人们还是照常完成了施工任务。,悪天候にもかかわらず、作業員たちはいつも通り施工の任務を完了した。
1194,哲学,zhé xué,philosophy; CL:个,哲学,他喜欢研究哲学。,彼は哲学の研究が好きだ。,He likes studying philosophy.,他对哲学有浓厚的兴趣，经常阅读相关书籍并参与讨论。,彼は哲学に強い興味を持ち、よく関連書籍を読み議論にも参加している。
1195,珍惜,zhēn xī,to cherish; to value; to treasure,大切にする,我们要珍惜时间。,私たちは時間を大切にしなければならない。,We must cherish time.,我们应该珍惜现在拥有的一切，努力创造更美好的未来。,私たちは今持っているすべてを大切にし、より良い未来を創造するよう努力すべきだ。
1196,真实,zhēn shí,true; real,本当の,他的故事真实感人。,彼の話は本当に感動的だ。,His story is truly moving.,他的描述非常真实，让人感觉仿佛身临其境。,彼の描写は非常にリアルで、まるでその場にいるかのように感じさせる。
1197,针对,zhēn duì,to be directed against; to be aimed at; to counter; in the light of; in connection with,～に対して,问题针对市场需求。,問題は市場のニーズに焦点を当てている。,The problem targets market demand.,这项政策是针对年轻人的就业问题而制定的，效果显著。,この政策は若者の雇用問題を対象として制定され、効果が顕著だ。
1198,诊断,zhěn duàn,diagnosis; to diagnose,診断する,医生诊断病情严重。,医者は病状が重いと診断した。,The doctor diagnosed the condition as serious.,医生经过详细诊断，确认病人的病情已经有所好转。,医師は詳細な診断を経て、患者の病状がすでに改善していることを確認した。
1199,振动,zhèn dòng,vibration,振動,地震引起强烈振动。,地震は強い揺れを引き起こした。,The earthquake caused strong vibrations.,地震发生时，建筑物强烈振动，居民纷纷疏散逃生。,地震が起きたとき、建物が激しく振動し、住民は次々に避難して逃げた。
1200,阵,zhèn,disposition of troops; wave; spate; burst; spell; short period of time; classifier for events or states of short duration,（短時間の）波,阵风吹过树梢。,突風が木の梢を吹き抜けた。,A gust of wind blew through the treetops.,阵雨过后，空气变得清新，天空也逐渐放晴。,にわか雨の後、空気が新鮮になり、空もだんだん晴れてきた。
1201,争论,zhēng lùn,"to argue; to debate; to contend; argument; contention; controversy; debate; CL:次[ci4] ,场[chang3]",議論,他们激烈争论问题。,彼らは問題について激しく議論している。,They are having a heated debate about the issue.,他们为了项目的方向问题进行了长时间的激烈争论，最终达成了一致意见。,彼らはプロジェクトの方向性について長時間激しい議論を行い、最終的に一致した意見に達した。
1202,争取,zhēng qǔ,to fight for; to strive for; to win over,争取する,我们要争取胜利。,私たちは勝利を勝ち取らなければならない。,We must strive for victory.,我们必须争取更多的资源支持，才能顺利完成这项复杂的任务。,私たちはもっと多くの資源の支援を勝ち取らなければ、この複雑な任務を順調に完了できない。
1203,征求,zhēng qiú,"to solicit; to seek; to request (opinions, feedback etc); to petition",意見を求める,公司征求员工意见。,会社は社員の意見を求めている。,The company is soliciting employees' opinions.,公司正在征求员工对新政策的意见，以便做出更合理的调整。,会社は新しい方針に対する社員の意見を募っており、より合理的な調整を行うつもりだ。
1204,挣,zhēng,to struggle to get free; to strive to acquire; to make (money);,稼ぐ,他每天挣很多钱。,彼は毎日たくさんお金を稼いでいる。,He earns a lot of money every day.,他通过自己的努力挣到了足够的钱来支付学费和生活费。,彼は自分の努力で学費や生活費を払うのに十分なお金を稼いだ。
1205,睁,zhēng,to open (eye),目を開ける,请你睁大眼睛看。,目を大きく開けて見てください。,Please open your eyes wide and look.,请你睁大眼睛仔细看看这幅画中的细节部分。,どうか目を大きく見開いて、この絵の細部を注意深く見てください。
1206,整个,zhěng gè,whole; entire; total,全体の,整个城市都停电了。,街全体が停電した。,The entire city experienced a power outage.,整个团队都为这次比赛做了充分的准备，信心十足地迎接挑战。,チーム全体が今回の試合に十分な準備をし、自信満々で挑戦に臨んだ。
1207,整齐,zhěng qí,orderly; neat; even; tidy,整然としている,书架摆放得很整齐。,本棚はとてもきちんと並べられている。,The bookshelf is arranged very neatly.,教室里的桌椅摆放得非常整齐，让人感觉很舒服。,教室の机と椅子が非常に整然と並べられていて、気持ちが良い。
1208,整体,zhěng tǐ,"whole entity; entire body; synthesis; as a whole (situation, construction, team etc); global; macrocosm; integral; holistic; whole",全体,整体情况很乐观。,全体の状況は楽観的だ。,The overall situation is optimistic.,我们应该从整体上考虑问题，而不是只关注某一个细节。,私たちは問題を全体的に考えるべきで、ある一つの細部だけに注目してはいけない。
1209,政府,zhèng fǔ,government; CL:个,政府,政府出台新政策。,政府は新しい政策を打ち出した。,The government introduced new policies.,政府出台了一系列新政策，旨在促进经济的稳定发展。,政府は経済の安定的な発展を促進することを目的とした一連の新しい政策を打ち出した。
1210,政治,zhèng zhì,politics; political,政治,政治改革正在进行。,政治改革が進行中だ。,Political reforms are underway.,政治环境的变化对企业的发展有着深远的影响。,政治環境の変化は企業の発展に深遠な影響を与える。
1211,正,zhèng,upright; centrally located; (of time or figure) exactly; precisely; correct; positive (maths); (of taste) pure,正しい,答案是正解的。,答えは正解だ。,The answer is correct.,他正准备参加明天的面试，希望能够顺利通过。,彼はちょうど明日の面接に参加する準備をしており、無事に合格できることを望んでいる。
1212,证件,zhèng jiàn,certificate; credentials,証明書,请出示身份证件。,身分証明書を提示してください。,Please show your identification.,请携带有效的证件，以便在入口处进行身份验证。,入口で身分確認を行うため、有効な証明書を携帯してください。
1213,证据,zhèng jù,evidence; proof; testimony,証拠,警方收集证据材料。,警察は証拠資料を収集している。,The police are collecting evidence materials.,警方收集到了足够的证据，成功破获了这起盗窃案。,警察は十分な証拠を収集し、この窃盗事件を見事に解決した。
1214,支,zhī,"to prop up; to bear; to send away; to pay or draw money; to support; to sustain; to erect; to raise; branch; division; surname Zhi; classifier for rods such as pens and guns, for army divisions and for songs or compositions; watt, classifier for power of light bulbs",支える,他支撑着身体站立。,彼は体を支えて立っている。,He is supporting his body to stand.,这支球队在本赛季表现出色，赢得了很多比赛。,このチームは今シーズン素晴らしい成績を収め、多くの試合に勝った。
1215,支票,zhī piào,check (bank); cheque; CL:本[ben3],小切手,我用支票付款。,私は小切手で支払う。,I pay by check.,请填写支票时注意金额和日期的准确无误。,小切手を記入するときは、金額と日付が正確であることに注意してください。
1216,执照,zhí zhào,license; permit,免許証,驾驶执照很重要。,運転免許証はとても重要だ。,A driver's license is very important.,开车前一定要检查好驾驶执照和车辆证件是否齐全。,運転前に必ず運転免許証と車両の書類が揃っているか確認してください。
1217,直,zhí,directly; straight; to straighten; fair and reasonable; frank; straightforward; (indicates continuing motion or action); vertical; vertical downward stroke in Chinese characters,まっすぐ,请直走到红绿灯。,信号までまっすぐ進んでください。,Please go straight to the traffic light.,这条路直通市中心，交通非常便利。,この道はまっすぐ市の中心部に通じていて、交通が非常に便利だ。
1218,指导,zhǐ dǎo,to guide; to give directions; to direct; to coach; guidance; tuition; CL:个,指導する,老师指导学生写作。,先生は学生の作文を指導する。,The teacher guides students in writing.,老师耐心地指导学生完成了这项复杂的科学实验。,先生は根気よく生徒たちに複雑な科学実験の完成を指導した。
1219,指挥,zhǐ huī,commander; to command; to conduct; to direct; director; conductor (of an orchestra); CL:个,指揮する,他指挥乐队演奏。,彼はオーケストラを指揮する。,He conducts the orchestra.,指挥官在战场上冷静地指挥部队，确保任务顺利完成。,指揮官は戦場で冷静に部隊を指揮し、任務を順調に完遂した。
1220,制定,zhì dìng,to draw up; to formulate; to lay down; to draft,制定する,政府制定新的法规。,政府は新しい法規を制定する。,The government formulates new regulations.,公司制定了详细的计划，以应对未来三年的市场挑战。,会社は今後3年間の市場の挑戦に対処するため、詳細な計画を策定した。
1221,制度,zhì dù,"system (e.g. political, administrative etc); institution; CL:个",制度,公司实行新制度。,会社は新しい制度を実施している。,The company is implementing a new system.,完善的制度能够保障企业的公平竞争环境。,整った制度は企業の公平な競争環境を保障できる。
1222,制造,zhì zào,to engineer; to create; to manufacture; to make,製造する,工厂制造汽车零件。,工場は自動車部品を製造している。,The factory manufactures car parts.,这家工厂专门制造高质量的电子产品，远销海外。,この工場は高品質な電子製品を専門に製造しており、海外へ輸出している。
1223,制作,zhì zuò,to make; to manufacture,制作する,导演制作电影作品。,監督は映画作品を制作する。,The director produces film works.,艺术家花了几个月时间制作这幅精美的油画作品。,芸術家は数か月の時間をかけてこの精巧な油絵作品を制作した。
1224,志愿者,zhì yuàn zhě,volunteer,志願者,志愿者帮助社区服务。,ボランティアは地域のサービスを手伝う。,Volunteers help with community services.,志愿者们积极参与社区服务，帮助有需要的人群。,ボランティアたちは積極的に地域サービスに参加し、困っている人々を助けている。
1225,智慧,zhì huì,wisdom; knowledge; intelligent; intelligence,智慧,他的智慧令人敬佩。,彼の知恵は敬服に値する。,His wisdom is admirable.,智慧不仅仅是知识的积累，更是一种解决问题的能力。,知恵とは単なる知識の蓄積ではなく、問題を解決する能力のことである。
1226,治疗,zhì liáo,to treat; to cure; medical treatment; cure,治療する,医生治疗病人疾病。,医者は患者の病気を治療する。,Doctors treat patients' illnesses.,经过及时的治疗，患者的病情得到了明显的好转。,適切な治療を経て、患者の病状は明らかに改善した。
1227,秩序,zhì xù,"order (orderly, sequence, social); the state (of society); CL:个",秩序,保持社会良好秩序。,社会の良好な秩序を維持する。,Maintain good social order.,保持交通秩序是每个司机应尽的责任和义务。,交通秩序を守ることは、すべてのドライバーが果たすべき責任と義務である。
1228,至今,zhì jīn,until now; so far; to this day,今まで,至今没有解决问题。,今まで問題は解決されていない。,The problem has not been solved until now.,至今为止，这项技术还没有被广泛应用于实际生产中。,これまでのところ、この技術はまだ実際の生産に広く応用されていない。
1229,至于,zhì yú,as for; as to; to go so far as to,〜に関しては,至于细节我们再谈。,詳細についてはまた話しましょう。,"As for the details, we'll discuss them later.",至于明天的会议安排，我们还需要进一步确认细节。,明日の会議の予定については、さらに詳細を確認する必要がある。
1230,中介,zhōng jiè,to act as intermediary; to link; intermediate; inter-; agency; agent,仲介者,中介帮助租房交易。,仲介者が賃貸取引を手伝う。,The agent helps with rental transactions.,他通过中介公司成功找到了理想的工作岗位。,彼は仲介会社を通じて理想的な職場を見つけることに成功した。
1231,中心,zhōng xīn,center; heart (fig.); core; CL:个,中心,学校是学习中心。,学校は学習の中心だ。,The school is the center of learning.,这家医院的心脏病中心拥有先进的设备和专业的医护人员。,この病院の心臓病センターは先進の設備と専門の医療スタッフを備えている。
1232,中旬,zhōng xún,middle third of a month,中旬,会议安排在中旬。,会議は月の中旬に予定されている。,The meeting is scheduled for mid-month.,本月中旬将举行重要的产品发布会，吸引了众多关注。,今月中旬に重要な製品発表会が開催され、多くの注目を集めている。
1233,种类,zhǒng lèi,kind; genus; type; category; variety; species; sort; class;,種類,水果种类很多样。,果物の種類は多様だ。,There are many kinds of fruits.,超市里出售的水果种类繁多，满足不同顾客的需求。,スーパーで販売されている果物の種類は多様で、さまざまな顧客のニーズを満たしている。
1234,重大,zhòng dà,important; great; major; significant;,重大な,这是一个重大决定。,これは重大な決定だ。,This is a major decision.,这次会议讨论了许多重大问题，关系到公司的未来发展。,今回の会議では会社の将来の発展に関わる多くの重大な問題が議論された。
1235,重量,zhòng liàng,weight; CL:个,重量,这箱子重量很大。,この箱はとても重い。,This box is very heavy.,货物的重量超过了运输公司的规定标准，需要重新称重。,貨物の重量が輸送会社の規定基準を超えているため、再度秤量する必要がある。
1236,周到,zhōu dao,thoughtful; considerate; attentive; thorough,行き届いている,服务态度非常周到。,サービスの態度は非常に行き届いている。,The service attitude is very attentive.,酒店的服务非常周到，让每一位客人都感到宾至如归。,ホテルのサービスは非常に行き届いていて、すべての客が家にいるように感じられる。
1237,猪,zhū,"pork; hog; pig; swine; CL:口[kou3] ,头[tou2]",豚,农场里养了很多猪。,農場にはたくさんの豚が飼われている。,Many pigs are raised on the farm.,农村养殖的猪肉因其天然无污染而深受消费者喜爱。,農村で飼育された豚肉は天然で汚染がないため、消費者に非常に好まれている。
1238,竹子,zhú zi,"bamboo; CL:棵[ke1] ,支[zhi1] ,根[gen1]",竹,竹子生长得很快。,竹はとても早く成長する。,Bamboo grows very fast.,竹子是一种生长迅速且用途广泛的植物材料。,竹は成長が早く用途が広い植物材料である。
1239,逐步,zhú bù,progressively; step by step,徐々に,事情逐步得到解决。,問題は徐々に解決されている。,The issue is being resolved step by step.,经过逐步的训练，他终于掌握了这项复杂的技能。,段階的な訓練を経て、彼はついにこの複雑な技術を習得した。
1240,逐渐,zhú jiàn,gradually,だんだん,天气逐渐变冷了。,天気は徐々に寒くなってきた。,The weather is gradually getting colder.,随着时间的推移，情况逐渐变得明朗起来。,時間の経過とともに、状況は徐々に明らかになってきた。
1241,主持,zhǔ chí,to take charge of; to manage or direct; to preside over; to uphold; to stand for (eg justice); to host (a TV or radio program etc),主催する,他主持会议讨论。,彼は会議を主催して議論する。,He presides over the meeting and leads the discussion.,他主持了这次国际会议，表现出了卓越的领导能力。,彼は今回の国際会議を主催し、卓越したリーダーシップを発揮した。
1242,主动,zhǔ dòng,to take the initiative; to do sth of one's own accord; active; opposite: passive 被被动[bei4 dong4]; drive (of gears and shafts etc),自主的に,她主动承担任务。,彼女は自ら進んで任務を引き受ける。,She voluntarily takes on the task.,她主动承担了项目中的关键任务，赢得了大家的认可。,彼女は自発的にプロジェクトの重要な任務を引き受け、皆の認めを得た。
1243,主观,zhǔ guān,subjective,主観的な,他的观点太主观。,彼の意見はあまりにも主観的だ。,His viewpoint is too subjective.,在评价一件事物时，主观判断常常会影响客观事实的分析。,物事を評価する際、主観的な判断が客観的な事実の分析に影響を及ぼすことが多い。
1244,主人,zhǔ rén,master; host; owner; CL:个,主人,主人欢迎客人来。,主人は客人を歓迎する。,The host welcomes the guests.,这家餐厅的主人非常热情，总是亲自招待每一位顾客。,このレストランの主人はとても親切で、いつも自らすべての客をもてなしている。
1245,主任,zhǔ rèn,director; head; CL:個|个[ge4];,主任,他是部门主任。,彼は部門の主任だ。,He is the head of the department.,医院的主任医生在治疗疑难杂症方面经验丰富。,病院の主任医師は難病の治療に豊富な経験を持っている。
1246,主题,zhǔ tí,theme; subject,主題,讨论的主题很重要。,議論のテーマはとても重要だ。,The topic of discussion is very important.,这次研讨会的主题是人工智能在现代社会中的应用。,今回のセミナーのテーマは現代社会における人工知能の応用である。
1247,主席,zhǔ xí,"chairperson; premier; chairman; CL:个,位[wei4]",主席,主席发表了演讲。,主席は演説を行った。,The chairman delivered a speech.,国家主席发表了重要讲话，强调了经济发展的新方向。,国家主席は重要な演説を行い、経済発展の新しい方向性を強調した。
1248,主张,zhǔ zhāng,to advocate; to stand for; view; position; stand; proposition; viewpoint; assertion; CL:个,主張する,他主张改革政策。,彼は改革政策を主張している。,He advocates reform policies.,他主张通过和平谈判解决国际争端，避免武力冲突。,彼は国際紛争を平和交渉によって解決し、武力衝突を避けることを主張している。
1249,煮,zhǔ,to cook; to boil,煮る,妈妈在厨房煮饭。,母は台所でご飯を炊いている。,Mom is cooking rice in the kitchen.,妈妈正在厨房里煮汤，希望孩子们喜欢这道菜。,お母さんは台所でスープを煮ていて、子どもたちがこの料理を気に入ることを願っている。
1250,注册,zhù cè,to register; to enroll,登録する,请尽快完成注册。,できるだけ早く登録を完了してください。,Please complete the registration as soon as possible.,新员工需要先注册系统账号，才能开始正式工作。,新入社員はまずシステムのアカウントを登録してから、正式に仕事を始めることができる。
1251,祝福,zhù fú,blessings; wish well,祝福,祝福你幸福快乐。,あなたの幸せと喜びを祈っています。,I wish you happiness and joy.,在你结婚的日子里，我衷心地送上最美好的祝福，愿你们幸福永远。,あなたの結婚式の日に、心から最高の祝福を送ります。お二人の幸せが永遠に続きますように。
1252,抓,zhuā,to grab; to catch; to arrest; to snatch; to scratch;,掴む,他抓住了机会。,彼はチャンスをつかんだ。,He seized the opportunity.,他迅速地用手抓住了掉落的手机，避免了损坏。,彼は素早く手で落ちた携帯電話を掴んで、壊れるのを防いだ。
1253,抓紧,zhuā jǐn,to grasp firmly; to pay special attention to; to rush in; to make the most of,しっかり掴む,抓紧时间学习吧。,時間を有効に使って勉強しなさい。,Make good use of your time to study.,时间紧迫，请大家抓紧完成手头上的工作。,時間が迫っているので、皆さん手元の仕事を急いで終わらせてください。
1254,专家,zhuān jiā,expert; specialist; CL:个,専門家,专家提出了建议。,専門家が提案を出した。,The expert made a suggestion.,这位专家在环境保护领域有着丰富的研究经验。,この専門家は環境保護の分野で豊富な研究経験を持っている。
1255,专心,zhuān xīn,to concentrate; absorption; concentration; engrossed,専心,他专心听讲。,彼は集中して話を聞いている。,He is listening attentively.,学习时一定要专心，避免受到任何干扰。,勉強するときは必ず集中して、どんな妨害も避けなければならない。
1256,转变,zhuǎn biàn,to change; to transform; CL:个,転変,态度发生了转变。,態度が変わった。,The attitude has changed.,随着社会的发展，人们的生活方式正在逐渐转变。,社会の発展に伴い、人々の生活様式が徐々に変わりつつある。
1257,转告,zhuǎn gào,to pass on; to communicate; to transmit,伝言する,我转告他明天来。,彼に明日来るよう伝えた。,I told him to come tomorrow.,请你帮我转告他，会议时间改到了下午三点。,彼に伝えてもらえますか、会議の時間が午後3時に変更になったと。
1258,装,zhuāng,to pretend; to attire; outfit; adornment; to adorn; to dress; clothing; costume (of an actor in a play); to play a role; to pretend; to install; to fix; to wrap (sth in a bag); to load; to pack,装う,他装作没听见。,彼は聞こえなかったふりをした。,He pretended not to hear.,为了应付考试，他装作很忙碌的样子，实际上并没有复习。,試験に備えるために、彼は忙しそうに装ったが、実は全く復習していなかった。
1259,装饰,zhuāng shì,to decorate; decoration; decorative; ornamental,装飾,房间装饰很漂亮。,部屋の装飾がとてもきれいだ。,The room decoration is very beautiful.,他们请了专业设计师来装饰新办公室，使环境更加舒适。,彼らは専門のデザイナーを呼んで新しいオフィスを装飾し、環境をより快適にした。
1260,装修,zhuāng xiū,to fit up; to renovate; to decorate; interior decoration;,改装,他们正在装修房子。,彼らは家をリフォームしている。,They are renovating the house.,这家公司计划在年底前完成办公室的全面装修工作。,この会社は年末までにオフィスの全面的な改装作業を完了する予定だ。
1261,撞,zhuàng,to hit; to strike; to meet by accident; to run into; to bump against; to bump into,衝突,车子撞到了墙。,車が壁にぶつかった。,The car hit the wall.,司机不小心撞到了路边的电线杆，车头受到了严重损坏。,運転手は不注意で路肩の電柱にぶつかり、車の前部がひどく損傷した。
1262,状况,zhuàng kuàng,condition; state; situation; CL:个,状況,目前状况很复杂。,現在の状況はとても複雑だ。,The current situation is very complicated.,目前公司的经济状况比较困难，需要采取有效措施。,現在、会社の経済状況はかなり厳しく、効果的な対策を講じる必要がある。
1263,状态,zhuàng tài,state of affairs; state; mode; situation; CL:个,状態,他的状态很好。,彼の状態は良い。,His condition is good.,他的身体状态很好，适合参加这次长跑比赛。,彼の体調は良好で、今回の長距離走の大会に参加するのに適している。
1264,追,zhuī,to sculpt; to carve; musical instrument (old);,追う,他追上了前面的人。,彼は前の人に追いついた。,He caught up with the person ahead.,警察正在全力追查这起盗窃案的嫌疑人。,警察はこの窃盗事件の容疑者を全力で追跡している。
1265,追求,zhuī qiú,to pursue (a goal etc) stubbornly; to seek after; to woo,追求,她追求自己的梦想。,彼女は自分の夢を追い求めている。,She pursues her own dreams.,她一直追求自己的理想，从不轻易放弃努力。,彼女はずっと自分の理想を追い求めており、決して簡単に努力を諦めない。
1266,咨询,zī xún,to consult; to seek advice; consultation; (sales) inquiry (formal),相談,我咨询了医生意见。,私は医者の意見を相談した。,I consulted the doctor’s opinion.,如果有任何问题，可以随时向客服部门咨询。,何か問題があれば、いつでもカスタマーサービス部門に相談してください。
1267,姿势,zī shì,posture; position,姿勢,保持正确的姿势。,正しい姿勢を保ちなさい。,Maintain the correct posture.,正确的坐姿可以有效预防腰椎疾病。,正しい座り方は腰椎の病気を効果的に予防できる。
1268,资格,zī gé,qualifications; seniority,資格,他没有资格参加。,彼は参加する資格がない。,He is not qualified to participate.,他通过考试，终于获得了律师的资格证书。,彼は試験に合格し、ついに弁護士の資格証を取得した。
1269,资金,zī jīn,funds; funding; capital,資金,公司需要更多资金。,会社はもっと資金が必要だ。,The company needs more funds.,企业需要充足的资金支持才能顺利开展新项目。,企業は十分な資金の支援がなければ、新しいプロジェクトを順調に進めることはできない。
1270,资料,zī liào,"material; resources; data; information; profile (Internet); CL:份[fen4] ,个",資料,请准备好相关资料。,関連資料を準備してください。,Please prepare the relevant materials.,请把相关的资料准备好，方便明天的会议使用。,関連の資料を準備しておいて、明日の会議で使いやすくしてください。
1271,资源,zī yuán,"resources (natural, manpower etc)",資源,保护自然资源很重要。,自然資源を保護することは重要だ。,Protecting natural resources is important.,丰富的自然资源为这个地区的发展提供了保障。,豊富な自然資源がこの地域の発展を保障している。
1272,紫,zǐ,purple; violet; amethyst; Lithospermum erythrorhizon (flowering plant whose root provides red purple dye); Japanese: murasaki,紫色,她喜欢穿紫色衣服。,彼女は紫色の服を着るのが好きだ。,She likes to wear purple clothes.,她穿着一件紫色的连衣裙，显得格外优雅。,彼女は紫色のワンピースを着ていて、ひときわ優雅に見える。
1273,字母,zì mǔ,letter (of the alphabet); alphabet; CL:个,字母,字母表很容易记。,アルファベットは覚えやすい。,The alphabet is easy to remember.,英语字母共有26个，每个字母都有其发音规则。,英語のアルファベットは全部で26文字あり、各文字には発音規則がある。
1274,字幕,zì mù,caption; subtitle,字幕,电影有中文字幕。,映画には中国語字幕がある。,The movie has Chinese subtitles.,电影放映时，屏幕上会显示中文字幕作为字幕。,映画上映時に画面に中国語の字幕が表示される。
1275,自从,zì cóng,since (a time); ever since,以来,自从那天起改变了。,あの日以来変わった。,It changed since that day.,自从他搬到这个城市后，生活变得更加丰富多彩。,彼がこの街に引っ越してから、生活がより多彩になった。
1276,自动,zì dòng,automatic; voluntarily,自動,门会自动打开。,ドアは自動で開く。,The door opens automatically.,这台机器可以自动完成包装和封口的工作。,この機械は包装と封口の作業を自動的に行うことができる。
1277,自豪,zì háo,pride; to be proud of sth (in a good way),誇り,他为自己感到自豪。,彼は自分を誇りに思っている。,He feels proud of himself.,作为一名优秀的运动员，他为国家感到非常自豪。,優秀なスポーツ選手として、彼は国を非常に誇りに思っている。
1278,自觉,zì jué,conscious; aware; on one's own initiative; conscientious,自覚,大家要自觉遵守规则。,みんなルールを自覚して守らなければならない。,Everyone should consciously follow the rules.,他自觉遵守学校的规章制度，表现非常好。,彼は自覚的に学校の規則を守り、非常に良い成績を示している。
1279,自私,zì sī,selfish; selfishness; self-centred,利己的,自私行为不可取。,わがままな行動は良くない。,Selfish behavior is unacceptable.,自私的行为不仅伤害别人，也会孤立自己。,利己的な行動は他人を傷つけるだけでなく、自分自身も孤立させる。
1280,自由,zì yóu,freedom; free; liberty; CL:个,自由,我喜欢自由生活。,私は自由な生活が好きだ。,I like a free life.,在现代社会，自由表达思想是每个人的基本权利。,現代社会では、自由に考えを表現することが誰にとっても基本的な権利だ。
1281,自愿,zì yuàn,voluntary; of one's own free will,志願,他自愿参加活动。,彼は自発的に活動に参加した。,He voluntarily participated in the activity.,他们自愿参加志愿者活动，帮助有需要的人。,彼らは自発的にボランティア活動に参加し、困っている人々を助けている。
1282,综合,zōng hé,to sum up; to integrate; to synthesize; comprehensive; composite; synthesized; t,総合,综合能力很重要。,総合的な能力はとても重要だ。,Comprehensive ability is very important.,这份报告综合了多个方面的数据和分析结果。,この報告書は複数の側面のデータと分析結果を総合している。
1283,总裁,zǒng cái,chairman; director-general (of a company etc); CEO,社長,总裁发表了讲话。,社長がスピーチをした。,The president gave a speech.,公司的总裁在会议上阐述了未来的发展战略。,会社の社長は会議で将来の発展戦略を説明した。
1284,总共,zǒng gòng,altogether; in sum; in all; in total,全部で,总共花了三小时。,全部で三時間かかった。,It took a total of three hours.,这次活动总共吸引了超过五千名观众参加。,今回のイベントには合計で5000人以上の観客が参加した。
1285,总理,zǒng lǐ,"premier; prime minister; CL:个,位[wei4] ,名[ming2]",首相,总理访问了外国。,首相は外国を訪問した。,The prime minister visited a foreign country.,总理在新闻发布会上回答了记者们的提问。,首相は記者会見で記者たちの質問に答えた。
1286,总算,zǒng suàn,at long last; finally; on the whole,やっと,总算完成了任务。,やっと任務を完了した。,Finally completed the task.,经历了这么多困难，我们总算完成了这项任务。,多くの困難を経験した後、ようやくこの任務を完了することができた。
1287,总统,zǒng tǒng,"president (of a country); CL:个,位[wei4] ,名[ming2] ,届[jie4]",大統領,总统发表了演讲。,大統領が演説をした。,The president delivered a speech.,总统在演讲中强调了国家团结的重要性。,大統領は演説で国家の団結の重要性を強調した。
1288,总之,zǒng zhī,in a word; in short; in brief,要するに,总之，我们要努力。,要するに、私たちは努力しなければならない。,"In short, we must work hard.",总之，我们必须共同努力，才能实现目标。,要するに、私たちは目標を達成するために共に努力しなければならない。
1289,组,zǔ,"to form; to organize; class; section; classifier for sets, series, groups of people, batteries",組,他们组成了一个组。,彼らは一つのグループを結成した。,They formed a group.,这个项目由五个小组共同协作完成。,このプロジェクトは5つのグループが共同で協力して完成した。
1290,组成,zǔ chéng,to form; to make up; to compose,構成する,团队由五人组成。,チームは五人で構成されている。,The team is composed of five people.,团队成员各自发挥特长，组成了一个高效的工作组。,チームメンバーはそれぞれの特長を発揮し、高効率な作業グループを組んだ。
1291,组合,zǔ hé,to assemble; combination; combinatorial,組み合わせ,组合很有创意。,組み合わせがとても創造的だ。,The combination is very creative.,这两种材料组合起来，效果会更好。,この二つの材料を組み合わせると、効果はより良くなる。
1292,组织,zǔ zhī,to organize; organization; organized system; nerve; tissue; CL:个,組織,组织活动很成功。,活動の組織がとても成功した。,The organization of the event was very successful.,学校组织了丰富多彩的课外活动，促进学生全面发展。,学校は多彩な課外活動を組織し、学生の全方位的な発展を促進している。
1293,阻止,zǔ zhǐ,to prevent; to block,阻止,警方阻止了犯罪。,警察は犯罪を阻止した。,The police stopped the crime.,为了安全起见，警方采取措施阻止了非法集会。,安全のために、警察は違法集会を阻止する措置を取った。
1294,最初,zuì chū,first; primary; initial,最初,最初我很紧张。,最初はとても緊張していた。,"At first, I was very nervous.",最初的计划虽然有些问题，但经过调整后效果很好。,最初の計画は多少問題があったが、調整を経て効果が良くなった。
1295,醉,zuì,intoxicated; drunk; addicted to,酔う,他喝醉了回家。,彼は酔って帰った。,He went home drunk.,他喝了太多酒，结果醉得连路都走不稳。,彼は酒を飲みすぎて、酔って道もまともに歩けなかった。
1296,尊敬,zūn jìng,to respect; to revere; to honour,尊敬,我们尊敬老师。,私たちは先生を尊敬している。,We respect the teacher.,我们应该尊敬老师，认真听取他们的教导。,私たちは先生を尊敬し、真剣に彼らの教えを聞くべきだ。
1297,遵守,zūn shǒu,to comply with; to abide by; to respect (an agreement),遵守,请遵守交通规则。,交通ルールを守ってください。,Please obey the traffic rules.,学生们必须遵守学校的各项规章制度。,学生は学校のさまざまな規則を守らなければならない。
1298,作品,zuò pǐn,"work (of art); opus; CL:部[bu4] ,篇[pian1]",作品,这本书是他的作品。,この本は彼の作品だ。,This book is his work.,这位画家的作品在国际上享有很高的声誉。,この画家の作品は国際的に高い評価を享受している。
1299,作为,zuò wéi,one's conduct; deed; activity; accomplishment; achievement; to act as; as (in the capacity of); qua; to view as; to look upon (sth as); to take sth to be,～として,作为学生要努力。,学生として努力しなければならない。,"As a student, you must work hard.",作为团队的一员，他积极参与了项目的各项工作。,チームの一員として、彼は積極的にプロジェクトの各作業に参加した。
1300,作文,zuò wén,to write an essay; composition (student essay); CL:篇[pian1],作文,老师批改了作文。,先生は作文を添削した。,The teacher corrected the composition.,老师布置的作文题目是关于环境保护的重要性。,先生が出した作文の題目は環境保護の重要性についてだった。
