No.,Chinese,Pinyin,English,Japanese,Example,Example_Japanese,Example_English,Long_Example,Long_Example_Japanese
1,挨,ái,to suffer from; to endure; to tide over (a difficult period); to delay,我慢する,他挨了很多苦难。,彼は多くの苦難に耐えた。,He endured many hardships.,在寒冷的冬夜里，他耐心地挨家挨户送去温暖的食物和衣物。,寒い冬の夜に、彼は辛抱強く一軒一軒に温かい食べ物と衣服を届けた。
2,癌症,ái zhèng,cancer,がん,癌症需要早期治疗。,がんは早期治療が必要だ。,Cancer requires early treatment.,现代医学虽然在癌症治疗方面取得了重大突破，但仍然面临许多挑战。,現代医学はがん治療の分野で大きな突破を遂げたが、依然として多くの課題に直面している。
3,暧昧,ài mèi,vague; ambiguous; equivocal; dubious,曖昧,他们关系很暧昧。,彼らの関係はとても曖昧だ。,Their relationship is very ambiguous.,他们之间的关系十分暧昧，让人难以判断到底是朋友还是恋人。,彼らの関係は非常に曖昧で、友達なのか恋人なのか判断しにくい。
4,爱不释手,ài bù shì shǒu,to love sth too much to part with it (idiom); to fondle admiringly,手放せない,这本书我爱不释手。,この本は手放せないほど好きだ。,I love this book so much that I can't put it down.,这本珍贵的古籍让他爱不释手，几乎每天都要翻阅几遍。,この貴重な古書に彼は夢中で、ほとんど毎日何度もページをめくっている。
5,爱戴,ài dài,to love and respect; love and respect,愛戴,学生们都很爱戴老师。,学生たちは皆先生をとても慕っている。,The students all admire the teacher very much.,由于他多年来的奉献，大家对他充满了爱戴和尊敬。,長年の献身により、皆が彼に愛戴と敬意を抱いている。
6,安宁,ān níng,peaceful; tranquil; calm; composed,安寧,他渴望内心的安宁。,彼は心の安らぎを渇望している。,He longs for inner peace.,经过一整天的忙碌，他们终于在宁静的乡村享受到了片刻的安宁。,一日中忙しく働いた後、彼らはついに静かな田舎でひとときの安らぎを味わった。
7,安详,ān xiáng,serene,安詳,老人脸上露出安详。,老人の顔に安らかな表情が浮かんだ。,A serene expression appeared on the old man's face.,老人的面容安详，仿佛经历了岁月的洗礼与沉淀。,老人の顔は安らかで、まるで歳月の洗礼と沈殿を経たかのようだ。
8,安置,ān zhì,find a place for; help settle down; arrange for; to get into bed; placement,安置,政府安置了灾民。,政府は被災者を安置した。,The government resettled the disaster victims.,政府为受灾群众及时安置了临时住所，保障了基本生活需求。,政府は被災者に対して迅速に仮設住宅を安置し、基本的な生活ニーズを保障した。
9,按摩,àn mó,massage,マッサージ,她喜欢每天按摩。,彼女は毎日のマッサージが好きだ。,She likes to have a massage every day.,她每天坚持按摩手部，不仅缓解疲劳，还促进了血液循环。,彼女は毎日手のマッサージを欠かさず、疲労を和らげるだけでなく血液循環も促進している。
10,暗示,àn shì,to hint; to suggest; suggestion; a hint,暗示,他的表情暗示不同意。,彼の表情は同意しないことを示唆している。,His expression hinted at disagreement.,他的言语中暗示了即将发生的重要变化，引起了大家的关注。,彼の言葉には近く重要な変化が起こることを暗示しており、皆の関心を引いた。
11,案件,àn jiàn,"law case; legal case; judicial case; CL:宗[zong1] ,桩[zhuang1] ,起[qi3]",事件,警方调查重大案件。,警察は重大事件を捜査している。,The police are investigating a major case.,警方正在全力调查这起复杂的经济案件，希望早日破案。,警察はこの複雑な経済事件の全力調査を進めており、一刻も早い解決を望んでいる。
12,案例,àn lì,case (law); CL:个,事例,这个案例很典型。,このケースはとても典型的だ。,This case is very typical.,这起典型的案例为法律实践提供了宝贵的参考依据。,この典型的なケースは法律実務に貴重な参考資料を提供した。
13,昂贵,áng guì,expensive; costly,高価,这款手机价格昂贵。,このスマホは価格が高価だ。,This phone is expensive.,由于材料昂贵，这款高端手机的售价远高于市场平均水平。,材料が高価なため、この高級スマートフォンの価格は市場の平均を大きく上回っている。
14,凹凸,āo tū,bumpy; uneven; slotted and tabbed joint; crenelation,凹凸,路面凹凸不平。,道路の路面はでこぼこしている。,The road surface is uneven.,这条道路因为地形凹凸不平，行驶起来非常颠簸。,この道路は地形が凹凸しているため、走行すると非常に揺れる。
15,熬,áo,(of cooking) to boil for a long time; to endure; to suffer,耐える,他熬过了漫长夜。,彼は長い夜を耐え抜いた。,He endured the long night.,他为了完成项目，经常熬夜加班，身体状况逐渐恶化。,彼はプロジェクトを完成させるために、よく夜更かしで残業し、体調が徐々に悪化している。
16,奥秘,ào mì,profound mystery,奥義,宇宙充满奥秘。,宇宙は謎に満ちている。,The universe is full of mysteries.,宇宙的奥秘吸引着无数科学家不断探索和研究。,宇宙の奥深さは無数の科学者を惹きつけ、絶えず探求と研究を促している。
17,巴不得,bā bù dé,to be eager for; to long for; to look forward to,ぜひ～したい,我巴不得马上见你。,私はすぐにあなたに会いたくてたまらない。,I can't wait to see you immediately.,我巴不得明天就能收到那份期待已久的录取通知书。,私は明日、待ち望んでいた合格通知を受け取れることを切望している。
18,巴结,bā jie,to fawn on; to curry favor with; to make up to,へつらう,他不喜欢巴结领导。,彼は上司に媚びるのが好きではない。,He doesn't like to flatter the boss.,为了获得领导的青睐，他经常刻意巴结上司，令同事反感。,リーダーの好意を得るために、彼はしばしば意図的に上司に媚びへつらい、同僚の反感を買っている。
19,扒,bā,to hold on to; to cling to; to dig up; to rake; to push aside; to climb; to pull out; to strip off,剥ぐ,他扒掉了旧涂料。,彼は古い塗料を剥がした。,He peeled off the old paint.,他用力扒开车门，试图救出被困在车内的乘客。,彼は力を込めて車のドアをこじ開け、車内に閉じ込められた乗客を救おうとした。
20,疤,bā,scar,傷痕,脸上有一道疤。,顔に一本の傷がある。,There is a scar on the face.,事故后，他脸上的疤痕成为了他坚强和勇敢的象征。,事故の後、彼の顔の傷跡は彼の強さと勇気の象徴となった。
21,拔苗助长,bá miáo zhù zhǎng,to spoil things through excessive enthusiasm (idiom),焦らす,拔苗助长只会失败。,苗を引っ張って成長を助けるのは失敗するだけだ。,Pulling up seedlings to help them grow will only lead to failure.,教育不能拔苗助长，否则只会适得其反，影响学生的成长。,教育は焦って結果を急いではいけない。そうしなければ逆効果となり、生徒の成長に悪影響を与えるだけだ。
22,把关,bǎ guān,to guard a pass; to check on sth,関所を守る,质检部门严格把关。,品質検査部門は厳しくチェックしている。,The quality inspection department strictly controls the standards.,海关工作人员严格把关，防止危险品被非法携带入境。,税関職員は厳重に検査を行い、危険物が不法に持ち込まれるのを防いでいる。
23,把手,bǎ shǒu,handle; grip; knob,取っ手,门把手坏了。,ドアの取っ手が壊れた。,The door handle is broken.,他不小心被刀割伤了手，把手上的伤口及时包扎起来。,彼は不注意で手をナイフで切ってしまい、すぐに傷口を包帯で巻いた。
24,罢工,bà gōng,a strike; to go on strike,ストライキ,工人们举行罢工。,労働者たちはストライキを行った。,The workers held a strike.,工人们发起罢工，要求改善工作条件和提高工资待遇。,労働者たちはストライキを起こし、労働条件の改善と賃金の引き上げを求めた。
25,霸道,bà dào,"overbearing; tyranny; (of liquor, medicine etc) strong; potent; the Way of the Hegemon, abbr. of 霸王之道; despotic rule; rule by might; evil as opposed to the Way of the King 王道;",横暴,他的态度很霸道。,彼の態度はとても横柄だ。,His attitude is very domineering.,他的做法过于霸道，导致团队内部产生了矛盾和不满。,彼のやり方はあまりにも横暴で、チーム内に対立と不満を生んだ。
26,掰,bāi,to break with both hands,折る,她掰断了树枝。,彼女は枝を折った。,She broke the branch.,她用力掰开那块坚硬的面包，准备与大家分享。,彼女は力を込めて固いパンを割り、みんなと分け合う準備をした。
27,摆脱,bǎi tuō,to break away from; to cast off (old ideas etc); to get rid of; to break away (from); to break out (of); to free oneself from; to extricate oneself,脱する,终于摆脱了困境。,ついに困難から抜け出した。,Finally got rid of the predicament.,经过不断努力，他终于摆脱了贫困，过上了幸福的生活。,絶え間ない努力の末、彼はついに貧困から抜け出し、幸せな生活を送っている。
28,拜访,bài fǎng,pay a visit; call on,訪問する,我明天去拜访老师。,私は明日先生を訪問する。,I will visit the teacher tomorrow.,节日期间，他特地拜访了多年未见的老朋友，增进感情。,祝日の間に、彼はわざわざ何年も会っていなかった旧友を訪ね、親交を深めた。
29,拜年,bài nián,pay a New Year call; wish sb a Happy New Year,年賀訪問,春节时大家互相拜年。,春節の時、皆がお互いに新年の挨拶をする。,"During the Spring Festival, everyone greets each other for the New Year.",春节时，孩子们穿上新衣服，挨家挨户地拜年讨红包。,春節の時、子供たちは新しい服を着て、一軒一軒年始の挨拶に回りお年玉をもらった。
30,拜托,bài tuō,request sb to do sth; please!,お願いする,拜托你帮我一下。,お願いだからちょっと手伝って。,Please help me out.,这件事情拜托你帮忙处理，我相信你的能力和经验。,この件はあなたにお願いして処理してもらいたい。あなたの能力と経験を信頼している。
31,败坏,bài huài,to ruin; to corrupt; to undermine,堕落させる,坏习惯败坏人品。,悪い習慣は人の品性を損なう。,Bad habits ruin a person's character.,他的不良行为严重败坏了公司的声誉，导致客户流失。,彼の悪行は会社の評判を著しく損ない、顧客の離反を招いた。
32,斑,bān,spot; colored patch; stripe; spotted; striped; variegated;,斑点,豹身上有斑。,ヒョウの体には斑点がある。,The leopard's body has spots.,这匹马身上有明显的斑纹，十分容易辨认。,この馬の体にははっきりした斑点があり、とても識別しやすい。
33,颁布,bān bù,"to issue; to proclaim; to enact (laws, decrees etc)",公布,新政策已颁布。,新しい政策がすでに公布された。,The new policy has been promulgated.,新法律的颁布标志着社会治理进入了一个新的阶段。,新しい法律の公布は社会統治が新たな段階に入ったことを示している。
34,颁发,bān fā,to issue; to promulgate; to award,授与,学校颁发奖学金。,学校は奨学金を授与する。,The school awards scholarships.,学校将于下周颁发毕业证书，表彰优秀的毕业生。,学校は来週卒業証書を授与し、優秀な卒業生を表彰する予定だ。
35,版本,bǎn běn,version; edition; release,版,这个版本更稳定。,このバージョンはより安定している。,This version is more stable.,这本书的最新版本增加了许多实用的案例和详细的解释。,この本の最新版には多くの実用的なケースと詳細な解説が追加された。
36,伴侣,bàn lv3,partner; companion; mate,伴侶,他找到了伴侣。,彼は伴侶を見つけた。,He found a partner.,他们作为伴侣共同面对生活中的各种挑战，互相支持。,彼らはパートナーとして共に生活の様々な挑戦に立ち向かい、互いに支え合っている。
37,伴随,bàn suí,to accompany; to follow; to occur together with; attendant,伴う,成功伴随着努力。,成功は努力を伴う。,Success is accompanied by effort.,科技的发展伴随了人类社会的进步和生活方式的改变。,科学技術の発展は人類社会の進歩と生活様式の変化を伴っている。
38,半途而废,bàn tú ér fèi,to give up halfway (idiom); leave sth unfinished,途中放棄,不要半途而废。,途中で投げ出してはいけない。,Don't give up halfway.,学习任何技能都不能半途而废，否则很难取得真正的成就。,どんな技術の学習も途中で投げ出してはいけない。そうでなければ本当の成果を得るのは難しい。
39,扮演,bàn yǎn,play the part of; act,演じる,她扮演重要角色。,彼女は重要な役割を演じている。,She plays an important role.,他在电影中扮演了一个复杂多面的角色，获得了观众的好评。,彼は映画で複雑で多面的な役を演じ、観客から好評を得た。
40,榜样,bǎng yàng,example; model; CL:个,模範,他是大家的榜样。,彼は皆の模範だ。,He is a role model for everyone.,作为年轻人的榜样，他积极参与公益事业，影响了身边很多人。,若者の模範として、彼は積極的に公益事業に参加し、周囲の多くの人に影響を与えた。
41,绑架,bǎng jià,to kidnap; to abduct; to hijack; a kidnapping; abduction; staking,誘拐,警方阻止绑架事件。,警察は誘拐事件を阻止した。,The police stopped the kidnapping incident.,警方成功破获了一起跨国绑架案件，解救了被害人。,警察は国際的な誘拐事件を成功裏に解決し、被害者を救出した。
42,磅,bàng,"pound (unit of weight, about 454 grams); platform balance;",ポンド,肉重两磅。,肉の重さは2ポンドだ。,The meat weighs two pounds.,这批货物的重量达到了五百磅，需要用叉车进行搬运。,この貨物の重量は500ポンドに達し、フォークリフトでの運搬が必要だ。
43,包庇,bāo bì,to shield; to harbor; to cover up,かばう,他包庇了罪犯。,彼は罪犯をかばった。,He sheltered the criminal.,他为了保护朋友的过错，选择了包庇，结果被警方发现了真相。,彼は友人の過ちをかばうことを選んだが、結果的に警察に真相が暴かれた。
44,包袱,bāo fu,cloth-wrapper; a bundle wrapped in cloth; load; weight; burden,荷物,行李包袱很重。,荷物のかばんはとても重い。,The luggage bag is very heavy.,尽管生活压力很大，他依然背负着家庭的包袱，努力工作。,生活のプレッシャーが大きくても、彼は家族の重荷を背負いながら懸命に働いている。
45,包围,bāo wéi,to surround; to encircle; to hem in,包囲,敌军包围了城市。,敵軍は都市を包囲した。,The enemy army surrounded the city.,敌军迅速包围了这座城市，使守军陷入困境。,敵軍は迅速にこの都市を包囲し、守備隊を困難な状況に追い込んだ。
46,包装,bāo zhuāng,package; pack,包装,产品包装很精美。,製品の包装はとても精巧だ。,The product packaging is very exquisite.,产品包装设计不仅要美观，还要实用和环保。,製品の包装デザインは美しいだけでなく、実用的で環境にも優しくなければならない。
47,保管,bǎo guǎn,to assure; to guarantee; to take care of; to safeguard; certainly; surely,保管,请保管好证件。,証明書をしっかり保管してください。,Please keep your documents safe.,请您保管好贵重物品，避免遗失或被盗。,貴重品はしっかり管理し、紛失や盗難を避けてください。
48,保密,bǎo mì,to keep sth confidential; to maintain secrecy,秘密保持,公司要求保密。,会社は秘密保持を要求している。,The company requires confidentiality.,为了保护客户隐私，公司对所有信息实行严格的保密制度。,顧客のプライバシーを守るために、会社はすべての情報に対して厳格な秘密保持制度を実施している。
49,保姆,bǎo mǔ,nanny; housekeeper,保母,保姆照顾小孩。,ベビーシッターが子供の世話をする。,The nanny takes care of the child.,年迈的老人需要一位可靠的保姆来照顾日常生活起居。,高齢の老人は日常生活の世話をする信頼できる保姆を必要としている。
50,保守,bǎo shǒu,(politically) conservative; to guard; to keep,保守的,他思想很保守。,彼は考え方がとても保守的だ。,He has very conservative thinking.,他在政治观点上非常保守，反对一切激进的改革措施。,彼は政治的な見解において非常に保守的で、あらゆる急進的な改革措置に反対している。
51,保卫,bǎo wèi,to defend; to safeguard,防衛,军队誓死保卫国家。,軍隊は国を死守することを誓う。,The army swears to defend the country to the death.,国家必须加强边境的防御力量，以有效保卫领土的完整和安全。,国家は国境の防衛力を強化し、領土の完全性と安全を効果的に守らなければならない。
52,保养,bǎo yǎng,to take good care of (or conserve) one's health; to keep in good repair; to maintain; maintenance,メンテナンス,汽车定期保养很重要。,車の定期メンテナンスはとても重要だ。,Regular maintenance of cars is very important.,定期保养汽车发动机有助于延长其使用寿命和提高性能表现。,定期的な自動車のエンジンの保養は、その寿命を延ばし性能を向上させるのに役立つ。
53,保障,bǎo zhàng,to ensure; to guarantee; to safeguard,保障,法律保障公民权益。,法律は市民の権利を保障する。,The law protects the rights of citizens.,政府出台多项政策，旨在保障低收入群体的基本生活需求。,政府は低所得層の基本的な生活ニーズを保障することを目的とした複数の政策を打ち出した。
54,保重,bǎo zhòng,to take care of oneself,自愛,出门在外要保重身体。,外出するときは体を大切にしなさい。,Take care of your health when you are away from home.,天气转凉了，出门时一定要注意保重身体，避免感冒。,天気が冷えてきたので、外出するときは必ず体を大切にして風邪をひかないようにしなければならない。
55,饱和,bǎo hé,saturation,飽和,市场已接近饱和状态。,市場はすでに飽和状態に近づいている。,The market is approaching saturation.,市场上的同类产品已经达到饱和状态，竞争异常激烈。,市場の同類製品はすでに飽和状態に達しており、競争は非常に激しい。
56,饱经沧桑,bǎo jīng cāng sāng,having lived through many changes,波乱万丈,他饱经沧桑仍坚强。,彼は多くの苦難を経験してもなお強い。,He remains strong despite having gone through many hardships.,这位老人饱经沧桑，经历了无数的风风雨雨，依然坚强乐观。,この老人は多くの苦難を経験し、数えきれない風雨に耐えてなお強く楽観的である。
57,报酬,bào chou,remuneration; reward,報酬,努力工作应得报酬。,一生懸命働けば報酬を得るべきだ。,Hard work deserves reward.,他为了完成项目付出了很多努力，但最终得到的报酬并不理想。,彼はプロジェクトを完成させるために多くの努力をしたが、最終的に得られた報酬は理想的でなかった。
58,报仇,bào chóu,to revenge (oneself); to avenge,復讐,他誓言为父亲报仇。,彼は父の仇を討つと誓った。,He vowed to avenge his father.,过去的伤害难以忘怀，但报仇只能带来更多的痛苦和仇恨。,過去の傷は忘れがたいが、復讐はさらなる苦痛と憎しみをもたらすだけである。
59,报答,bào dá,to repay; to requite,恩返し,我愿一生报答师恩。,私は一生師恩に報いたい。,I am willing to repay my teacher’s kindness for life.,他始终怀着感恩的心，努力工作以报答父母的养育之恩。,彼は常に感謝の気持ちを抱き、両親の養育の恩に報いるために一生懸命働いている。
60,报复,bào fù,to make reprisals; to retaliate; revenge; retaliation,報復,战争引发无休止报复。,戦争は終わりのない報復を引き起こす。,War triggers endless retaliation.,为了报复对方的不公行为，他策划了一系列的反击行动。,相手の不当な行為に報復するため、彼は一連の反撃行動を企てた。
61,报警,bào jǐng,to report sth to the police; to sound an alarm,通報,发现火情立即报警。,火事を発見したらすぐに通報しなさい。,Report the fire immediately upon discovery.,发现火灾后，他立即拨打报警电话请求消防人员前来救援。,火災を発見すると、すぐに警察に通報して消防隊員の救援を要請した。
62,报销,bào xiāo,submit an expense account; apply for reimbursement; write-off; wipe out,経費精算,出差费用需及时报销。,出張費用は速やかに精算する必要がある。,Business trip expenses need to be reimbursed promptly.,出差期间的所有费用都可以凭发票向公司报销。,出張中のすべての費用は領収書をもって会社に請求できる。
63,抱负,bào fù,aspiration; ambition,志望,他怀有远大抱负。,彼は大きな抱負を抱いている。,He harbors great ambitions.,年轻人应该树立远大的抱负，积极投身于社会建设中。,若者は大きな抱負を抱き、積極的に社会建設に参加すべきである。
64,暴力,bào lì,violence; (use) force; violent,暴力,暴力行为应被制止。,暴力行為は制止されるべきだ。,Violent behavior should be stopped.,暴力解决不了问题，只会导致更严重的后果和社会动荡。,暴力は問題を解決できず、より深刻な結果と社会の混乱を引き起こすだけである。
65,暴露,bào lù,to expose; to reveal; to lay bare,暴露,秘密被媒体暴露了。,秘密がメディアに暴露された。,The secret was exposed by the media.,隐私被暴露后，他的生活陷入了极大的困扰和压力之中。,プライバシーが暴露された後、彼の生活は大きな悩みとプレッシャーに陥った。
66,曝光,bào guāng,exposure (e.g. of photosensitive material); to expose (a scandal to the public),暴露,事件被曝光引关注。,事件が暴露され注目を集めた。,The incident was exposed and attracted attention.,这起丑闻被媒体曝光，引发了公众的广泛关注和讨论。,このスキャンダルはメディアに暴露され、世間の広範な関心と議論を引き起こした。
67,爆发,bào fā,to break out; to erupt; to explode; to burst out,爆発,冲突突然爆发激烈。,衝突が突然激しく爆発した。,The conflict suddenly erupted fiercely.,地震突然爆发，导致大量建筑物倒塌和人员伤亡。,地震が突然発生し、多くの建物が倒壊し人員に死傷者が出た。
68,爆炸,bào zhà,explosion; to explode; to blow up; to detonate,爆発,工厂发生严重爆炸。,工場で重大な爆発が起きた。,A serious explosion occurred at the factory.,工厂发生爆炸事故，消防队迅速赶到现场进行救援。,工場で爆発事故が発生し、消防隊が迅速に現場に駆けつけて救助活動を行った。
69,卑鄙,bēi bǐ,contemptible; despicable; base; mean,卑劣,他的行为十分卑鄙。,彼の行動は非常に卑劣だ。,His behavior is very despicable.,他的行为非常卑鄙，背后陷害同事，令人难以忍受。,彼の行為は非常に卑劣で、同僚を陰で陥れ、我慢できないものだった。
70,悲哀,bēi āi,grieved; sorrowful,悲哀,听闻噩耗心中悲哀。,悪い知らせを聞いて心が悲しんだ。,"Hearing the bad news, my heart was sorrowful.",听到噩耗后，家人们都沉浸在深深的悲哀之中，无法自拔。,悪い知らせを聞いて、家族は深い悲しみに浸り抜け出せなかった。
71,悲惨,bēi cǎn,miserable; tragic,悲惨,战争带来悲惨后果。,戦争は悲惨な結果をもたらす。,War brings tragic consequences.,战争带来了无尽的悲惨，破坏了无数家庭和生命的幸福。,戦争は果てしない悲惨をもたらし、数えきれない家庭と生命の幸福を破壊した。
72,北极,běi jí,the North Pole; the Arctic Pole; the north magnetic pole,北極,北极冰川正在融化。,北極の氷河が溶けている。,The Arctic glaciers are melting.,北极的冰川正在快速融化，全球气候变化问题日益严峻。,北極の氷河は急速に融けており、地球規模の気候変動問題はますます深刻になっている。
73,备份,bèi fèn,backup,バックアップ,重要文件要备份。,重要な書類はバックアップを取るべきだ。,Important documents should be backed up.,为了防止数据丢失，技术人员每天都会对重要文件进行备份。,データの紛失を防ぐため、技術者は毎日重要なファイルのバックアップを取っている。
74,备忘录,bèi wàng lù,memorandum; aide-memoire; memorandum book,メモ,会议记录在备忘录。,会議の記録はメモに残されている。,The meeting minutes are recorded in the memo.,会议结束后，他习惯性地写了一份详细的备忘录以备日后参考。,会議終了後、彼は習慣的に詳細な備忘録を書いて後の参考にしている。
75,背叛,bèi pàn,to betray,裏切り,他背叛了朋友信任。,彼は友人の信頼を裏切った。,He betrayed his friend's trust.,他背叛了朋友的信任，导致双方关系彻底破裂。,彼は友人の信頼を裏切り、双方の関係は完全に破綻した。
76,背诵,bèi sòng,recite; repeat from memory,暗唱,学生背诵古诗词。,学生は古詩を暗唱する。,Students recite ancient poems.,学生们每天坚持背诵古诗词，以提高语言表达能力和文化素养。,学生たちは毎日古詩詞を暗唱し、言語表現能力と文化素養を向上させている。
77,被动,bèi dòng,passive (not taking initiative),受動的,他在团队中被动。,彼はチームの中で受け身だ。,He is passive within the team.,在工作中，他总是被动接受任务，缺乏主动性和创造力。,仕事において、彼はいつも受動的に任務を受け入れ、主体性と創造力に欠けている。
78,被告,bèi gào,defendant,被告,被告出庭接受审判。,被告は法廷に出て裁判を受ける。,The defendant appears in court to face trial.,被告在法庭上坚决否认所有指控，争取自己的合法权益。,被告は法廷で全ての容疑を強く否認し、自分の正当な権利を争った。
79,贝壳,bèi ké,"shell; conch; cowry; mother of pearl; hard outer skin; alternative reading bei4 qiao4, mostly written",貝殻,沙滩上散落贝壳。,砂浜に貝殻が散らばっている。,Shells are scattered on the beach.,海滩上散落着各种颜色和形状各异的贝壳，十分美丽。,海辺には色や形が様々な貝殻が散らばっており、とても美しい。
80,奔波,bēn bō,rush about; be busy running about,奔走,为项目奔波忙碌。,プロジェクトのために奔走して忙しい。,Busy running around for the project.,为了生活奔波劳碌，他每天早出晚归，毫无怨言。,生活のために奔走し、彼は毎日早朝に出て夜遅く帰り、不平を言わない。
81,奔驰,bēn chí,"to run quickly; to travel quickly; to move fast; Mercedes-Benz, German car make",疾走,赛车奔驰在赛道。,レーサーがサーキットを猛スピードで走る。,The racer speeds on the track.,这辆奔驰汽车以其卓越的性能和豪华的设计闻名于世。,このベンツ車は優れた性能と豪華なデザインで世界的に有名である。
82,本能,běn néng,instinct,本能,动物凭本能求生。,動物は本能に従って生き延びる。,Animals survive by instinct.,人的本能反应在紧急情况下能够迅速保护自身安全。,人の本能的な反応は緊急時に素早く自身の安全を守ることができる。
83,本钱,běn qián,capital (finance); assets; means,資本,创业需要足够本钱。,起業には十分な資本が必要だ。,Starting a business requires sufficient capital.,创业需要一定的本钱，但更重要的是坚持和创新精神。,起業には一定の資本金が必要だが、より重要なのは忍耐と革新精神である。
84,本人,běn rén,oneself; I (humble form used in speeches); myself; in person; personal,本人,请本人携带身份证。,本人が身分証を携帯してください。,Please bring your ID card in person.,本人亲自签署了合同，确保了协议的有效性和法律效力。,本人が直接契約書に署名し、契約の有効性と法的効力を確保した。
85,本身,běn shēn,in itself; per se; itself,自身,问题出在本身原因。,問題は本身に原因がある。,The problem lies in itself.,问题的根源在于制度本身的缺陷，需要全面深化改革。,問題の根本は制度そのものの欠陥にあり、全面的な深化改革が必要だ。
86,本事,běn shi,ability; skill; source material; original story,能力,他有很强本事。,彼は非常に強い能力を持っている。,He has very strong skills.,他具有出色的本事，能够独立完成复杂的项目任务。,彼は優れた能力を持っており、複雑なプロジェクトの任務を独立して完遂できる。
87,笨拙,bèn zhuō,clumsy; awkward; stupid,不器用,他的动作显得笨拙。,彼の動作はぎこちなく見える。,His movements appear clumsy.,虽然他笨拙地表达了自己的想法，但真诚打动了大家的心。,彼は不器用に自分の考えを表現したが、その誠実さが皆の心を動かした。
88,崩溃,bēng kuì,to collapse; to crumble; to fall apart,崩壊,心理压力导致崩溃。,心理的なプレッシャーが崩壊を引き起こした。,Psychological pressure led to a breakdown.,在巨大压力下，他的心理终于崩溃，无法继续坚持下去。,大きなプレッシャーの下で、彼の精神はついに崩壊し、続けることができなくなった。
89,甭,béng,need not; (contraction of 不 and 用),不要,这事甭你操心。,このことはあなたが心配する必要はない。,You don’t need to worry about this.,这件事情甭担心，我已经安排妥当，一切都会顺利进行。,この件については心配いらない。私はすでに手配を済ませており、すべて順調に進むだろう。
90,蹦,bèng,to leap; to bounce; to hop; to jump,跳ねる,孩子开心地蹦跳。,子供は嬉しそうに跳ね回っている。,The child is happily jumping around.,孩子们在草地上开心地蹦跳，享受着无忧无虑的童年时光。,子供たちは草地で嬉しそうに跳ね回り、無憂無慮の子供時代を楽しんでいる。
91,迸发,bèng fā,to burst out; to gush; to spurt,噴出,激情迸发难以抑制。,情熱が爆発し抑えられない。,Passion bursts out uncontrollably.,他的激情在演讲中迸发，引发了观众的强烈共鸣和掌声。,彼の情熱はスピーチの中で爆発し、聴衆の強い共感と拍手を呼び起こした。
92,逼迫,bī pò,to force; to compel; to coerce,強要,他逼迫我做决定。,彼は私に決断を強要した。,He forced me to make a decision.,在巨大的压力下，他被迫做出违背自己意愿的决定。,大きなプレッシャーの下で、彼は自身の意思に反する決断を強いられた。
93,鼻涕,bí tì,nasal mucus; snivel,鼻水,感冒时鼻涕不断。,風邪をひくと鼻水が止まらない。,"When having a cold, the nose keeps running.",感冒时鼻涕不断流出，让人非常难受和不便。,風邪をひくと鼻水が止まらず、とても不快で不便である。
94,比方,bǐ fang,instance; example,例え,举个比方说明问题。,問題を説明するために例を挙げる。,Give an example to explain the problem.,举个比方，学习就像种树，需要耐心和时间的积累。,例を挙げると、勉強は木を植えるようなもので、忍耐と時間の積み重ねが必要だ。
95,比喻,bǐ yù,analogy; metaphor; figure of speech; figuratively,比喩,诗中充满生动比喻。,詩は生き生きとした比喩に満ちている。,The poem is full of vivid metaphors.,老师用生动的比喻帮助学生理解复杂的科学原理。,先生は生き生きとした比喩を用いて、学生が複雑な科学原理を理解するのを助けた。
96,比重,bǐ zhòng,proportion; specific gravity,比率,出口比重逐年上升。,輸出の比率は年々上昇している。,The proportion of exports is increasing year by year.,该行业在经济中的比重逐年增加，影响力不断扩大。,この業界は経済における比重が年々増加し、その影響力も拡大している。
97,鄙视,bǐ shì,to despise; to disdain; to look down upon;,軽蔑,他鄙视虚伪行为。,彼は偽りの行為を軽蔑している。,He despises hypocritical behavior.,他鄙视那些只会空谈而不付诸行动的人。,彼は口先だけで行動しない人々を軽蔑している。
98,弊病,bì bìng,malady; evil; malpractice; drawback; disadvantage,弊害,制度存在不少弊病。,制度には多くの弊害が存在する。,The system has many drawbacks.,制度上的弊病严重阻碍了社会的公平与发展。,制度上の弊害は社会の公平と発展を深刻に妨げている。
99,弊端,bì duān,malpractice; abuse; corrupt practice,弊端,改革旨在消除弊端。,改革は弊害を取り除くことを目的としている。,The reform aims to eliminate drawbacks.,必须采取措施根除腐败的弊端，促进社会健康发展。,腐敗の弊端を根絶し、社会の健全な発展を促進するために措置を講じなければならない。
100,臂,bì,arm,腕,他抬起有力的臂膀。,彼は力強い腕を持ち上げた。,He raised his powerful arm.,运动员的臂力非常强大，可以完成高难度的体操动作。,選手の腕力は非常に強く、高難度の体操動作をこなすことができる。
101,闭塞,bì sè,stop up; close up; hard to get to; out of the way; inaccessible; unenlightened; blocking,閉塞,信息闭塞阻碍发展。,情報の閉塞が発展を妨げる。,Information blockage hinders development.,由于信息闭塞，偏远地区的居民很难及时获取外界的最新动态和资源。,情報が遮断されているため、辺鄙な地域の住民は外部の最新の動向や資源をタイムリーに得ることが非常に難しい。
102,编织,biān zhī,"to weave; to knit; to plait; to braid; (fig.) to create (sth abstract, e.g. a dream, a lie etc);",編む,她认真编织毛衣。,彼女は真剣にセーターを編んでいる。,She is knitting a sweater carefully.,她用彩色的丝线编织了一条复杂的民族风围巾，工艺精湛令人赞叹。,彼女はカラフルな糸で複雑な民族風のスカーフを編み上げ、その技術の高さは人々を感嘆させた。
103,边疆,biān jiāng,border area; borderland; frontier; frontier region,辺疆,边疆地区风俗独特。,辺境地域の風俗は独特だ。,The customs in the border areas are unique.,边疆地区的安全形势复杂多变，需要加强军民融合和边防建设。,辺境地域の安全情勢は複雑かつ変化しやすいため、軍民融合と国境防衛の強化が必要である。
104,边界,biān jiè,boundary; border,境界,两国边界线清晰。,両国の国境線ははっきりしている。,The boundary line between the two countries is clear.,两国在边界问题上存在争议，双方通过外交途径寻求和平解决方案。,両国は国境問題に争いがあり、双方は外交手段で平和的な解決策を模索している。
105,边境,biān jìng,frontier; border,国境,边境管控严格执行。,国境管理は厳格に実施されている。,Border control is strictly enforced.,边境的自然环境独特，拥有丰富的生态资源和多样的野生动植物。,国境地帯の自然環境は独特で、豊富な生態資源と多様な野生動植物を有している。
106,边缘,biān yuán,edge; fringe; verge; brink; periphery; marginal; borderline,縁,危机处于边缘。,危機は瀬戸際にある。,The crisis is on the edge.,他站在悬崖的边缘，感受到生命的脆弱和大自然的壮丽。,彼は崖の縁に立ち、生命の儚さと大自然の壮大さを感じ取った。
107,鞭策,biān cè,to spur on; to urge on; to encourage sb (e.g. to make progress),駆り立てる,老师鞭策学生进步。,先生は学生の進歩を鞭撻する。,The teacher urges the students to improve.,老师不断鞭策学生努力学习，激发他们的潜力和创造力。,先生は絶えず生徒を奮起させ、努力して学ぶよう促し、彼らの潜在能力と創造力を引き出した。
108,扁,biǎn,"flat; (old form of character 匾, horizontal tablet with inscription)",平たい,扁平的叶子很新鲜。,平らな葉はとても新鮮だ。,The flat leaves are very fresh.,这本书的封面设计得非常扁平，符合现代简约风格的审美要求。,この本の表紙は非常に平らにデザインされており、現代的なミニマリズムの美的要求に合致している。
109,贬低,biǎn dī,to belittle; to disparage; to play down; to demean; to degrade; to devalue,貶める,不应贬低他人努力。,他人の努力を貶めるべきではない。,One should not belittle others' efforts.,他总喜欢贬低别人的努力，以此来掩饰自己的不自信。,彼はいつも他人の努力をけなして、自分の自信のなさを隠そうとしている。
110,贬义,biǎn yì,derogatory sense; negative connotation,否定的意味,词语含有贬义色彩。,言葉には否定的な意味合いが含まれている。,The words contain a derogatory connotation.,某些词语带有贬义色彩，使用时需注意避免冒犯他人。,ある言葉は蔑称的な意味合いを含むため、使う際には他人を傷つけないよう注意が必要である。
111,便利,biàn lì,convenient; easy; facilitate,便利,现代科技生活便利。,現代の科学技術は生活を便利にする。,Modern technology makes life convenient.,现代科技的发展极大地便利了人们的生活和工作方式。,現代の科学技術の発展は人々の生活や働き方を大いに便利にした。
112,便条,biàn tiáo,"(informal) note; CL:张[zhang1] ,个",メモ,桌上放着便条纸。,机の上にメモ用紙が置いてある。,There are sticky notes on the desk.,她在便条上写下了今天开会的时间和地点，提醒同事准时参加。,彼女はメモに今日の会議の時間と場所を書き留め、同僚に時間通り参加するよう知らせた。
113,便于,biàn yú,easy to; convenient for,〜に便利,新软件便于操作。,新しいソフトは操作が簡単だ。,The new software is easy to operate.,安装智能设备便于远程监控和管理，提高了工作效率。,スマートデバイスの設置は遠隔監視と管理を容易にし、作業効率を向上させた。
114,变故,biàn gù,an unforeseen event; accident; misfortune,変事,意外变故令人震惊。,思いがけない変故に人々は驚いた。,The unexpected incident shocked people.,家族突然遭遇变故，生活陷入困境，但他们依然坚强面对。,家族は突然の変故に遭い、生活が困難に陥ったが、それでも強く立ち向かった。
115,变迁,biàn qiān,changes; vicissitudes,変遷,历史变迁见证时代。,歴史の変遷は時代を証明する。,Historical changes witness the era.,社会的变迁带来了价值观的转变，也促进了文化的多元发展。,社会の変遷は価値観の変化をもたらし、文化の多元的発展も促進した。
116,变质,biàn zhì,to degenerate; to go bad; to deteriorate; metamorphosis,変質,食品长时间会变质。,食品は長時間経つと変質する。,Food deteriorates after a long time.,食品如果储存不当，容易变质，影响健康和口感。,食品は保存状態が悪いと変質しやすく、健康や味に影響を及ぼす。
117,辨认,biàn rèn,to recognize; to identify,識別,他能辨认复杂图案。,彼は複雑な模様を識別できる。,He can recognize complex patterns.,警方通过指纹辨认成功锁定了犯罪嫌疑人的身份。,警察は指紋認証により犯罪容疑者の身元を特定することに成功した。
118,辩护,biàn hù,to speak in defense of; to argue in favor of; to defend; to plead,弁護,律师为当事人辩护。,弁護士は依頼人のために弁護する。,The lawyer defends the client.,律师在法庭上为被告辩护，提出有力的证据和论点。,弁護士は法廷で被告人の弁護を行い、有力な証拠と論点を提示した。
119,辩解,biàn jiě,to explain; to justify; to defend (a point of view etc); to provide an explanation; to try to defend oneself,言い訳,他试图辩解失误。,彼はミスを弁解しようとした。,He tried to justify his mistake.,面对质疑，他试图辩解自己的行为，但效果并不理想。,疑問に直面して、彼は自分の行動を弁解しようとしたが、効果はあまり良くなかった。
120,辩证,biàn zhèng,to investigate; dialectical,弁証,辩证思维促进理解。,弁証的思考は理解を促進する。,Dialectical thinking promotes understanding.,辩证地看待问题，有助于我们全面理解复杂的社会现象。,弁証法的に問題を見ることで、複雑な社会現象を全方位的に理解するのに役立つ。
121,辫子,biàn zi,"plait; braid; pigtail; a mistake or shortcoming that may be exploited by an opponent; handle; CL:根[gen1] ,条[tiao2]",三つ編み,她扎了漂亮辫子。,彼女はきれいな三つ編みをした。,She braided a beautiful plait.,小女孩扎着两条整齐的辫子，看起来活泼可爱。,小さな女の子は二つのきちんとした三つ編みを結っており、元気でかわいらしく見える。
122,遍布,biàn bù,to cover the whole (area); to be found throughout,遍在,病毒遍布全球各地。,ウイルスは世界中に広がっている。,The virus is spread all over the world.,这座城市的街道遍布各种风格的咖啡馆，吸引了大量游客。,この街の通りには様々なスタイルのカフェが至る所にあり、多くの観光客を引きつけている。
123,标本,biāo běn,specimen; sample; the root cause and symptoms of a disease,標本,科学家采集标本。,科学者は標本を採集する。,Scientists collect specimens.,博物馆收藏了许多珍贵的标本，展示了丰富的自然历史知识。,博物館は多くの貴重な標本を収蔵し、豊かな自然史の知識を展示している。
124,标记,biāo jì,sign; mark; symbol; to mark up,印,地图上标记重要点。,地図に重要な地点が記されている。,Important points are marked on the map.,地图上用红色标记了重点旅游景点，方便游客规划行程。,地図上には赤い印が付けられており、主要な観光スポットが示されていて、観光客の計画作りに便利である。
125,标题,biāo tí,title; heading; headline; caption; subject,タイトル,文章标题引人注目。,記事のタイトルは人目を引く。,The article's title is eye-catching.,文章的标题需要简洁明了，能够准确传达主题内容。,文章のタイトルは簡潔明瞭で、主題内容を正確に伝える必要がある。
126,表决,biǎo jué,decide by vote; vote,表決,大会通过表决议案。,大会は議案を採決で可決した。,The conference passed the proposal by vote.,会议通过表决决定了下一阶段的工作重点和发展方向。,会議は投票を通じて次の段階の仕事の重点と発展方向を決定した。
127,表态,biǎo tài,to declare one's position; to say where one stands,態度表明,他公开表态支持改革。,彼は公に改革を支持する立場を表明した。,He publicly expressed support for the reform.,领导在会上明确表态，支持创新项目的推进和资金投入。,リーダーは会議で明確に態度を示し、革新的なプロジェクトの推進と資金投入を支持した。
128,表彰,biǎo zhāng,to honor; to cite (in dispatches); cite (in dispatches); commend,表彰,公司表彰优秀员工。,会社は優秀な社員を表彰した。,The company commended outstanding employees.,学校为了表彰优秀学生，举办了隆重的颁奖典礼。,学校は優秀な学生を表彰するために盛大な授賞式を開催した。
129,憋,biē,to choke; to stifle; to restrain; to hold back; to hold in (urine); to hold (one's breath),こらえる,他憋住不哭出来。,彼は泣き出さないように堪えた。,He held back tears.,他憋着一口气，终于鼓起勇气向大家讲述了自己的经历。,彼は息をこらえ、ついに勇気を振り絞って自分の経験を皆に語った。
130,别墅,bié shù,"villa; CL:幢[zhuang4] ,座[zuo4]",別荘,他们在别墅度假。,彼らは別荘で休暇を過ごしている。,They are vacationing at a villa.,他们在郊区购买了一栋别墅，作为周末休闲的度假住所。,彼らは郊外に別荘を1軒購入し、週末のレジャーや休暇の住まいとした。
131,别致,bié zhì,unusual; unique,独特,设计风格别致新颖。,デザインのスタイルは独特で新しい。,The design style is unique and novel.,这家餐厅的装修风格别致，融合了现代与传统元素。,このレストランの内装スタイルは独特で、現代と伝統の要素が融合している。
132,别扭,biè niu,awkward; difficult; uncomfortable; not agreeing; at loggerheads; gauche; awkward (writing or speech),ぎこちない,关系有些别扭尴尬。,関係が少しぎこちなくて気まずい。,The relationship is somewhat awkward and embarrassing.,他的话说得有些别扭，让大家感到尴尬和不自在。,彼の言葉は少しぎこちなく、皆を気まずくさせ不快にさせた。
133,濒临,bīn lín,on the verge of; close to,瀕する,濒临灭绝的动物保护。,絶滅寸前の動物を保護する。,Protect animals on the brink of extinction.,这片森林濒临灭绝的珍稀物种需要得到有效保护和恢复。,この森林は絶滅の危機に瀕している希少種が存在し、効果的な保護と回復が必要である。
134,冰雹,bīng báo,"hail; hailstone; CL:场[chang2] ,粒[li4]",ひょう,冰雹砸坏了农作物。,雹が農作物を打ち壊した。,Hail damaged the crops.,昨晚突降冰雹，导致农作物受损严重，农民损失惨重。,昨夜突然雹が降り、農作物が大きな被害を受け、農民は甚大な損失を被った。
135,丙,bǐng,"third in order (III); third of 10 heavenly stems 十天干; letter 'C' or roman 'III' in list 'A, B, C', or 'I, II, III' etc; propyl",第三位,丙类选手表现出色。,Cクラスの選手は素晴らしい成績を出した。,Class C players performed excellently.,考试成绩按甲乙丙丁四个等级划分，丙等表示合格但需努力。,試験成績は甲・乙・丙・丁の4つの等級に分けられ、丙等は合格だが努力が必要であることを示す。
136,并非,bìng fēi,really isn't,決して〜ない,事实并非如此简单。,事実はそれほど単純ではない。,The fact is not so simple.,事情并非表面那么简单，需要深入调查和分析才能得出结论。,事柄は表面ほど単純ではなく、結論を出すには徹底した調査と分析が必要である。
137,并列,bìng liè,to stand side by side; to be juxtaposed,並列,两项任务并列完成。,二つの任務を並行して完了した。,Two tasks were completed simultaneously.,这两家公司在市场上并列领先，竞争异常激烈。,この二つの会社は市場で並列して首位を争っており、競争は非常に激しい。
138,剥削,bō xuē,to exploit; exploitation,搾取,工人反对剥削行为。,労働者は搾取行為に反対した。,Workers opposed exploitative behavior.,过去的封建社会对农民进行了严重的剥削和压迫。,過去の封建社会は農民に対して深刻な搾取と圧迫を行った。
139,拨,bō,"to push aside; to dial; to allocate; to set aside (money); to poke (the fire); to pluck (a string instrument); to turn round; classifier: group, batch;",つまむ,拨开树叶找虫子。,虫を探して葉をかき分ける。,Part the leaves to find insects.,他拨通了朋友的电话，询问明天聚会的具体安排。,彼は友人に電話をかけ、明日の集まりの具体的な予定を尋ねた。
140,播种,bō zhòng,to sow seeds; sowing; seed,種まき,春天开始播种庄稼。,春に作物の種をまき始める。,Start sowing crops in spring.,春天是播种的季节，农民们忙碌地在田里耕作播种。,春は種まきの季節で、農民たちは忙しく畑で耕作し種をまいている。
141,波浪,bō làng,wave,波浪,海面波浪此起彼伏。,海面の波は次々と押し寄せる。,Waves on the sea surface rise one after another.,海面上波浪起伏，映照出夕阳的余晖，美不胜收。,海面の波が上下に揺れ、夕日の余光を映し出し、その美しさは言葉に尽くせない。
142,波涛,bō tāo,great waves; billows;,大波,波涛汹涌难以靠岸。,波が激しくて岸に近づけない。,The raging waves make it difficult to approach the shore.,狂风掀起波涛，船只在汹涌的海面上摇晃不定。,強風が波涛を巻き起こし、船は荒れ狂う海面で揺れ動いている。
143,伯母,bó mǔ,aunt; wife of father's elder brother; (polite form of address for a woman who is about the age of one's mother); CL:个,伯母,伯母热情款待客人。,伯母は客を熱心にもてなした。,Aunt warmly entertained the guests.,伯母热情地招待了远道而来的亲戚，气氛十分融洽。,伯母は遠方から来た親戚を温かくもてなし、雰囲気はとても和やかだった。
144,博大精深,bó dà jīng shēn,wide-ranging and profound; broad and deep,博大深遠,中华文化博大精深。,中華文化は博大で深遠だ。,Chinese culture is extensive and profound.,中华文化博大精深，蕴含着丰富的哲学思想和艺术成就。,中華文化は博大で奥深く、豊かな哲学思想と芸術的成果を内包している。
145,博览会,bó lǎn huì,exposition; international fair,博覧会,博览会吸引众多参展。,博覧会は多くの出展者を引きつけた。,The exposition attracted numerous exhibitors.,国际博览会吸引了来自世界各地的企业和观众，展示最新科技成果。,国際博覧会は世界各地から企業や観客を惹きつけ、最新の科学技術成果を展示している。
146,搏斗,bó dòu,to wrestle; to fight; to struggle,闘う,士兵激烈搏斗敌军。,兵士たちは敵軍と激しく戦った。,Soldiers fought fiercely against the enemy.,两只猛兽在森林中激烈搏斗，争夺领地和食物资源。,二頭の猛獣が森の中で激しく闘い、縄張りと食料資源を争っている。
147,薄弱,bó ruò,weak; frail,弱い,基础薄弱需加强训练。,基礎が弱いので訓練を強化する必要がある。,The foundation is weak and training needs to be strengthened.,由于资金薄弱，项目进展缓慢，面临多重挑战。,資金が弱いため、プロジェクトの進展は遅く、複数の課題に直面している。
148,不顾,bú gù,in spite of; regardless of,顧みない,他不顾危险勇往直前。,彼は危険を顧みず勇敢に進んだ。,He bravely moved forward regardless of danger.,他不顾危险，奋不顾身地冲进火场救出了被困人员。,彼は危険を顧みず、命を惜しまず火災現場に飛び込み、閉じ込められた人を救出した。
149,不愧,bú kuì,be worthy of; deserve to be called; prove oneself to be,恥じない,她不愧是优秀学生。,彼女は優秀な学生にふさわしい。,She deserves to be an outstanding student.,他不愧是优秀的科学家，取得了许多重要的研究成果。,彼は優れた科学者にふさわしく、多くの重要な研究成果をあげている。
150,不料,bú liào,unexpectedly; to one's surprise,思わぬ,不料天气突然转晴。,思いがけず天気が急に晴れた。,"Unexpectedly, the weather suddenly cleared up.",不料突发暴雨打乱了原定的户外活动计划，大家只能临时调整。,思いがけず突然の豪雨が予定されていた屋外活動の計画を狂わせ、皆は急遽調整せざるを得なかった。
151,不像话,bú xiàng huà,unreasonable; shocking; outrageous,非常識,他的行为真不像话。,彼の行動は本当にひどい。,His behavior is really outrageous.,他的话简直不像话，完全没有逻辑可言，让人难以理解。,彼の話はまったく筋が通っておらず、まったく論理がなくて、理解しにくい。
152,不屑一顾,bú xiè yī gù,to disdain as beneath contempt,軽視する,他对建议不屑一顾。,彼は提案を軽蔑している。,He disregards the suggestions.,对于那种无理的要求，他只是轻蔑地不屑一顾，没有给予任何回应。,あのような無理な要求に対して、彼は軽蔑して全く相手にしなかった。
153,哺乳,bǔ rǔ,breast feeding; to suckle; to nurse,哺乳,母亲细心哺乳婴儿。,母親は赤ちゃんに丁寧に授乳する。,The mother carefully breastfeeds the baby.,哺乳期的母亲需要注意饮食营养，以保证婴儿的健康成长。,授乳期の母親は、赤ちゃんの健康な成長を保証するために、食事の栄養に注意する必要がある。
154,捕捉,bǔ zhuō,to catch; to seize; to capture,捕まえる,猎人成功捕捉野兽。,猟師は野獣の捕獲に成功した。,The hunter successfully captured the beast.,科学家们利用高科技设备捕捉到了极其微小的宇宙信号。,科学者たちはハイテク機器を使って、非常に微小な宇宙の信号を捕らえた。
155,补偿,bǔ cháng,compensate; make up,補償,公司向受害者补偿损失。,会社は被害者に損失を補償する。,The company compensates the victims for their losses.,公司为了补偿员工的加班时间，特意发放了额外的奖金。,会社は従業員の残業時間を補償するため、特別に追加のボーナスを支給した。
156,补救,bǔ jiù,remedy,補救,及时补救错误很重要。,間違いをすぐに補正することは重要だ。,Timely remedying of mistakes is important.,出现错误后，及时采取措施补救，避免了更严重的后果。,ミスが起きた後、迅速に対策を講じて補救し、より深刻な結果を避けた。
157,补贴,bǔ tiē,to subsidize; subsidy; allowance,補助金,政府发放生活补贴。,政府は生活補助金を支給する。,The government issues living subsidies.,政府每年都会向低收入家庭发放生活补贴，帮助他们渡过难关。,政府は毎年低所得家庭に生活補助金を支給し、困難を乗り越える手助けをしている。
158,不得已,bù dé yǐ,act against one's will; have no alternative but to; have to; to have no choice; must,やむを得ず,他不得已离开岗位。,彼はやむを得ず職を離れた。,He had no choice but to leave his post.,由于天气恶劣，我们不得已取消了原定的户外活动计划。,天候が悪いため、やむを得ず予定していた屋外活動の計画を中止した。
159,不妨,bù fáng,there is no harm in; might as well,構わない,你不妨试试看。,試してみてもいいですよ。,You might as well give it a try.,你不妨试试看这种新的学习方法，或许会有意想不到的收获。,あなたはこの新しい学習方法を試してみてもよいかもしれません、思いがけない成果があるかもしれません。
160,不敢当,bù gǎn dāng,lit. I dare not (accept the honor); fig. I don't deserve your praise; you flatter me,恐れ多い,您的夸奖我不敢当。,お褒めの言葉は恐れ多いです。,I don't deserve your compliments.,感谢您的夸奖，我实在不敢当，还需要继续努力学习。,お褒めいただきありがとうございます、私はとても身に余ることで、まださらに努力して学ぶ必要があります。
161,不禁,bù jīn,can't help (doing sth); can't refrain from,思わず,看到美景我不禁感叹。,美しい景色を見て思わず感嘆した。,I couldn't help but sigh at the beautiful scenery.,看到那感人的场景，他不禁流下了眼泪。,あの感動的な場面を見て、彼は思わず涙を流した。
162,不堪,bù kān,cannot bear; cannot stand; utterly; extremely,耐えられない,压力大到不堪忍受。,プレッシャーが大きすぎて耐えられない。,The pressure is so great that it is unbearable.,工作压力大到让他几乎不堪重负，身体状况也开始恶化。,仕事のプレッシャーが大きすぎて、彼はほとんど耐えられず、体調も悪化し始めた。
163,不可思议,bù kě sī yì,inconceivable (idiom); unimaginable; unfathomable,信じられない,这结果不可思议。,この結果は信じられない。,This result is incredible.,他的成功经历简直不可思议，激励了许多年轻人奋发图强。,彼の成功経験はまさに信じられないもので、多くの若者に奮起を促した。
164,不免,bù miǎn,unavoidable,免れない,失败在所不免。,失敗は避けられない。,Failure is inevitable.,面对突发状况，大家不免感到有些紧张和不安。,突発的な状況に直面して、皆少し緊張や不安を感じざるを得なかった。
165,不时,bù shí,frequently; often,時々,他不时出差国外。,彼は時々海外に出張する。,He occasionally goes on business trips abroad.,他不时查看手机，等待着重要的消息传来。,彼は時々携帯電話を確認し、重要な連絡が来るのを待っていた。
166,不惜,bù xī,not stint; not spare; not hesitate (to do sth); not scruple (to do sth),惜しまない,她不惜代价追求梦想。,彼女は代償を惜しまず夢を追い求める。,She pursues her dreams at any cost.,为了实现梦想，他不惜付出所有的努力和时间。,夢を実現するために、彼はあらゆる努力と時間を惜しまなかった。
167,不相上下,bù xiāng shàng xià,equally matched; about the same,互角,两队实力不相上下。,両チームの実力は互角だ。,The two teams are evenly matched.,两位选手的水平不相上下，比赛异常激烈。,両選手のレベルは互角であり、試合は非常に激しかった。
168,不言而喻,bù yán ér yù,it goes without saying; it is self-evident,言うまでもない,安全重要不言而喻。,安全の重要性は言うまでもない。,The importance of safety goes without saying.,他的错误十分明显，不言而喻地暴露了他的失误。,彼のミスは非常に明らかで、言わずもがな彼の失敗を露呈した。
169,不由得,bù yóu de,can't help; cannot but,思わず,他不由得笑出声。,彼は思わず声を出して笑った。,He couldn't help but laugh out loud.,听到这个消息，他不由得感到震惊和难以置信。,その知らせを聞いて、彼は思わずショックと信じがたい気持ちを抱いた。
170,不择手段,bù zé shǒu duàn,by fair means or foul; by hook or by crook; unscrupulously,手段を選ばない,他为了胜利不择手段。,彼は勝利のためには手段を選ばない。,He uses any means to achieve victory.,为了达到目标，他竟然不择手段，采取了各种不正当手法。,目標を達成するために、彼は手段を選ばず、あらゆる不正な方法を用いた。
171,不止,bù zhǐ,incessantly; without end; more than; not limited to,〜だけでなく,问题不止一个。,問題は一つだけではない。,There is more than one problem.,他的贡献不仅在国内有影响力，甚至不止于此，还在国际上广受认可。,彼の貢献は国内だけでなく、それ以上に国際的にも広く認められている。
172,布告,bù gào,posting on a bulletin board; notice; bulletin; to announce,掲示,学校发布了布告。,学校は告示を出した。,The school issued a notice.,学校在公告栏上张贴了一则重要的布告，通知学生们注意安全。,学校は掲示板に重要な告知を貼り出し、生徒たちに安全に注意するよう通知した。
173,布局,bù jú,arrangement; composition; layout; opening (chess jargon),配置,合理布局空间很重要。,合理的な空間の配置はとても重要だ。,Reasonable spatial layout is very important.,这幅画的布局精巧，色彩搭配和谐，给人视觉上的享受。,この絵の構図は巧妙で、色の配色も調和しており、視覚的な楽しみを与える。
174,布置,bù zhì,to put in order; to arrange; to decorate; to fix up; to deploy,配置する,老师布置了作业。,先生は宿題を出した。,The teacher assigned homework.,老师布置了大量的作业，要求学生们在周末完成。,先生は大量の宿題を出し、生徒たちに週末までに終わらせるよう求めた。
175,步伐,bù fá,pace; (measured) step; march,歩調,大家步伐要一致。,みんな歩調を合わせなければならない。,Everyone must keep in step.,军队的步伐整齐划一，展现出高度的纪律性和训练水平。,軍隊の歩調は整然としており、高度な規律性と訓練レベルを示している。
176,部署,bù shǔ,to dispose; to deploy; deployment,配置,军队部署在边境。,軍隊は国境に配備されている。,The troops are deployed at the border.,为了应对突发事件，指挥官迅速部署了救援力量。,緊急事態に対応するために、指揮官は迅速に救援部隊を配置した。
177,部位,bù wèi,position; place,部位,伤口位于胸部位。,傷口は胸の部分にある。,The wound is located on the chest.,医生详细检查了身体的各个部位，确保没有潜在的健康问题。,医者は体の各部位を詳しく検査し、潜在的な健康問題がないことを確認した。
178,才干,cái gàn,ability; competence,才能,他有很强的才干。,彼は非常に優れた才能を持っている。,He has very strong talents.,他以卓越的才干和领导能力赢得了同事们的尊敬和信任。,彼は卓越した才能とリーダーシップで同僚たちの尊敬と信頼を勝ち取った。
179,裁缝,cái feng,tailor; dressmaker,仕立て屋,裁缝为我量身定制。,仕立て屋が私のためにオーダーメイドした。,The tailor made a custom suit for me.,这位裁缝手艺精湛，能够根据顾客的需求量身定制服装。,この仕立て屋は技術が卓越しており、顧客の要望に応じてオーダーメイドの服を作れる。
180,裁判,cái pàn,"judgment; to referee; umpire; judge; referee; CL:个,位[wei4] ,名[ming2]",審判,裁判吹响了哨声。,審判は笛を吹いた。,The referee blew the whistle.,这场比赛的裁判判罚公正，没有引起任何争议。,この試合の審判は公正な判定を下し、いかなる論争も引き起こさなかった。
181,裁员,cái yuán,to cut staff; to lay off employees,人員削減,公司进行了裁员。,会社は人員削減を行った。,The company carried out layoffs.,由于公司经营不善，不得不进行裁员以降低成本。,会社の経営不振により、コスト削減のために人員削減をせざるを得なかった。
182,财富,cái fù,wealth; riches,財産,积累财富需要努力。,富を蓄えるには努力が必要だ。,Accumulating wealth requires effort.,合理管理财富是实现个人长远发展的重要保障。,合理的な財産管理は個人の長期的な発展を実現する重要な保障である。
183,财务,cái wù,financial affairs,財務,他主管公司的财务。,彼は会社の財務を担当している。,He is in charge of the company's finances.,财务部门负责公司的资金管理和预算编制工作。,財務部門は会社の資金管理と予算作成の仕事を担当している。
184,财政,cái zhèng,finances (public); financial,財政,财政政策影响经济。,財政政策は経済に影響を与える。,Fiscal policy affects the economy.,政府加大财政投入，推动基础设施建设和社会福利提升。,政府は財政投入を強化し、インフラ整備と社会福祉の向上を推進している。
185,彩票,cǎi piào,lottery ticket,宝くじ,他买了一张彩票。,彼は宝くじを一枚買った。,He bought a lottery ticket.,他每天坚持购买一张彩票，希望能有一天实现中大奖的梦想。,彼は毎日宝くじを一枚買い続けており、いつか大当たりをする夢を実現したいと思っている。
186,采购,cǎi gòu,to procure (for an enterprise etc); to purchase,調達,采购部门负责选货。,調達部門は商品の選定を担当している。,The procurement department is responsible for selecting goods.,公司采购部门负责供应链管理和原材料的采购工作。,会社の調達部門はサプライチェーン管理と原材料の購入業務を担当している。
187,采集,cǎi jí,to gather; to collect; to harvest,採集,科学家采集样本。,科学者はサンプルを採取した。,The scientist collected samples.,研究人员采集了大量的样本数据，用于科学分析和研究。,研究者たちは大量のサンプルデータを収集し、科学的な分析と研究に用いている。
188,采纳,cǎi nà,to accept; to adopt (ideas),採用,公司采纳了建议。,会社は提案を採用した。,The company adopted the suggestion.,专家组采纳了大多数成员的建议，制定了新的工作方案。,専門家グループは大多数のメンバーの提案を採用し、新しい作業計画を策定した。
189,参谋,cān móu,staff officer; to give advice,参謀,他是军队的参谋长。,彼は軍隊の参謀長だ。,He is the chief of staff of the army.,军队中有专门的参谋负责战略规划和作战指导。,軍隊には戦略計画と作戦指導を担当する専門の参謀がいる。
190,参照,cān zhào,to consult a reference; to refer to (another document),参照,请参照说明书操作。,説明書を参照して操作してください。,Please operate according to the instruction manual.,请参照说明书操作，避免因误用造成设备损坏。,取扱説明書を参照して操作し、誤使用による機器の損傷を避けてください。
191,残疾,cán jí,disabled; handicapped; deformity on a person or animal,障害,他是一名残疾运动员。,彼は障害者のアスリートだ。,He is a disabled athlete.,残疾人士在社会中应享有平等的权利和机会。,障害者は社会の中で平等な権利と機会を享受すべきである。
192,残酷,cán kù,cruel; ruthless; cruelty,残酷,战争非常残酷无情。,戦争は非常に残酷で無情だ。,War is extremely cruel and ruthless.,战争的残酷让人们深刻反思和平的重要性。,戦争の残酷さは人々に平和の重要性を深く考えさせる。
193,残留,cán liú,to remain; left over; surplus; remnant,残留,化学品残留需清理。,化学物質の残留物は清掃が必要だ。,Chemical residues need to be cleaned up.,事故现场还残留着一些未被清理的碎片和痕迹。,事故現場にはまだ清掃されていない破片や痕跡が残っている。
194,残忍,cán rěn,merciless; ruthless; cruel; mean,残忍,罪犯行为极其残忍。,犯罪者の行為は非常に残忍だ。,The criminal's actions are extremely brutal.,他对待敌人非常残忍，毫不留情地采取了严厉的措施。,彼は敵に対して非常に残忍で、容赦なく厳しい措置を取った。
195,灿烂,càn làn,to glitter; brilliant; splendid,輝かしい,晚会灯光灿烂夺目。,パーティーの照明はまばゆく輝いている。,The party lights are dazzling and eye-catching.,夜空中烟花灿烂绽放，照亮了整个城市的夜晚。,夜空に花火が鮮やかに咲き乱れ、街全体の夜を照らした。
196,仓促,cāng cù,all of a sudden; hurriedly,慌ただしい,他仓促离开现场。,彼は慌てて現場を離れた。,He hurriedly left the scene.,他仓促做出的决定导致了后续一系列的问题和困扰。,彼の慌てて下した決定がその後一連の問題や困惑を引き起こした。
197,仓库,cāng kù,depot; storehouse; warehouse,倉庫,货物存放在仓库。,貨物は倉庫に保管されている。,The goods are stored in the warehouse.,仓库里堆满了各种货物，工作人员忙着整理和发货。,倉庫には様々な荷物が積み上げられており、スタッフは整理と発送に追われている。
198,舱,cāng,cabin; the hold of a ship or airplane,船舱,乘客进入了船舱。,乗客は船室に入った。,The passengers entered the cabin.,飞机舱内环境舒适，为乘客提供了良好的飞行体验。,飛行機の機内は快適な環境で、乗客に良い飛行体験を提供している。
199,苍白,cāng bái,pale; wan,青白い,他脸色苍白无力。,彼は顔色が青白く力がない。,He looks pale and weak.,他因为生病脸色苍白，看上去非常虚弱。,彼は病気のせいで顔色が青白く、とても弱々しく見えた。
200,操劳,cāo láo,to work hard; to look after,骨を折る,父母操劳养育子女。,両親は苦労して子供を育てた。,Parents worked hard to raise their children.,为了家庭的幸福，他日夜操劳，不辞辛苦地工作。,家族の幸福のために、彼は昼夜懸命に働き、苦労を惜しまなかった。
201,操练,cāo liàn,drill; practice,訓練,士兵每天操练严格。,兵士たちは毎日厳しく訓練している。,The soldiers train strictly every day.,军队每天进行严格的操练，以确保在战场上能够迅速反应和执行命令。,軍隊は毎日厳格な訓練を行い、戦場で迅速に反応し命令を遂行できるようにしている。
202,操纵,cāo zòng,to operate; to control; to rig; to manipulate,操作する,他能操纵复杂机器。,彼は複雑な機械を操作できる。,He can operate complex machinery.,他通过高超的技术操纵了机器，使生产效率大大提高。,彼は高度な技術で機械を操作し、生産効率を大幅に向上させた。
203,操作,cāo zuò,to work; to operate; to manipulate,操作,请正确操作设备。,設備を正しく操作してください。,Please operate the equipment correctly.,操作复杂的设备需要专业人员具备丰富的经验和技能。,複雑な設備の操作には、専門家が豊富な経験と技術を持つことが必要である。
204,嘈杂,cáo zá,noisy; clamorous,騒がしい,市场嘈杂人声鼎沸。,市場は騒がしく、人の声が沸き立っている。,The market is noisy and bustling with voices.,市场上人声嘈杂，很难听清对方说话的内容。,市場は雑多な騒音でいっぱいで、相手の話を聞き取るのが難しい。
205,草案,cǎo àn,"draft (legislation, proposal etc)",草案,会议讨论项目草案。,会議でプロジェクトの草案を議論した。,The meeting discussed the project draft.,这份法律草案经过多次修改，终于提交给立法机关审议。,この法律案は何度も修正を経て、ついに立法機関に審議のため提出された。
206,草率,cǎo shuài,careless; negligent; sloppy; not serious,軽率な,草率决定后悔不已。,軽率な決定をして後悔している。,He regrets making a hasty decision.,他做事一向草率，导致项目出现了很多问题。,彼は物事をいつもいい加減に行うため、プロジェクトに多くの問題が生じた。
207,侧面,cè miàn,lateral side; side; aspect; profile,側面,从侧面看问题更清晰。,側面から問題を見るとより明確になる。,Looking at the problem from the side makes it clearer.,从侧面来看，这个问题比表面上看起来更加复杂。,側面から見ると、この問題は表面上よりもさらに複雑である。
208,测量,cè liáng,to survey; to measure; to gauge; to determine,測量,工程师进行精确测量。,エンジニアは正確な測定を行う。,The engineer conducts precise measurements.,科学家们利用高精度仪器对地质结构进行了详细的测量。,科学者たちは高精度の機器を使って地質構造を詳細に測定した。
209,策划,cè huà,to plot; to scheme; to bring about; to engineer; planning; producer; planner,企画,团队策划活动方案。,チームはイベントの計画案を立てる。,The team plans the activity proposal.,公司聘请专业团队策划新产品的市场推广方案。,会社は専門チームを雇い、新製品の市場プロモーション計画を立案した。
210,策略,cè lvè,tactics; to be tactful,戦略,公司制定长期策略。,会社は長期的な戦略を策定する。,The company formulates long-term strategies.,在竞争激烈的市场中，合理的策略是企业成功的关键。,競争の激しい市場において、合理的な戦略が企業の成功の鍵となる。
211,层出不穷,céng chū bù qióng,more and more emerge; innumerable succession; breeding like flies (idiom),次々と現れる,问题层出不穷难解决。,問題が次々と発生し、解決が難しい。,"Problems arise one after another, making them difficult to solve.",新兴技术层出不穷，给各行各业带来了深刻的变革。,新興技術が次々と現れ、あらゆる業界に深刻な変革をもたらしている。
212,层次,céng cì,arrangement of ideas; administrative level; level; stage; phase,段階,学习有明显层次感。,学習には明確な段階感がある。,Learning has a clear sense of levels.,文章的层次结构清晰，有助于读者理解作者的观点。,文章の構成が明確で、読者が著者の考えを理解しやすくなっている。
213,差别,chā bié,difference; distinction; diversity; disparity,差異,文化差别影响交流。,文化の違いが交流に影響を与える。,Cultural differences affect communication.,不同地区之间存在显著的文化差别，需要相互尊重和理解。,異なる地域間には顕著な文化の違いが存在し、相互の尊重と理解が必要である。
214,插座,chā zuò,socket; outlet;,コンセント,请检查插座是否安全。,コンセントが安全かどうか確認してください。,Please check whether the socket is safe.,请确保插座安装牢固，以避免电器使用时发生安全事故。,コンセントがしっかりと取り付けられていることを確認し、電気製品使用時の安全事故を防いでください。
215,查获,chá huò,to investigate and capture (a criminal); to ferret out; to hunt down and arrest,摘発,警方查获走私货物。,警察は密輸品を押収した。,The police seized smuggled goods.,警方在突击行动中查获了大量非法走私的毒品和武器。,警察は突入作戦で大量の違法密輸された麻薬と武器を押収した。
216,刹那,chà nà,an instant (Sanskrit: ksana); split second; the twinkling of an eye,瞬間,刹那间发生了变化。,刹那の間に変化が起こった。,A change happened in an instant.,那一刹那，他的生命仿佛凝固在时间的长河中。,あの一瞬、彼の命はまるで時間の流れの中で凍りついたかのようだった。
217,岔,chà,"fork in road; bifurcation; branch in road, river, mountain range etc; to branch off; to turn off; to diverge; to stray (from the path); to change the subject; to interrupt; to stagger (times)",分岐,道路岔口指示清楚。,道路の分かれ道の表示がはっきりしている。,The road fork signs are clear.,山路上出现了岔路口，司机不得不谨慎选择方向。,山道に分かれ道が現れ、運転手は慎重に進む方向を選ばなければならなかった。
218,诧异,chà yì,flabbergasted; astonished,驚く,他对结果感到诧异。,彼は結果に驚きを感じた。,He felt surprised by the result.,听到这个消息后，他脸上露出诧异的表情，难以置信地摇头。,その知らせを聞いて、彼は驚いた表情を浮かべ、信じられないと首を振った。
219,柴油,chái yóu,diesel fuel,軽油,卡车使用柴油为燃料。,トラックは燃料としてディーゼルを使用している。,The truck uses diesel as fuel.,柴油发动机因其燃油经济性受到重型车辆的广泛采用。,ディーゼルエンジンは燃料効率の良さから大型車両に広く採用されている。
220,搀,chān,to assist by the arm; to mix; to mix; to support; to sustain,助ける,他搀扶老人过马路。,彼は老人を支えて道路を渡らせた。,He helped an elderly person cross the road.,老人走路不稳，年轻人及时上前搀扶，避免了摔倒。,老人が歩行不安定だったため、若者がすぐに手を貸して転倒を防いだ。
221,缠绕,chán rào,twisting; to twine; to wind; to pester; to bother,絡みつく,藤蔓缠绕树干生长。,藤蔓が幹に絡みついて成長する。,The vines entwine around the tree trunk as they grow.,电话线缠绕在一起，导致信号传输出现严重干扰。,電話線が絡み合ってしまい、信号伝達に深刻な干渉が生じた。
222,馋,chán,gluttonous; greedy; to have a craving,食いしん坊,他对美食非常馋。,彼は美食に非常に欲張りだ。,He is very greedy for delicious food.,他馋嘴喜欢吃各种甜点，尤其是巧克力蛋糕。,彼は食いしん坊で、特にチョコレートケーキなどの甘いものが好きだ。
223,产业,chǎn yè,industry; estate; property; industrial,産業,高科技产业发展迅速。,ハイテク産業は急速に発展している。,The high-tech industry is developing rapidly.,信息产业的发展极大地促进了现代社会的经济增长。,情報産業の発展は現代社会の経済成長を大いに促進した。
224,阐述,chǎn shù,to expound (a position); to elaborate (on a topic); to treat (a subject),説明する,专家阐述理论观点。,専門家が理論的な見解を説明した。,The expert explained theoretical viewpoints.,专家在会上详细阐述了新技术的原理和应用前景。,専門家は会議で新技術の原理と応用の展望を詳しく述べた。
225,颤抖,chàn dǒu,to shudder; to shiver; to shake; to tremble,震える,寒冷中身体颤抖不停。,寒さの中で体が震え続けている。,The body keeps trembling in the cold.,寒风中，他全身颤抖，双手几乎无法握紧。,寒風の中で彼は全身を震わせ、両手はほとんど握れなかった。
226,昌盛,chāng shèng,prosperous,繁栄,国家经济昌盛强大。,国家の経済は繁栄し強大だ。,The country's economy is prosperous and strong.,这个城市经历了几十年的发展，经济逐渐昌盛起来。,この都市は数十年の発展を経て、経済が徐々に繁栄してきた。
227,偿还,cháng huán,to repay; to reimburse,返済する,他按时偿还贷款。,彼は期限通りにローンを返済した。,He repaid the loan on time.,公司按时偿还了所有贷款，保持了良好的信用记录。,会社は期限通りにすべての借入金を返済し、良好な信用記録を維持した。
228,尝试,cháng shì,to try; to attempt; CL:次[ci4],試みる,她勇敢尝试新方法。,彼女は勇敢に新しい方法を試みた。,She bravely tried a new method.,科学家不断尝试新的实验方法，以期取得突破性的成果。,科学者たちは革新的な成果を得るために、新しい実験方法を絶えず試みている。
229,场合,chǎng hé,situation; occasion,場面,正式场合需穿正装。,正式な場では正装が必要だ。,Formal attire is required in official occasions.,在正式场合，穿着得体显得尤为重要，体现个人素养。,正式な場面では、身だしなみが特に重要であり、個人の教養を示す。
230,场面,chǎng miàn,scene; occasion,場面,事故场面令人震惊。,事故の現場は衝撃的だった。,The accident scene was shocking.,婚礼的场面庄重而感人，令在场的每个人都深受感染。,結婚式の場面は厳粛で感動的であり、出席者全員が深く感銘を受けた。
231,场所,chǎng suǒ,location; place,場所,找到了合适的场所。,適切な場所を見つけた。,Found a suitable place.,这个场所专门用来举办大型会议和展览活动，设施齐全。,この場所は大型会議や展示会を開催するためのもので、設備が整っている。
232,敞开,chǎng kāi,wide open; to open up,開放する,公司敞开大门欢迎。,会社は門を開けて歓迎している。,The company opens its doors to welcome.,请将窗户敞开通风，以保证室内空气的流通和清新。,換気のために窓を開けて、室内の空気の流れと新鮮さを保ってください。
233,倡导,chàng dǎo,to advocate; to initiate; to propose; to be a proponent of (an idea or school of thought),提唱する,他倡导环保新理念。,彼は環境保護の新しい理念を提唱している。,He advocates new concepts of environmental protection.,环保组织倡导全民参与保护环境，共建绿色家园。,環境保護団体は全市民に環境保護への参加を呼びかけ、緑の家を共に築こうとしている。
234,倡议,chàng yì,to suggest; to initiate; proposal; initiative,提案,会议提出倡议方案。,会議で提案案が出された。,The meeting proposed an initiative plan.,政府提出倡议，鼓励企业加大对科技创新的投入力度。,政府は提案を出し、企業に科学技術革新への投資を拡大するよう奨励している。
235,畅通,chàng tōng,unimpeded; free-flowing; straight path; unclogged; move without obstruction,円滑,交通畅通无阻碍。,交通はスムーズで障害がない。,Traffic is smooth and unobstructed.,交通堵塞严重，急需建设更多道路以保证城市畅通无阻。,交通渋滞が深刻であり、都市のスムーズな流れを確保するためにさらに多くの道路建設が急務だ。
236,畅销,chàng xiāo,best seller; chart-topping,よく売れる,这本书畅销全国。,この本は全国でベストセラーだ。,This book is a bestseller nationwide.,这款新手机自上市以来，因性能优异而畅销全国各地。,この新しい携帯電話は発売以来、優れた性能で全国でよく売れている。
237,超越,chāo yuè,to surpass; to exceed; to transcend,超える,他的成绩超越同学。,彼の成績は同級生を超えている。,His grades surpass those of his classmates.,她的优秀表现不仅超越了同龄人，还赢得了导师的高度评价。,彼女の優れた成績は同年代を超え、指導教官からも高く評価された。
238,钞票,chāo piào,"paper money; a bill (e.g. 100 yuan); CL:张[zhang1] ,扎[za1]",紙幣,他收集各种钞票。,彼は様々な紙幣を収集している。,He collects various banknotes.,老人手中紧握着几张旧钞票，眼中充满了怀旧的神情。,老人は手に数枚の古い紙幣をしっかり握りしめ、目には懐かしさがあふれていた。
239,嘲笑,cháo xiào,jeer; mockery; scoff; sneer; make fun of; laugh at (derogatory),嘲笑う,不要嘲笑别人的失败。,他人の失敗を嘲笑ってはいけない。,Do not mock others' failures.,他因犯了错误而被同事嘲笑，但他并未气馁，继续努力。,彼はミスを犯して同僚に嘲笑されたが、くじけずに努力を続けた。
240,巢穴,cháo xué,lair; nest; den; hideout;,巣穴,老鼠躲进巢穴里。,ネズミは巣穴に隠れた。,The mouse hid in the nest.,老虎在密林中的巢穴深处安静地休息，警惕地观察周围动静。,虎は密林の巣穴の奥深くで静かに休み、周囲の動きを警戒していた。
241,朝代,cháo dài,dynasty; reign (of a king),王朝,秦朝是中国古代朝代。,秦朝は中国の古代王朝だ。,The Qin dynasty is an ancient Chinese dynasty.,中国历史上经历了多个朝代，每个朝代都有独特的文化特色。,中国の歴史では多くの王朝を経ており、それぞれの王朝に独特の文化的特徴がある。
242,潮流,cháo liú,tide; current; trend,潮流,时尚潮流不断变化。,ファッションの流行は絶えず変化している。,Fashion trends are constantly changing.,时尚潮流不断变化，设计师们需紧跟时代的步伐创新作品。,ファッションの潮流は絶えず変化し、デザイナーは時代の流れに合わせて作品を革新する必要がある。
243,撤退,chè tuì,to withdraw; to pull out; to retreat,撤退する,军队有序撤退撤离。,軍隊は秩序正しく撤退した。,The army retreated in an orderly manner.,在敌军强大攻势下，部队不得不有序撤退以保存实力。,敵軍の強力な攻撃の下、部隊は戦力を温存するため秩序ある撤退を余儀なくされた。
244,撤销,chè xiāo,to repeal; to revoke; to undo (computing),撤回,决定被撤销作废。,決定は取り消され無効になった。,The decision was revoked and invalidated.,法院依法撤销了该合同，维护了当事人的合法权益。,裁判所は法に基づき契約を取り消し、当事者の合法的権益を守った。
245,沉淀,chén diàn,to settle; to precipitate (solid sediment out of a solution),沈殿,化学反应产生沉淀。,化学反応で沈殿が生じた。,A precipitate formed in the chemical reaction.,经过长时间的沉淀，公司积累了丰富的管理经验和技术资源。,長期間の積み重ねを経て、会社は豊富な経営経験と技術資源を蓄積した。
246,沉闷,chén mèn,oppressive (of weather); heavy; depressed; not happy,陰鬱な,天气沉闷令人烦躁。,天気が重苦しくてイライラする。,The weather is gloomy and irritating.,雨天使得空气沉闷，令人感到心情烦躁不安。,雨の日は空気が重苦しくなり、気分がイライラして落ち着かない。
247,沉思,chén sī,contemplate; contemplation; meditation; ponder,沈思する,他沉思未来方向。,彼は未来の方向について思いを巡らせた。,He pondered the direction of the future.,他沉思良久，终于找到了问题的根本原因和解决方案。,彼は長く熟考した末に、問題の根本原因と解決策をついに見つけ出した。
248,沉重,chén zhòng,heavy; hard; serious; critical,重い,责任使他感到沉重。,責任が彼に重くのしかかっている。,The responsibility feels heavy to him.,面对沉重的责任，他始终保持冷静，积极应对各种挑战。,重い責任に直面しても、彼は常に冷静さを保ち、積極的に様々な挑戦に対応した。
249,沉着,chén zhuó,steady; calm and collected; not nervous,冷静な,面对危机保持沉着。,危機に直面しても冷静さを保つ。,Remain calm in the face of crisis.,在紧急情况下，他表现得非常沉着，迅速采取了有效措施。,緊急時に彼は非常に落ち着いて行動し、迅速に有効な対策を取った。
250,陈旧,chén jiù,old-fashioned,古臭い,陈旧观念难以接受。,古い考え方は受け入れにくい。,Old-fashioned ideas are hard to accept.,随着时代的发展，许多陈旧的观念逐渐被新的思想所取代。,時代の発展とともに、多くの古臭い観念は徐々に新しい思想に取って代わられている。
251,陈列,chén liè,to display; to exhibit,陳列,商品陈列吸引顾客。,商品の陳列は顧客を引きつける。,The product display attracts customers.,博物馆里陈列着丰富的历史文物，展示了不同朝代的文化特色。,博物館には豊富な歴史的な文物が陳列されており、さまざまな王朝の文化的特徴を展示している。
252,陈述,chén shù,an assertion; to declare; to state,陳述,他详细陈述了事实。,彼は事実を詳しく述べた。,He elaborated on the facts in detail.,他在法庭上详细陈述了事情的经过，力求让真相大白于天下。,彼は法廷で事の経緯を詳細に陳述し、真実を世に明らかにしようと努めた。
253,称心如意,chèn xīn rú yì,after one's heart (idiom); gratifying and satisfactory; everything one could wish,満足,这次旅行称心如意。,今回の旅行は満足のいくものだった。,This trip was satisfactory and enjoyable.,这次的工作安排完全称心如意，符合我的职业发展规划。,今回の仕事の配属はまったく自分の希望通りで、私のキャリアプランに合っている。
254,衬托,chèn tuō,to set off;,引き立てる,背景衬托主角光彩。,背景が主役の輝きを引き立てる。,The background highlights the protagonist's brilliance.,背景的淡雅色彩很好地衬托了主体物的鲜明和生动。,背景の淡い色調が主題物の鮮明さと生き生きとした様子をうまく引き立てている。
255,称号,chēng hào,name; term of address; title,称号,他获得最佳演员称号。,彼は最優秀俳優の称号を得た。,He received the title of Best Actor.,他因在科研领域的突出贡献被授予了国家级科学家称号。,彼は研究分野での卓越した貢献により国家レベルの科学者の称号を授与された。
256,乘,chéng,to ride; to mount; to make use of; to avail oneself of; to take advantage of; to multiply (mathematics); Buddhist sect or creed,乗る,乘车去机场很方便。,車で空港へ行くのはとても便利だ。,Taking a car to the airport is very convenient.,我们决定乘夜班火车前往目的地，以节省时间和住宿费用。,私たちは夜行列車に乗って目的地へ向かうことに決め、時間と宿泊費を節約した。
257,呈现,chéng xiàn,to appear; to emerge; to present (a certain appearance); demonstrate,呈現,展览呈现多样艺术。,展示会は多様な芸術を呈示している。,The exhibition presents diverse forms of art.,会议现场呈现出热烈的讨论氛围，大家积极发表自己的观点。,会議の現場は熱烈な議論の雰囲気が呈現され、皆が積極的に自分の意見を述べていた。
258,城堡,chéng bǎo,castle; rook (chess piece),城堡,古老城堡吸引游客。,古い城は観光客を引きつける。,The ancient castle attracts tourists.,古老的城堡矗立在山顶，见证了千百年来的风霜变迁。,古い城堡が山頂にそびえ立ち、千年以上の風雪の変遷を見守ってきた。
259,惩罚,chéng fá,punishment; penalty; to punish,懲罰,违规者受到严厉惩罚。,違反者は厳しい罰を受ける。,Violators receive severe punishment.,对于违反规章制度的员工，公司将依法进行严厉惩罚以儆效尤。,規則を違反した社員に対して、会社は法律に基づいて厳しく処罰し、見せしめとする。
260,成本,chéng běn,"(manufacturing, production etc) costs",コスト,降低生产成本很重要。,生産コストを下げることはとても重要だ。,Reducing production costs is very important.,企业不断优化生产流程，降低成本，提高市场竞争力。,企業は生産プロセスを絶えず最適化し、コストを削減し、市場競争力を高めている。
261,成交,chéng jiāo,to complete a contract; to reach a deal,成立,合同终于成功成交。,契約はついに成功裏に成立した。,The contract was finally successfully concluded.,经过多轮谈判，双方终于成功成交了一笔价值数百万的合同。,何度もの交渉を経て、双方はついに数百万の価値がある契約を成立させた。
262,成天,chéng tiān,(coll.) all day long; all the time,一日中,他成天忙于工作。,彼は一日中仕事に忙しい。,He is busy with work all day long.,他成天忙于工作，几乎没有时间陪伴家人和朋友。,彼は一日中仕事に忙しく、ほとんど家族や友人と過ごす時間がない。
263,成效,chéng xiào,effect; result,効果,新政策取得显著成效。,新しい政策は顕著な成果を上げた。,The new policy achieved remarkable results.,这项新政策实施以来，已经取得了显著的成效，改善了民众生活。,この新しい政策は実施以来、顕著な効果を上げており、国民の生活を改善した。
264,成心,chéng xīn,intentional; deliberate; on purpose,故意,他成心制造麻烦。,彼はわざとトラブルを起こした。,He deliberately caused trouble.,他成心隐瞒了重要信息，导致项目出现了严重的失误。,彼は故意に重要な情報を隠しており、そのためプロジェクトに重大なミスが生じた。
265,成员,chéng yuán,member,メンバー,团队成员紧密合作。,チームのメンバーは緊密に協力している。,Team members cooperate closely.,这个项目团队由十名成员组成，涵盖了多种专业技能。,このプロジェクトチームは10名のメンバーで構成されており、多様な専門スキルを網羅している。
266,承办,chéng bàn,to undertake; to accept a contract,承办,公司承办大型会议。,会社は大規模な会議を主催した。,The company hosted a large-scale conference.,公司承办了此次国际会议，负责场地安排和后勤保障工作。,会社は今回の国際会議を承辦し、会場の手配や後方支援業務を担当した。
267,承包,chéng bāo,to contract; to undertake (a job),請け負う,他们承包了工程项目。,彼らは工事プロジェクトを請け負った。,They contracted the engineering project.,这家建筑公司承包了市中心多个大型项目，经验丰富且信誉良好。,この建設会社は市中心の複数の大型プロジェクトを請け負っており、経験豊富で信用も良い。
268,承诺,chéng nuò,to promise; to undertake to do something; commitment,約束,他承诺按时完成任务。,彼は期限通りに任務を完了すると約束した。,He promised to complete the task on time.,他向公众承诺将严格遵守环保法规，推动绿色发展。,彼は公衆に対して環境保護の法律を厳守し、グリーン発展を推進することを約束した。
269,橙,chéng,"orange (fruit, color)",オレンジ,橙色代表温暖活力。,オレンジ色は温かさと活力を表す。,Orange represents warmth and vitality.,秋天成熟的橙子色泽鲜艳，味道酸甜可口，深受欢迎。,秋に熟したオレンジは色鮮やかで、味は甘酸っぱくて美味しく、とても人気がある。
270,澄清,chéng qīng,clear (of liquid); limpid; to clarify; to make sth clear; to be clear (about the facts),澄清,澄清误会很重要。,誤解を解くことはとても重要だ。,Clarifying misunderstandings is very important.,为了澄清误会，公司发布了详细的声明以正本清源。,誤解を解くために、会社は詳細な声明を発表し、事実を明らかにした。
271,盛,chéng,to hold; to contain; to ladle; pick up with a utensil,盛大,盛宴吸引无数宾客。,盛大な宴会は数えきれないほどの客を引きつけた。,The grand feast attracted countless guests.,节日期间，商场内盛装打扮的顾客络绎不绝，气氛热烈。,祝祭期間中、デパート内は盛装した客で絶え間なく賑わい、雰囲気は熱気に満ちている。
272,诚挚,chéng zhì,sincere; cordial,誠実,他态度诚挚感人。,彼の態度は誠実で感動的だ。,His attitude is sincere and touching.,他以诚挚的态度向老师表达了感谢和敬意。,彼は誠実な態度で先生に感謝と敬意を表した。
273,秤,chèng,steelyard; Roman balance; CL:台[tai2],秤,用秤称水果重量。,秤を使って果物の重さを量る。,Use a scale to weigh the fruit.,农民用传统的秤称量农产品，确保公平交易。,農民は伝統的な秤を使って農産物を計量し、公正な取引を確保している。
274,吃苦,chī kǔ,to bear; hardships,苦労する,吃苦耐劳是优点。,苦労に耐えることは長所だ。,Endurance and hard work are virtues.,只有经历过吃苦的人才能真正体会到成功的来之不易。,苦労を経験した人だけが、成功の容易ならざることを真に理解できる。
275,吃力,chī lì,entail strenuous effort; be a strain,骨が折れる,搬运重物很吃力。,重い物を運ぶのはとても大変だ。,Carrying heavy objects is very strenuous.,搬运重物是一件非常吃力的工作，需要耐力和技巧。,重い物を運ぶのは非常に骨の折れる仕事で、耐久力と技術が必要だ。
276,持久,chí jiǔ,lasting; enduring; persistent; permanent; protracted; endurance; persistence; to last long,持続的,持久的努力终有回报。,持続的な努力は必ず報われる。,Persistent effort will eventually be rewarded.,持久的努力最终换来了理想的成果和社会的认可。,持続的な努力は最終的に理想的な成果と社会の認知をもたらした。
277,迟钝,chí dùn,slow in one's reactions; sluggish (in movement or thought);,鈍い,他反应迟钝需训练。,彼は反応が鈍く訓練が必要だ。,He has slow reactions and needs training.,他反应迟钝，难以及时应对突发状况，影响了工作效率。,彼は反応が鈍く、突発的な状況に迅速に対応できず、仕事の効率に影響を与えた。
278,迟缓,chí huǎn,slow; sluggish,遅い,行动迟缓影响效率。,行動が遅いと効率に影響する。,Slow actions affect efficiency.,由于交通堵塞，救护车的行驶速度变得迟缓，延误了救援时间。,交通渋滞のため、救急車の走行速度が遅くなり、救援時間が遅れた。
279,迟疑,chí yí,to hesitate,ためらう,他迟疑是否接受邀请。,彼は招待を受けるかどうか迷っている。,He hesitates whether to accept the invitation.,面对重要决定，他显得有些迟疑，不知道该如何选择。,重要な決定に直面して、彼はややためらっており、どう選べばよいかわからない様子だった。
280,赤道,chì dào,equator (of the earth or astronomical body),赤道,赤道气候炎热潮湿。,赤道の気候は暑く湿っている。,The equatorial climate is hot and humid.,赤道地区气候炎热，雨量充沛，适合多种热带作物生长。,赤道地域は気候が暑く、降雨量が豊富で、多様な熱帯作物の成長に適している。
281,赤字,chì zì,(financial) deficit; red letter,赤字,公司今年出现赤字。,会社は今年赤字を出した。,The company ran a deficit this year.,公司今年的财务报告显示出现了赤字，需采取措施改善经营状况。,会社の今年の財務報告は赤字を示しており、経営状況を改善するための対策が必要だ。
282,充当,chōng dāng,to serve as; to act as; to play the role of,務める,他充当项目协调人。,彼はプロジェクトの調整役を務めている。,He acts as the project coordinator.,在项目中，他充当了协调者的角色，促进了各部门的合作。,プロジェクトで彼は調整役を務め、各部署の協力を促進した。
283,充沛,chōng pèi,abundant; plentiful; vigorous,豊富,资源充沛利于发展。,資源が豊富で発展に有利だ。,Abundant resources are beneficial for development.,这座城市水资源充沛，支持了农业和工业的持续发展。,この都市は水資源が豊富で、農業と工業の持続的発展を支えている。
284,充实,chōng shí,rich; substantial; enrich; substantiate,充実,生活充实令人满足。,充実した生活は満足感をもたらす。,A fulfilling life brings satisfaction.,丰富的阅读经历让他的知识储备更加充实，思维也更加开阔。,豊富な読書経験のおかげで彼の知識はより充実し、思考も広がった。
285,充足,chōng zú,adequate; sufficient; abundant,十分,资金充足支持计划。,資金が十分にあり計画を支えている。,Sufficient funds support the plan.,为了应对市场需求，公司准备了充足的库存和资金储备。,市場の需要に対応するために、会社は十分な在庫と資金の準備をしている。
286,冲动,chōng dòng,impetus; impulse; emotional impulse; impulsive,衝動,冲动购物后悔不已。,衝動買いして後悔している。,I regret impulsive shopping.,冲动购物往往导致经济压力，理性消费更为重要。,衝動買いはしばしば経済的負担を招くため、理性的な消費がより重要である。
287,冲击,chōng jī,an attack; under attack; a shock,衝撃,冲击波摧毁建筑物。,衝撃波が建物を破壊した。,The shockwave destroyed the building.,新技术的冲击使传统产业面临转型和升级的压力。,新技術の衝撃により、伝統産業は転換とアップグレードの圧力に直面している。
288,冲突,chōng tū,conflict; to conflict; clash of opposing forces; collision (of interests); contention,衝突,两国发生严重冲突。,両国は深刻な衝突を起こした。,The two countries had a serious conflict.,文化差异引发的冲突需要通过沟通和理解加以化解。,文化の違いによって引き起こされる衝突は、コミュニケーションと理解を通じて解決すべきである。
289,崇拜,chóng bài,to worship; adoration,崇拝,他崇拜古代哲学家。,彼は古代の哲学者を崇拝している。,He worships ancient philosophers.,许多年轻人对偶像的崇拜表现出强烈的热情和执着。,多くの若者はアイドルへの崇拝に強い情熱と執着を示している。
290,崇高,chóng gāo,majestic; sublime,崇高,崇高理想激励人心。,崇高な理想が人々を鼓舞する。,Noble ideals inspire people.,他的行为体现了崇高的理想和无私的奉献精神。,彼の行動は崇高な理想と無私の奉仕精神を体現している。
291,崇敬,chóng jìng,to revere; high esteem,敬愛,学生崇敬老师榜样。,学生は先生の模範を崇敬している。,Students admire their teacher as a role model.,我们对先辈的崇敬之情激励着不断前行的动力。,私たちは先人への崇敬の念によって前進し続ける原動力を得ている。
292,重叠,chóng dié,"to overlap; to superimpose; to telescope; to run together; to duplicate; one over another; superposition; an overlap; redundancy; reduplication (in Chinese grammar, e.g. 散散步[san4 san4 bu4] to have a stroll)",重なる,层层重叠构成结构。,層が重なり合って構造を形成している。,Layers overlap to form the structure.,这两层建筑的设计存在部分重叠，需要重新规划以避免资源浪费。,この二つの建物の設計には部分的な重複があり、資源の無駄を避けるため再計画が必要だ。
293,稠密,chóu mì,dense,密集,人口稠密城市拥挤。,人口密度の高い都市は混雑している。,Densely populated cities are crowded.,城市人口稠密，公共设施面临较大的使用压力和维护挑战。,都市の人口は密集しており、公共施設は大きな使用圧力と維持の課題に直面している。
294,筹备,chóu bèi,preparations; to get ready for sth,準備,筹备活动需细心策划。,活動の準備には細心の計画が必要だ。,Preparing the event requires careful planning.,活动筹备工作已经进入最后阶段，确保各项细节无误。,イベントの準備作業は最終段階に入り、すべての細部が間違いないようにしている。
295,丑恶,chǒu è,ugly; repulsive,醜悪,丑恶现象必须根除。,醜悪な現象は必ず根絶しなければならない。,Ugly phenomena must be eradicated.,他的丑恶行为被曝光后，受到了社会的强烈谴责。,彼の醜悪な行為が暴露された後、社会から強い非難を受けた。
296,出路,chū lù,a way out (of a difficulty etc),出口,找到人生出路不易。,人生の道を見つけるのは簡単ではない。,Finding one’s path in life is not easy.,面对困境，我们必须寻找新的出路，开拓创新思维。,困難に直面して、私たちは新たな道を探し、革新的な考えを切り開かなければならない。
297,出卖,chū mài,to offer for sale; to sell; to sell out or betray,売る,他出卖了家族秘密。,彼は家族の秘密を売り渡した。,He betrayed the family secret.,他出卖了同伴的秘密，导致团队信任关系破裂。,彼は仲間の秘密を売り渡し、チームの信頼関係を破壊した。
298,出身,chū shēn,family background; class origin,出身,他的出身影响人生。,彼の出身が人生に影響を与えた。,His background influenced his life.,她出身于普通工人家庭，却通过努力实现了人生梦想。,彼女は普通の労働者家庭の出身だが、努力によって人生の夢を実現した。
299,出神,chū shén,entranced; Trance (music genre),夢中,他出神看着远方。,彼はぼんやりと遠くを見つめていた。,He was gazing absentmindedly into the distance.,他听到音乐后陷入出神的状态，仿佛进入了另一个世界。,彼は音楽を聞くと夢中になり、まるで別の世界に入ったかのようだった。
300,出息,chū xi,promise; prospects; future,将来性,孩子很有出息潜力。,子どもは将来有望である。,The child has great potential.,年轻人应当努力学习和积累经验，才能有出息和未来。,若者は努力して学び経験を積むべきであり、そうしてこそ将来有望になる。
301,初步,chū bù,initial; preliminary; tentative,初歩,我们进行了初步调查。,私たちは予備調査を行いました。,We conducted a preliminary investigation.,项目的初步设计已经完成，但还需要进一步完善细节。,プロジェクトの初歩的な設計はすでに完成したが、さらに詳細を改善する必要がある。
302,除,chú,to get rid of; to remove; to exclude; to eliminate; to wipe out; to divide; except; not including,除去,请除掉桌上的杂物。,テーブルの上の雑物を取り除いてください。,Please remove the clutter on the table.,我们必须除去所有潜在的安全隐患，确保生产顺利进行。,私たちはすべての潜在的な安全リスクを除去し、生産を順調に進めなければならない。
303,储备,chǔ bèi,to store up; reserves,備蓄,国家储备粮食充足。,国家の備蓄穀物は十分です。,The national reserve grain is sufficient.,国家储备粮食对于应对突发事件具有重要意义。,国家の備蓄穀物は突発的な事態に対応する上で重要な意義を持っている。
304,储存,chǔ cún,stockpile; to store; to stockpile; storage,保存,信息已安全储存。,情報は安全に保存されています。,The information has been securely stored.,为了保证食品新鲜，他把水果储存在冰箱里。,食品の新鮮さを保つために、彼は果物を冷蔵庫に保存した。
305,储蓄,chǔ xù,to deposit money; to save; savings,貯蓄,他每月坚持储蓄。,彼は毎月貯金を続けています。,He insists on saving money every month.,年轻人应该养成良好的储蓄习惯，以备不时之需。,若者は良い貯蓄習慣を身につけて、いざという時に備えるべきだ。
306,处分,chǔ fèn,to discipline sb; to punish; disciplinary action; to deal with (a matter); CL:个,処分,公司对违规者处分。,会社は違反者を処分します。,The company punishes violators.,公司对违反规定的员工进行了严厉的处分。,会社は規則を違反した社員に対して厳しい処分を行った。
307,处境,chǔ jìng,plight; unfavorable situation,立場,他处境非常困难。,彼の立場は非常に困難です。,His situation is very difficult.,他在失业后面临着非常困难的处境，但依然保持乐观。,彼は失業後非常に困難な境遇に直面しているが、それでも楽観的でいる。
308,处置,chǔ zhì,to handle; to take care of; to punish,処置,事故现场迅速处置。,事故現場は迅速に処理されました。,The accident site was dealt with promptly.,遇到突发事件时，领导迅速做出正确的处置非常关键。,突発的な事件に遭遇した際、リーダーが迅速に正しい処置を行うことが非常に重要だ。
309,触犯,chù fàn,to offend; to violate; to go against,違反,触犯法律后果严重。,法律を犯すと結果は深刻です。,The consequences of breaking the law are serious.,他无意中触犯了公司规定，结果被警告了一次。,彼はうっかり会社の規則に触れてしまい、結果として一度警告を受けた。
310,川流不息,chuān liú bù xī,the stream flows without stopping (idiom); unending flow,絶え間ない流れ,车流川流不息。,車の流れは絶え間なく続いています。,The traffic flows continuously.,这条高速公路上车辆川流不息，交通非常繁忙。,この高速道路では車が絶え間なく流れており、交通が非常に混雑している。
311,穿越,chuān yuè,to pass through; to cross; to overcome,越える,穿越沙漠很危险。,砂漠を横断するのはとても危険です。,Crossing the desert is very dangerous.,探险队成功穿越了那片无人区，完成了任务。,探検隊はあの無人地帯を無事に横断し、任務を完了した。
312,传达,chuán dá,to pass on; to convey; to relay; to transmit; transmission,伝達,会议内容已传达。,会議の内容はすでに伝達されました。,The meeting content has been conveyed.,经理通过邮件传达了公司最新的政策调整。,マネージャーはメールを通じて会社の最新の政策変更を伝達した。
313,传单,chuán dān,leaflet; flier; pamphlet,チラシ,商店发放传单。,店はチラシを配っています。,The store distributes flyers.,志愿者们在街头发放宣传传单，呼吁环保意识。,ボランティアたちは街頭で宣伝チラシを配り、環境保護意識を呼びかけた。
314,传授,chuán shòu,to impart; to pass on; to teach,伝授,老师传授技能。,先生は技能を教え授けます。,The teacher imparts skills.,老师耐心地向学生传授了复杂的数学概念。,先生は複雑な数学の概念を生徒に根気よく伝授した。
315,船舶,chuán bó,shipping; boats,船舶,港口停靠多艘船舶。,港には多くの船舶が停泊しています。,Many ships are docked at the port.,现代船舶采用了先进的导航系统，提高了安全性。,現代の船舶は先進的な航行システムを採用し、安全性を高めている。
316,喘气,chuǎn qì,to breathe deeply; to pant,息切れ,跑步后喘气急促。,走った後、息が荒くなります。,"After running, breathing becomes rapid.",爬山后，他坐下来休息，深深地喘气调整呼吸。,山登りの後、彼は座って休み、深く息を切らして呼吸を整えた。
317,串,chuàn,to string together; to mix up; to conspire; to rove; bunch or cluster; string (computing); classifier for rows or strings,串,买了一串葡萄。,ぶどうを一房買いました。,I bought a bunch of grapes.,一串串红彤彤的灯笼挂满了整个街道，节日气氛浓厚。,赤く輝く提灯が一串ずつ通り全体に掛けられ、祭りの雰囲気が濃厚だ。
318,床单,chuáng dān,"sheet (bed); CL:条[tiao2] ,件[jian4] ,张[zhang1] ,床[chuang2]",シーツ,换洗干净床单。,洗い替えのきれいなシーツに替えます。,Change to clean spare bed sheets.,她换上了干净的床单，确保睡眠环境卫生整洁。,彼女は清潔なシーツに替え、睡眠環境を衛生的で整然と保った。
319,创立,chuàng lì,to found; to establish; originate,創立,公司于2000年创立。,会社は2000年に設立されました。,The company was founded in 2000.,他创立了自己的公司，开始了创业之路。,彼は自分の会社を創立し、起業の道を歩み始めた。
320,创新,chuàng xīn,innovation; to bring forth new ideas; to blaze new trails,革新,技术创新推动发展。,技術革新が発展を促進します。,Technological innovation drives development.,只有不断创新，企业才能在市场中保持竞争力。,絶えず革新することで、企業は市場で競争力を保つことができる。
321,创业,chuàng yè,to begin an undertaking; to start a major task; to initiate; to venture; venture,起業,他计划创业开店。,彼は起業して店を開く計画を立てています。,He plans to start a business and open a store.,创业初期面临许多困难，但他从未放弃梦想。,起業初期には多くの困難に直面したが、彼は夢を決して諦めなかった。
322,创作,chuàng zuò,to create; to produce; to write; creative work; creation; CL:个,創作,作家创作新小说。,作家は新しい小説を創作しています。,The writer is creating a new novel.,这位作家以丰富的想象力创作了多部优秀作品。,この作家は豊かな想像力で多くの優れた作品を創作した。
323,吹牛,chuī niú,to brag; to chat (dialect),自慢,他喜欢吹牛。,彼は自慢話をするのが好きです。,He likes to brag.,他喜欢在朋友面前吹牛，但大家都知道他说的是夸张的话。,彼は友人の前で自慢話をするのが好きだが、皆は彼の話が誇張だと知っている。
324,吹捧,chuī pěng,to flatter; to laud sb's accomplishments; adulation,おだてる,不要轻易吹捧别人。,他人を軽々しくおだててはいけません。,Do not flatter others lightly.,为了讨好领导，他不断吹捧上司的工作能力。,上司に気に入られようと、彼は上司の仕事能力を絶えず持ち上げている。
325,炊烟,chuī yān,smoke from kitchen chimneys;,炊煙,村庄升起炊烟。,村には煙が立ち上っています。,Smoke rises from the village.,傍晚时分，炊烟袅袅升起，村庄显得格外宁静。,夕方になると炊煙がゆらゆらと上がり、村はひときわ静かに見えた。
326,垂直,chuí zhí,perpendicular; vertical,垂直,墙壁与地面垂直。,壁は床と垂直です。,The wall is perpendicular to the floor.,这根柱子必须垂直安装，保证建筑结构的稳定性。,この柱は垂直に設置しなければならず、建築構造の安定性を保証する。
327,锤,chuí,hammer; to hammer into shape; weight (e.g. of a steelyard or balance),ハンマー,用锤子敲钉子。,ハンマーで釘を打ちます。,Use a hammer to hit the nail.,工人用锤子敲打铁钉，确保木板牢固连接。,作業員はハンマーで釘を打ち、木板をしっかりと接続した。
328,纯粹,chún cuì,purely,純粋,他的动机很纯粹。,彼の動機はとても純粋です。,His motive is very pure.,他的动机非常纯粹，完全是出于对公益事业的热爱。,彼の動機は非常に純粋で、完全に公益事業への愛から来ている。
329,纯洁,chún jié,pure; clean and honest; to purify,清純,她的心灵纯洁。,彼女の心は清らかです。,Her soul is pure.,她拥有一颗纯洁善良的心，从不做伤害他人的事。,彼女は純潔で優しい心を持ち、決して他人を傷つけることはしない。
330,慈善,cí shàn,benevolent; charitable;,慈善,组织举行慈善活动。,組織は慈善活動を開催します。,The organization holds charity events.,这家慈善机构长期帮助贫困儿童改善生活条件。,この慈善団体は長期にわたり貧しい子供たちの生活環境を改善する支援を行っている。
331,慈祥,cí xiáng,kindly; benevolent (often of older person),優しい,老人慈祥和蔼。,老人は慈愛に満ちて親しみやすいです。,The old man is kind and amiable.,老奶奶慈祥的笑容让每个孩子都感到温暖安心。,おばあさんの慈愛に満ちた笑顔は、子供たちに温かさと安心感を与えた。
332,磁带,cí dài,"magnetic tape; CL:盘[pan2] ,盒[he2]",カセット,旧磁带已不能用。,古いカセットテープはもう使えません。,The old cassette tape can no longer be used.,以前我们用磁带录音，现在已经被数字设备取代了。,以前は磁気テープで録音していたが、今ではデジタル機器に取って代わられている。
333,雌雄,cí xióng,male and female,雄雌,鸟类分雌雄。,鳥類はオスとメスに分かれています。,Birds are divided into male and female.,这部电影探讨了雌雄同体的生物进化问题。,この映画は雌雄同体の生物の進化問題を探求している。
334,伺候,cì hòu,to serve; to act as a valet,世話,护士细心伺候病人。,看護師は細心の注意を払って患者の世話をします。,The nurse carefully attends to the patient.,护士细心地伺候病人，确保他们得到良好的照顾。,看護師は細心に患者の世話をし、良いケアを受けられるようにしている。
335,刺,cì,thorn; splinter; to stab; to pierce; to prick,刺す,玫瑰有很多刺。,バラにはたくさんのとげがあります。,Roses have many thorns.,荆棘上的刺划破了他的手指，疼痛难忍。,茨の刺が彼の指を切り裂き、耐え難い痛みを感じた。
336,次品,cì pǐn,substandard products; defective; seconds,不良品,次品必须退货。,不良品は必ず返品しなければなりません。,Defective products must be returned.,这批产品中发现了一些次品，需要返工处理。,このロットの製品の中に不良品が見つかり、再加工が必要だ。
337,次序,cì xù,sequence; order,順序,请按次序排队。,順番に並んでください。,Please line up in order.,请按照次序排队，避免发生混乱和冲突。,順序に従って列に並んでください。混乱や衝突を避けるためです。
338,丛,cóng,cluster; collection; collection of books; thicket,群れ,丛林中鸟声嘹亮。,ジャングルの中で鳥の声が響き渡っています。,Birdsong is loud in the jungle.,树林中长满了茂密的丛生植物，生态环境良好。,林の中には茂った群生植物が生い茂り、生態環境は良好だ。
339,从容,cóng róng,to go easy; unhurried; calm; Taiwan pr. [cong1 rong2];,落ち着く,他态度从容不迫。,彼は態度が落ち着いていて慌てません。,He is calm and unhurried in attitude.,面对紧张的局面，他表现得非常从容不迫。,緊迫した状況に直面しても、彼は非常に落ち着いて冷静に振る舞った。
340,凑合,còu he,to bring together; to make do in a bad situation; to just get by; to improvise; passable; not too bad,まあまあ,饭菜凑合吃吧。,料理はまあまあで食べましょう。,Let's eat the food as it is.,虽然条件简陋，但大家都凑合着完成了任务。,条件は粗末だったが、みんなで何とかやりくりして任務を完遂した。
341,粗鲁,cū lǔ,crude; coarse; rough,粗野,他的行为很粗鲁。,彼の行動はとても粗野です。,His behavior is very rude.,他的言行粗鲁，常常让周围的人感到不舒服。,彼の言動は粗野で、周囲の人々をしばしば不快にさせる。
342,窜,cuàn,to flee; to scuttle; to exile or banish; to amend or edit,逃げる,罪犯仓皇窜逃。,犯人は慌てて逃げ出しました。,The criminal fled in panic.,小偷见势不妙，迅速窜入了黑暗的小巷中消失无踪。,泥棒は状況がまずいと見て、素早く暗い路地に逃げ込み、姿を消した。
343,摧残,cuī cán,to ravage; to ruin,破壊,战争摧残了家园。,戦争は故郷を破壊しました。,The war devastated the homeland.,战争严重摧残了这个地区的基础设施和人民生活。,戦争はこの地域のインフラと人々の生活を深刻に破壊した。
344,脆弱,cuì ruò,weak; frail,脆弱,情感十分脆弱。,感情は非常に脆弱です。,Emotions are very fragile.,她的身体非常脆弱，需要特别的护理和保护。,彼女の身体は非常に脆弱で、特別なケアと保護が必要だ。
345,搓,cuō,to rub or roll between the hands or fingers; to twist,こする,用手搓衣服。,手で服をこすります。,Rub the clothes by hand.,妈妈用双手搓揉面团，准备做美味的面包。,母は両手で生地をこね、美味しいパンを作る準備をしている。
346,磋商,cuō shāng,to consult; to discuss seriously; to negotiate; to confer; negotiations; consultations,協議,双方正磋商细节。,双方は細部について協議しています。,Both sides are negotiating the details.,双方经过多次磋商，终于达成了合作协议。,双方は何度も協議を重ね、ついに協力協定に達した。
347,挫折,cuò zhé,setback; reverse; check; defeat; frustration; disappointment; to frustrate; to discourage; to set sb back; to blunt; to subdue,挫折,经历挫折后更坚强。,挫折を経験した後、より強くなりました。,"After experiencing setbacks, he became stronger.",面对挫折，他没有气馁，反而更加努力奋斗。,挫折に直面しても彼はくじけず、むしろ一層努力して奮闘した。
348,搭,dā,"to put up; to build (scaffolding); to hang (clothes on a pole); to connect; to join; to arrange in pairs; to match; to add; to throw in (resources); to take (boat, train)",乗せる,顺路搭我一程。,道すがら乗せてください。,Give me a ride along the way.,他搭了把手，帮助老人过马路。,彼は手を差し伸べて、お年寄りが道路を渡るのを助けた。
349,搭档,dā dàng,to cooperate; partner,パートナー,他是我的搭档。,彼は私のパートナーです。,He is my partner.,他们是默契的搭档，合作完成了许多重要项目。,彼らは息の合ったパートナーで、多くの重要なプロジェクトを協力して成し遂げた。
350,搭配,dā pèi,to pair up; to match; to arrange in pairs; to add sth into a group,組み合わせ,颜色搭配很协调。,色の組み合わせがとても調和しています。,The color matching is very harmonious.,这款软件可以帮助用户搭配不同的服装风格。,このソフトはユーザーがさまざまな服装のスタイルを組み合わせるのを助けることができる。
351,答辩,dá biàn,to reply (to an accusation),答弁,他在答辩会上表现出色。,彼は答弁会で優れたパフォーマンスを見せた。,He performed excellently at the defense meeting.,毕业论文答辩时，他用详实的数据和逻辑严密的论证成功说服了评委。,卒業論文の答弁の際、彼は詳細なデータと論理的に緻密な論証で審査員を見事に説得した。
352,答复,dá fù,to answer; to reply; Reply to: (in email header),返答,请尽快答复我的邮件。,できるだけ早く私のメールに返信してください。,Please reply to my email as soon as possible.,公司对客户的投诉迅速答复，体现了良好的服务态度和专业素养。,会社は顧客からの苦情に迅速に答復し、良好なサービス態度と専門的な素養を示した。
353,达成,dá chéng,to reach (an agreement); to accomplish,達成,双方终于达成协议。,双方はついに合意に達した。,Both parties finally reached an agreement.,双方经过多轮谈判，最终达成了互利共赢的合作协议。,双方は何度も交渉を重ね、最終的に互恵互利の協力協定を締結した。
354,打包,dǎ bāo,to wrap; to pack; to ask for a doggy bag (at a restaurant),梱包,请帮我打包这些礼物。,これらのプレゼントを包むのを手伝ってください。,Please help me pack these gifts.,旅行结束后，他把所有衣物都打包好，准备第二天一早出发。,旅行が終わった後、彼はすべての衣類をきちんとパッキングし、翌朝早く出発する準備をした。
355,打官司,dǎ guān si,to file a lawsuit; to sue; to dispute,訴訟,他们因合同纠纷打官司。,彼らは契約の紛争で訴訟を起こした。,They are suing each other over a contract dispute.,由于合同纠纷，公司不得不通过法律途径打官司维护自身权益。,契約のトラブルにより、会社は法的手段で訴訟を起こし、自らの権益を守らなければならなかった。
356,打击,dǎ jī,to hit; to strike; to attack; to crack down on sth; a setback; a blow; percussion (music),打撃,经济危机严重打击企业。,経済危機は企業に深刻な打撃を与えた。,The economic crisis severely hit the enterprises.,政府出台新政策，严厉打击非法集资行为，保障金融市场稳定。,政府は新しい政策を打ち出し、違法な資金集め行為を厳しく取り締まり、金融市場の安定を保障した。
357,打架,dǎ jià,to fight; to scuffle; to come to blows; CL:场[chang2],喧嘩,他们在街上打架了。,彼らは街で喧嘩をした。,They fought on the street.,校园内发生打架事件，学校立即介入并加强了安全管理措施。,キャンパス内での喧嘩事件が発生し、学校は直ちに介入して安全管理措置を強化した。
358,打量,dǎ liang,to size sb up; to take measure of; to suppose; to reckon,見定める,他仔细打量对方。,彼は相手をじっくりと見つめた。,He carefully sized up the other person.,他打量了新来的同事一番，觉得他十分有潜力和责任心。,彼は新しく入った同僚をじっくり観察し、非常に潜在能力と責任感があると感じた。
359,打猎,dǎ liè,to go hunting,狩猟,他喜欢冬天去打猎。,彼は冬に狩りに行くのが好きだ。,He likes to go hunting in winter.,每到秋天，村里的猎人都会组织打猎活动，补充家庭食物储备。,秋になると、村の猟師たちは狩猟活動を組織して、家族の食糧備蓄を補充する。
360,打仗,dǎ zhàng,to fight a battle; to go to war,戦争,古代人民经常打仗。,古代の人々はよく戦争をした。,Ancient people often fought wars.,历史书中详细记载了古代民族之间的打仗过程和战争策略。,歴史書には古代民族間の戦争過程と戦略が詳細に記録されている。
361,大不了,dà bù liǎo,at worst; if worst comes to worst; serious; alarming,大したことない,这次失误大不了一次。,今回のミスは大したことではない。,This mistake is no big deal.,如果事情真的发展到那个地步，我也只能大不了亲自去解决了。,もし事態が本当にそこまで進んだら、私もせいぜい自分で解決するしかない。
362,大臣,dà chén,minister (of a monarchy),大臣,大臣们参加了会议。,大臣たちは会議に参加した。,The ministers attended the meeting.,古代帝王身边的大臣不仅辅佐治理国家，还负责传达皇命。,古代の皇帝の側近である大臣は、国家の治世を補佐するだけでなく、皇帝の命令を伝える役割も担っていた。
363,大伙儿,dà huǒ r,everybody; everyone; we all,みんな,大伙儿一起去旅行。,みんなで一緒に旅行に行く。,Everyone goes on a trip together.,大伙儿齐心协力，把社区环境打扫得干干净净。,みんなで力を合わせて、地域の環境をきれいに掃除した。
364,大肆,dà sì,wantonly; without restraint (of enemy or malefactor); unbridled,大々的に,他大肆宣传新产品。,彼は新製品を大々的に宣伝した。,He heavily promoted the new product.,商家在节日期间大肆促销，吸引了大量消费者前来购物。,商店は祝祭期間中に大々的なセールを行い、多くの消費者を引きつけた。
365,大体,dà tǐ,in general; more or less; in rough terms; basically; on the whole,概略,请说一下大体情况。,大体の状況を話してください。,Please describe the general situation.,他对这次项目的进展情况有了一个大体的了解，准备做下一步计划。,彼は今回のプロジェクトの進捗状況を大体把握し、次の計画を立てようとしている。
366,大意,dà yì,general idea; main idea,不注意,他因大意丢了钱包。,彼は不注意で財布をなくした。,He lost his wallet due to carelessness.,由于工作忙碌，他在会议中不小心犯了大意的错误，导致项目延迟。,仕事が忙しくて、彼は会議中にうっかり大意なミスを犯し、プロジェクトの遅延を招いた。
367,大致,dà zhì,more or less; roughly; approximately,おおよそ,大致时间是下午三点。,おおよその時間は午後3時です。,The approximate time is 3 p.m.,根据调查结果，大致可以确定市场需求将持续增长。,調査結果によれば、市場の需要は大体持続的に増加すると見込まれる。
368,歹徒,dǎi tú,evil-doer; malefactor; gangster; hoodlum,悪党,警察抓住了歹徒。,警察は悪党を捕まえた。,The police caught the criminal.,警方经过缜密侦查，成功抓获了作案的歹徒，维护了社会治安。,警察は綿密な捜査の末、犯行を行った悪徒を逮捕し、社会の治安を守った。
369,代价,dài jià,price; cost; consideration (in share dealing),代価,成功需要付出代价。,成功には代償が必要だ。,Success requires paying a price.,为了实现目标，他付出了巨大的代价，但最终取得了成功。,目標を達成するために彼は大きな代償を払ったが、最終的に成功を収めた。
370,代理,dài lǐ,to act on behalf of sb in a responsible position; to act as an agent or proxy; surrogate,代理,他代理公司事务。,彼は会社の業務を代理している。,He acts as an agent for the company's affairs.,公司委托代理律师处理复杂的法律事务，确保权益不受损害。,会社は代理弁護士に複雑な法律業務を委託し、権益が損なわれないようにした。
371,带领,dài lǐng,to guide; to lead,率いる,老师带领学生参观。,先生は生徒を引率して見学した。,The teacher led the students on a tour.,这位经验丰富的经理带领团队完成了年度销售目标，表现出色。,この経験豊富なマネージャーはチームを率いて年間の販売目標を達成し、素晴らしい成果を示した。
372,怠慢,dài màn,to slight; to neglect,無礼,不要怠慢来宾。,来客を怠らないでください。,Please do not neglect the guests.,由于忙碌，他对老朋友的邀请表现出一定的怠慢，感到十分抱歉。,忙しさのために、彼は古い友人の誘いに対して少し怠慢な態度を示し、とても申し訳なく思っている。
373,逮捕,dài bǔ,to arrest; to apprehend; an arrest,逮捕,警方迅速逮捕嫌疑人。,警察は迅速に容疑者を逮捕した。,The police quickly arrested the suspect.,警方在掌握充分证据后，依法逮捕了涉嫌犯罪的嫌疑人。,警察は十分な証拠を押さえた後、法に基づいて犯罪容疑者を逮捕した。
374,担保,dān bǎo,to guarantee; to vouch for,保証,他为朋友担保贷款。,彼は友人のためにローンを保証した。,He guaranteed a loan for his friend.,银行要求客户提供担保，以确保贷款能够按时偿还。,銀行は顧客に担保を提供するよう求め、融資が期日どおりに返済されることを確保した。
375,胆怯,dǎn qiè,timid; cowardly,臆病,她因胆怯不敢发言。,彼女は臆病で発言できなかった。,She was too timid to speak.,面对挑战，他虽然有些胆怯，但最终还是勇敢地迎接了困难。,困難に直面して彼は少し臆病だったが、最終的には勇敢に困難に立ち向かった。
376,淡季,dàn jì,off season; slow business season; (see also 旺季),閑散期,旅游淡季人少。,観光の閑散期は人が少ない。,There are fewer people during the off-season for tourism.,旅游淡季期间，景区的游客明显减少，服务质量却得到了提升。,観光の閑散期には観光地の来訪者が明らかに減ったが、サービスの質は向上した。
377,淡水,dàn shuǐ,potable water (water with low salt content); fresh water,淡水,这里的湖水是淡水。,ここの湖の水は淡水だ。,The lake water here is fresh water.,淡水资源的保护对于维持生态平衡具有重要意义。,淡水資源の保護は生態系のバランス維持に重要な意義を持つ。
378,蛋白质,dàn bái zhì,protein,蛋白質,蛋白质对身体很重要。,タンパク質は体にとってとても重要だ。,Protein is very important for the body.,蛋白质是人体必需的重要营养素，有助于细胞修复和生长。,タンパク質は人体に必要な重要な栄養素であり、細胞の修復と成長を助ける。
379,诞辰,dàn chén,birthday,誕辰,纪念祖国诞辰。,祖国の誕生日を記念する。,Commemorate the founding of the motherland.,今天是伟大领袖的诞辰，全国各地举行了隆重的纪念活动。,今日は偉大な指導者の誕辰で、全国各地で盛大な記念行事が行われた。
380,诞生,dàn shēng,to be born,誕生,新思想在这里诞生。,新しい思想がここで生まれた。,New ideas were born here.,这部电影讲述了一个普通人在困境中诞生希望的感人故事。,この映画は、普通の人が困難の中で希望を生み出す感動的な物語を描いている。
381,当场,dāng chǎng,at the scene; on the spot,その場で,事故当场被发现。,事故は現場で発見された。,The accident was discovered on the spot.,事故发生后，救援人员立即赶到现场，当场展开救助行动。,事故発生後、救助隊が直ちに現場に駆けつけ、その場で救助活動を開始した。
382,当初,dāng chū,at that time; originally,当初,当初我没想到结果。,当初は結果を考えていなかった。,"At first, I didn't think about the outcome.",当初计划虽然遇到困难，但经过调整后依然顺利推进。,当初の計画は困難に直面したが、調整を経て順調に進んだ。
383,当代,dāng dài,the present age; the contemporary era,現代,当代艺术很受欢迎。,現代アートはとても人気がある。,Contemporary art is very popular.,当代艺术融合了多种文化元素，表现出多样化的创作风格。,現代アートは多様な文化要素を融合し、多様な創作スタイルを表現している。
384,当面,dāng miàn,to sb's face; in sb's presence,面前で,他当面道歉了。,彼は面と向かって謝罪した。,He apologized face to face.,他当面承认了错误，表示愿意承担相应的责任。,彼は直接面と向かって過ちを認め、相応の責任を負う意思を示した。
385,当前,dāng qián,current; today's; modern; present; to be facing (us),現在,当前形势非常严峻。,現在の情勢は非常に厳しい。,The current situation is very severe.,当前经济形势复杂多变，企业需要灵活调整发展战略。,現在の経済状況は複雑かつ変動的であり、企業は柔軟に発展戦略を調整する必要がある。
386,当事人,dāng shì rén,persons involved or implicated; party (to an affair),当事者,当事人已达成和解。,当事者はすでに和解に達した。,The parties involved have already reached a settlement.,当事人应积极配合调查，以便案件能够顺利解决。,当事者は積極的に調査に協力し、事件が円滑に解決されるようにすべきだ。
387,当务之急,dāng wù zhī jí,top priority job; matter of vital importance,最優先課題,环保是当务之急。,環境保護は最優先事項だ。,Environmental protection is an urgent priority.,在灾难发生后，救援工作成为当务之急，必须尽快展开。,災害発生後、救援作業が最優先事項となり、速やかに開始しなければならない。
388,当选,dāng xuǎn,be elected,当選,他成功当选代表。,彼は代表に当選した。,He was successfully elected as a representative.,经过激烈竞争，他最终当选为学生会主席，备受同学们信任。,激しい競争を経て、彼は最終的に学生会長に当選し、同級生たちの信頼を集めた。
389,党,dǎng,party; association; club; society; surname Dang; CL:个,党,共产党领导全国。,共産党は全国を指導している。,The Communist Party leads the entire country.,该党在选举中提出了切实可行的政策，赢得了大量选民支持。,その党は選挙で実現可能な政策を打ち出し、多くの有権者の支持を得た。
390,档案,dàng àn,file; record; archive; Taiwan pr. dang3 an4,档案,请查阅相关档案。,関連する資料を調べてください。,Please consult the relevant archives.,档案管理部门对重要资料进行了分类整理，方便日后查询使用。,アーカイブ管理部門は重要資料を分類整理し、将来の照会や使用を便利にした。
391,档次,dàng cì,grade; class; quality; level,等級,这家具档次很高。,この家具はグレードが高い。,This furniture is of high quality.,这家酒店档次较高，服务设施齐全，深受商务客人的青睐。,このホテルは格が高く、サービスと設備が充実しており、ビジネス客に非常に好まれている。
392,倒闭,dǎo bì,to go bankrupt; to close down,倒産,那家公司已倒闭。,あの会社はすでに倒産した。,That company has already gone bankrupt.,由于市场竞争激烈，这家传统企业最终不得不倒闭关闭。,市場競争が激しいため、この伝統的な企業は最終的に倒産して閉鎖せざるを得なかった。
393,导弹,dǎo dàn,guided missile; cruise missile; missile; CL:枚[mei2],ミサイル,军队发射了导弹。,軍隊はミサイルを発射した。,The army launched missiles.,该国成功试射了一枚新型导弹，提升了国防实力和威慑能力。,その国は新型ミサイルの試射に成功し、防衛力と抑止力を高めた。
394,导航,dǎo háng,navigation,ナビ,手机可以导航。,携帯電話でナビゲーションができる。,You can navigate using a mobile phone.,导航系统帮助司机在复杂路况下准确找到最佳行驶路线。,ナビゲーションシステムはドライバーが複雑な道路状況で正確に最適なルートを見つけるのを助ける。
395,导向,dǎo xiàng,to be oriented towards; orientation,指向,政策导向很明确。,政策の方向性は非常に明確だ。,The policy orientation is very clear.,公司战略导向明确，积极推动技术创新和市场拓展。,会社の戦略的指向は明確で、技術革新と市場開拓を積極的に推進している。
396,捣乱,dǎo luàn,to disturb; to look for trouble; to stir up a row; to bother sb intentionally,邪魔する,请不要捣乱会议。,会議を乱さないでください。,Please do not disrupt the meeting.,他故意捣乱，影响了会议的正常秩序，遭到大家的批评。,彼は故意に混乱を引き起こし、会議の正常な秩序を乱し、皆から批判された。
397,盗窃,dào qiè,to steal,窃盗,他因盗窃被捕。,彼は盗みのために逮捕された。,He was arrested for theft.,警方加强巡逻，有效遏制了盗窃犯罪的发生频率。,警察は巡回を強化し、窃盗犯罪の発生頻度を効果的に抑制した。
398,稻谷,dào gǔ,rice crops,稲,稻谷丰收喜人。,稲の収穫は喜ばしい豊作だ。,The rice harvest is a pleasing bumper crop.,秋收季节，农民忙着收割成熟的稻谷，迎接丰收的喜悦。,秋の収穫期に、農民は熟した稲穂の刈り取りに忙しく、豊作の喜びを迎える。
399,得不偿失,dé bù cháng shī,(saying) the gains do not make up for the losses,割に合わない,这笔交易得不偿失。,この取引は割に合わない。,This deal is not worth the loss.,为了眼前的利益而牺牲长远发展，往往是得不偿失的选择。,目先の利益のために長期的な発展を犠牲にするのは、多くの場合得るものより失うものが大きい選択である。
400,得力,dé lì,able; capable; competent; efficient,有能,他是得力助手。,彼は有能な助手だ。,He is a capable assistant.,这位副总经理工作得力，带领团队业绩不断提升。,この副総経理は有能で、チームを率いて業績を絶えず向上させている。
401,得天独厚,dé tiān dú hòu,(of an area) rich in resources; (of a person) gifted or able (idiom),恵まれた,这片土地得天独厚，适合种植稀有植物。,この土地は恵まれており、希少な植物の栽培に適しています。,This land is uniquely endowed by nature and suitable for planting rare plants.,这片地区拥有得天独厚的自然资源，使得当地经济得以快速发展。,この地域は恵まれた自然資源を有しており、地元経済の急速な発展を可能にしている。
402,得罪,dé zuì,to commit an offense; to violate the law; excuse me! (formal); see also 得得罪[de2 zui5],怒らせる,他无意中得罪了老板，气氛变得紧张。,彼はうっかりして上司の機嫌を損ね、雰囲気が緊迫しました。,"He unintentionally offended the boss, and the atmosphere became tense.",他无意中得罪了领导，导致工作上的合作出现了问题。,彼はうっかり上司の機嫌を損ねてしまい、仕事上の協力に問題が生じた。
403,灯笼,dēng lóng,lantern,提灯,夜晚村庄挂满了红色灯笼，喜庆非凡。,夜、村には赤い提灯がたくさん飾られ、とても祝祭的でした。,"At night, the village was adorned with red lanterns, creating a very festive atmosphere.",春节的时候，街道两旁挂满了红色的灯笼，增添了节日气氛。,春節の時、街路の両側には赤い提灯がたくさん吊るされ、祭りの雰囲気を盛り上げた。
404,登录,dēng lù,to register; to login,ログイン,请先登录系统，才能访问更多功能。,システムに先にログインしてください。そうしないと、より多くの機能にアクセスできません。,Please log in to the system first to access more features.,请先登录账户，然后才能进行在线购物和付款操作。,まずアカウントにログインしてから、オンラインショッピングや支払いの操作を行ってください。
405,登陆,dēng lù,to land; to come ashore; to make landfall (of typhoon etc); to log in,上陸する,士兵们凌晨顺利登陆敌方海滩。,兵士たちは未明に敵の海岸に無事上陸しました。,The soldiers successfully landed on the enemy beach at dawn.,救援队成功登陆灾区，开始对受灾群众进行紧急救助。,救助隊は無事災害地に上陸し、被災者への緊急支援を開始した。
406,蹬,dēng,to tread on; to step on,蹬（足で踏む）,他用力蹬车，速度迅速提升。,彼は力いっぱいペダルを踏み、速度を急速に上げました。,"He pedaled hard, rapidly increasing his speed.",他用力蹬着自行车的踏板，努力爬上陡峭的山坡。,彼は力いっぱい自転車のペダルを踏んで、急な坂を登ろうと努力した。
407,等候,děng hòu,waiting,待つ,我们在车站等候朋友的到来。,私たちは駅で友人の到着を待っています。,We are waiting for our friend’s arrival at the station.,病人家属在医院门口等候医生的诊断结果，满怀焦虑。,患者の家族は病院の入り口で医師の診断結果を待っており、不安な気持ちでいっぱいだった。
408,等级,děng jí,degree; rate,等級,这款产品的等级高，质量有保障。,この製品は等級が高く、品質が保証されています。,This product has a high grade and guaranteed quality.,公司根据员工的表现评定等级，决定晋升和奖金分配。,会社は従業員の業績に基づき等級を評価し、昇進とボーナスの配分を決定する。
409,瞪,dèng,to open (one's eyes) wide; to stare at; to glare at,にらむ,他怒瞪对手，一触即发。,彼は怒って相手をにらみつけ、今にも衝突しそうでした。,"He glared angrily at his opponent, ready to erupt at any moment.",他瞪大眼睛盯着屏幕，试图找到程序中的错误所在。,彼は目を見開いて画面をじっと見つめ、プログラムの中のエラーを見つけようとした。
410,堤坝,dī bà,dam;,堤防,洪水来临时，堤坝起到了关键作用。,洪水の際、堤防が重要な役割を果たしました。,The dike played a crucial role during the flood.,为了防止洪水泛滥，政府修建了坚固的堤坝来保护居民安全。,洪水の氾濫を防ぐために、政府は頑丈な堤防を建設して住民の安全を守った。
411,敌视,dí shì,hostile; malevolence; antagonism; to view as enemy; to stand against,敵視する,双方因误会而互相敌视，关系紧张。,双方は誤解から互いに敵対し、関係が緊張しました。,"Both sides became hostile to each other due to misunderstandings, causing tension in their relationship.",两国关系紧张，彼此敌视，导致合作项目停滞不前。,両国の関係は緊張しており、互いに敵対しているため、協力プロジェクトが停滞している。
412,抵达,dǐ dá,arrive; reach (a destination),到着する,航班准时抵达目的地，没有延误。,飛行機は定刻通り目的地に到着し、遅延はありませんでした。,The flight arrived at the destination on time without delay.,我们的航班预计将在下午三点抵达目的地机场。,私たちの便は午後3時に目的地の空港に到着する予定だ。
413,抵抗,dǐ kàng,to resist; resistance,抵抗する,居民奋力抵抗外来的侵略者。,住民たちは懸命に外部の侵略者に抵抗しました。,The residents fiercely resisted the external invaders.,面对外来病菌，人体会产生抵抗力以保护自身健康。,外来の病原菌に直面すると、人体は抵抗力を生み出して自身の健康を守る。
414,抵制,dǐ zhì,to resist; to boycott; to refuse (to cooperate); to reject; resistance; refusal,ボイコット,消费者联合抵制劣质商品。,消費者は劣悪な商品を共同でボイコットしました。,Consumers united to boycott inferior products.,为了保护环境，许多消费者开始抵制使用一次性塑料制品。,環境保護のため、多くの消費者が使い捨てプラスチック製品の使用を拒否し始めている。
415,地步,dì bù,condition; situation; plight; extent; room for action,程度,事态发展到这种地步，已无法挽回。,事態がここまで進展してしまい、もう取り返しがつきません。,The situation has developed to this extent and is now irreparable.,事情发展到这种地步，我们不得不重新考虑合作的可能性。,事態がこのような状況に至ったため、私たちは協力の可能性を再考せざるを得ない。
416,地势,dì shì,terrain; topography relief,地勢,山区地势复杂，行走十分困难。,山間部は地形が複雑で、歩くのが非常に困難です。,"The mountainous area has complex terrain, making walking very difficult.",这片山区的地势复杂多变，给交通建设带来了巨大挑战。,この山岳地帯の地形は複雑で変化に富み、交通建設に大きな挑戦をもたらしている。
417,地质,dì zhì,geology,地質,地质调查发现丰富的矿产资源。,地質調査で豊富な鉱物資源が発見されました。,Geological surveys discovered abundant mineral resources.,地质勘探显示该地区富含丰富的矿产资源，具有开发潜力。,地質調査はこの地域に豊富な鉱物資源があることを示し、開発の潜在力がある。
418,递增,dì zēng,to increase by degrees; in increasing order; incremental; progressive,増加する,人口数量递增，城市压力加大。,人口が増加し、都市の負担が大きくなっています。,"The population is increasing, putting greater pressure on the city.",随着市场需求的增加，公司的销售额呈现递增的趋势。,市場の需要が増加するにつれて、会社の売上高は増加傾向を示している。
419,颠簸,diān bǒ,to shake; to jolt; to bump,揺れ,火车在颠簸中前进，乘客感到不适。,列車は揺れながら進み、乗客は気分が悪くなりました。,"The train moved with bumps, causing discomfort to the passengers.",长途旅行途中，车辆经过颠簸的山路，乘客感到些许不适。,長距離旅行の途中、車はでこぼこの山道を通過し、乗客は少し不快を感じた。
420,颠倒,diān dǎo,to turn upside-down; to reverse; back-to-front; confused; deranged; crazy,逆さま,他把书本颠倒放置，找不到目录。,彼は本を逆さに置いたため、目次が見つかりませんでした。,He placed the book upside down and couldn't find the table of contents.,他把事情颠倒说，导致大家对真相产生了误解。,彼は事実を逆に話したため、皆が真実について誤解を生じた。
421,典礼,diǎn lǐ,celebration; ceremony,式典,毕业典礼上，校长发表了演讲。,卒業式で校長がスピーチを行いました。,The principal gave a speech at the graduation ceremony.,毕业典礼上，校长发表了激励人心的演讲，令在场师生动容。,卒業式で校長は感動的なスピーチを行い、出席した教職員と学生を感激させた。
422,典型,diǎn xíng,model; typical case; archetype; typical; representative,典型的,他是典型的理想主义者，充满热情。,彼は典型的な理想主義者で、情熱にあふれています。,"He is a typical idealist, full of enthusiasm.",他是该领域的典型代表，拥有丰富的实践经验和专业知识。,彼はこの分野の典型的な代表者であり、豊富な実務経験と専門知識を持っている。
423,点缀,diǎn zhuì,to decorate; an ornament; to adorn; only for show,飾る,鲜花点缀了整个宴会大厅。,生花が宴会場全体を彩りました。,Fresh flowers decorated the entire banquet hall.,花园里点缀着各种颜色鲜艳的花朵，显得格外美丽动人。,庭園には色鮮やかな花々が点在し、ひときわ美しく魅力的に見える。
424,垫,diàn,pad; cushion; mat,敷物,请在座位上放个垫子，避免寒冷。,寒さを避けるために、座席にクッションを置いてください。,Please place a cushion on your seat to avoid the cold.,请在下面垫一张纸，以免桌面被水杯弄湿。,テーブルの下に紙を敷いて、コップで濡れるのを防いでください。
425,奠定,diàn dìng,to establish; to fix; to settle,確立する,这次协议奠定了双方合作的基础。,今回の協定は双方の協力の基礎を築きました。,This agreement laid the foundation for cooperation between both parties.,这次会议奠定了双方长期合作的基础，意义重大。,今回の会議は双方の長期的な協力の基礎を築き、重要な意義を持っている。
426,惦记,diàn jì,remember with concern; worry about,気にかける,家人经常惦记着远方的亲人。,家族は遠くにいる親族のことをいつも気にかけています。,The family often thinks about their relatives far away.,他一直惦记着远方的家人，经常打电话问候他们的近况。,彼は遠くの家族のことをいつも気にかけており、よく電話で近況を尋ねている。
427,电源,diàn yuán,electric power source,電源,使用前请确认电源已经接通。,使用前に電源が接続されていることを確認してください。,Please confirm that the power is connected before use.,遇到停电时，要及时关闭电源，防止电器损坏。,停電時には、電源を速やかに切って家電の故障を防ぐ必要がある。
428,叼,diāo,to hold in the mouth,くわえる,小狗叼着玩具在院子里奔跑。,子犬はおもちゃをくわえて庭を走り回っています。,The puppy is running around the yard carrying a toy.,小狗叼着主人的鞋子，兴奋地在院子里跑来跑去。,子犬は主人の靴をくわえて、興奮して庭を走り回っている。
429,雕刻,diāo kè,to carve; to engrave; carving,彫刻する,他善于雕刻精美的木质艺术品。,彼は精巧な木製の芸術品の彫刻が得意です。,He is skilled at carving exquisite wooden artworks.,大师用精湛的技艺雕刻出栩栩如生的木雕作品，令人赞叹。,名人は卓越した技術で生き生きとした木彫作品を彫り上げ、感嘆させる。
430,雕塑,diāo sù,a statue; a Buddhist image; sculpture; to carve,彫刻,博物馆里展出了许多雕塑作品。,博物館には多くの彫刻作品が展示されています。,Many sculptures are exhibited in the museum.,公园里新建了一座大型雕塑，成为城市的新地标。,公園に新たに大型の彫刻が建てられ、都市の新しいランドマークとなった。
431,吊,diào,to suspend; to hang up; to hang a person,吊るす,他们在树上吊起了秋千给孩子玩。,彼らは子供たちが遊べるように木にブランコを吊るしました。,They hung a swing on the tree for the children to play.,他把衣服吊在阳台上，准备晒干后再收回房间。,彼は衣服をバルコニーに吊るし、乾いたら部屋に取り込むつもりだ。
432,调动,diào dòng,to transfer; to maneuver (troops etc),調動する,公司决定调动部分员工到总部。,会社は一部の社員を本社に異動させることを決定しました。,The company decided to transfer some employees to the headquarters.,公司决定调动部分员工到海外分支机构工作，以促进国际交流。,会社は一部の従業員を海外支社に異動させ、国際交流を促進することを決定した。
433,跌,diē,to drop; to fall; to tumble; Taiwan pr. die2,転ぶ,老人不小心跌倒，摔伤了手腕。,老人は不注意で転倒し、手首を負傷しました。,The elderly man accidentally fell and injured his wrist.,股市突然下跌，导致投资者纷纷抛售股票，市场一片混乱。,株式市場が突然下落し、投資家がこぞって株を売り、市場は混乱した。
434,丁,dīng,fourth of 10 heavenly stems 十天干; man; members of a family,男性,这栋楼有数百户丁口，人口密集。,この建物には数百世帯が住んでおり、人口が密集しています。,This building houses hundreds of households and has a dense population.,这个项目需要三名丁级技术人员参与，确保工程顺利完成。,このプロジェクトには3人の技術員（丁レベル）が参加し、工事の順調な完成を保証する必要がある。
435,叮嘱,dīng zhǔ,to warn repeatedly; to urge; to exhort again and again,注意する,出发前，老师叮嘱学生带好证件。,出発前に先生は学生に身分証明書を忘れないように注意しました。,"Before departure, the teacher reminded students to bring their identification.",妈妈叮嘱我出门要注意安全，遇到困难要及时求助。,母は私に外出時の安全に注意するように、困った時はすぐに助けを求めるようにと念を押した。
436,盯,dīng,to watch attentively; to fix attention on; to stare; to gaze; to follow; to shadow sb,じっと見る,他盯着屏幕，专注于复杂数据分析。,彼は画面をじっと見つめ、複雑なデータ分析に集中していました。,"He stared at the screen, focusing on complex data analysis.",警察盯着嫌疑人的一举一动，随时准备采取行动。,警察は容疑者の一挙手一投足をじっと見守り、いつでも行動を起こす準備をしている。
437,定期,dìng qī,regularly; at regular intervals,定期的,公司安排定期体检保障员工健康。,会社は定期健康診断を手配し、社員の健康を保障しています。,The company arranges regular health check-ups to ensure employees’ health.,银行提供定期存款服务，利率较活期更高，适合长期储蓄。,銀行は定期預金サービスを提供しており、利率は普通預金より高く、長期貯蓄に適している。
438,定义,dìng yì,definition,定義する,请明确概念的定义，避免歧义。,概念の定義を明確にし、誤解を避けてください。,Please clarify the definition of the concept to avoid ambiguity.,在科学研究中，明确概念的定义是取得成果的前提。,科学研究において、概念の明確な定義は成果を得るための前提である。
439,丢人,diū rén,to lose face,恥ずかしい,在公众场合出糗，真是丢人。,公の場で失敗してしまい、本当に恥ずかしかったです。,It was really embarrassing to make a blunder in public.,他在公众场合出丑，感到非常丢人，脸都红了。,彼は公の場で恥をかき、とても恥ずかしくて顔が真っ赤になった。
440,丢三落四,diū sān là sì,forgetful; scatterbrained,うっかり,他总是丢三落四，忘带重要文件。,彼はいつも忘れ物が多く、大事な書類を持ってくるのを忘れます。,He is always forgetful and often forgets to bring important documents.,她总是丢三落四，忘记带重要的文件，令人头疼。,彼女はいつも物忘れが多く、大事な書類を忘れてしまい、困らせる。
441,东道主,dōng dào zhǔ,host; official host (e.g. venue for games or a conference),主催者,东道主热情接待了所有嘉宾。,主催者はすべてのゲストを熱烈に歓迎しました。,The host warmly welcomed all the guests.,作为东道主，我们必须热情接待来自世界各地的嘉宾。,ホストとして、私たちは世界中からのゲストを熱烈に歓迎しなければならない。
442,东张西望,dōng zhāng xī wàng,to look in all directions (idiom); to glance around,キョロキョロ,小孩东张西望，显得十分好奇。,子供はあちこちを見回して、とても好奇心旺盛でした。,"The child looked around curiously, appearing very inquisitive.",他在车站东张西望，显得有些迷茫，不知道该往哪个方向走。,彼は駅でキョロキョロ周りを見回し、少し迷っている様子でどの方向に行くべきか分からなかった。
443,董事长,dǒng shì zhǎng,chairman of the board; chairman,董事長,董事长宣布了公司未来的发展规划。,取締役会長は会社の将来の発展計画を発表しました。,The chairman announced the company’s future development plans.,董事长在年度会议上发表了重要讲话，指明了公司的发展方向。,取締役会長は年次会議で重要なスピーチを行い、会社の発展の方向性を示した。
444,冻结,dòng jié,"to freeze (loan, wage, price etc)",凍結する,银行账户因涉嫌诈骗被冻结。,銀行口座は詐欺の疑いで凍結されました。,The bank account was frozen due to suspected fraud.,寒冷天气导致河面冻结，行人不得不选择绕行其他路线。,寒い天気で川の表面が凍結し、歩行者は他のルートを迂回せざるを得なかった。
445,动荡,dòng dàng,unrest (social or political); turmoil; upheaval; commotion,動揺,政治动荡导致社会不安定。,政治の混乱が社会の不安定を引き起こしました。,Political turmoil led to social instability.,政治动荡影响了经济发展，使得投资环境不稳定。,政治的な動乱は経済発展に影響を与え、投資環境を不安定にした。
446,动机,dòng jī,motor; locomotive; motive; motivation; intention,動機,调查员分析了犯罪的动机和背景。,調査員は犯罪の動機と背景を分析しました。,The investigator analyzed the motive and background of the crime.,他的动机很明确，就是想通过这次考试获得更好的工作机会。,彼の動機は明確で、この試験を通じてより良い仕事の機会を得たいということだ。
447,动静,dòng jìng,sound of activity or people talking; news of activity,動き,他保持安静，观察周围的动静。,彼は静かにして周囲の動きを観察していました。,"He remained quiet, observing the movements around him.",夜深人静，没有任何动静，只有窗外微弱的风声。,夜も更けて人家が静まり返り、音はなく、窓の外のかすかな風の音だけが聞こえる。
448,动力,dòng lì,power; motion; propulsion; force,動力,科技创新是经济发展的动力源泉。,科学技術の革新は経済発展の原動力です。,Technological innovation is the driving force of economic development.,太阳能为现代汽车提供了新的动力来源，推动环保进步。,太陽エネルギーは現代の自動車に新しい動力源を提供し、環境保護の進歩を促進している。
449,动脉,dòng mài,artery,動脈,医生检查了病人的动脉血流情况。,医者は患者の動脈血流の状態を検査しました。,The doctor examined the patient’s arterial blood flow.,动脉是人体重要的血管，负责将氧气丰富的血液输送到各个器官。,動脈は人体の重要な血管で、酸素を豊富に含んだ血液を各器官に運ぶ役割を担っている。
450,动身,dòng shēn,go on a journey; leave,出発する,我们明天清晨动身，开始长途旅行。,私たちは明日の早朝に出発し、長距離旅行を始めます。,We will set off early tomorrow morning to start a long journey.,旅行前一天，他便动身前往机场，准备开始期待已久的旅程。,旅行の前日、彼はすでに出発して空港へ向かい、待ち望んだ旅を始める準備をした。
451,动手,dòng shǒu,to hit with hands or fists; to start work; to touch,手を動かす,他开始动手修理机器。,彼は機械の修理を始めた。,He started to repair the machine.,遇到紧急情况时，我们必须迅速动手解决问题，不能犹豫不决。,緊急の状況に直面したとき、私たちは素早く手を動かして問題を解決しなければならず、ためらってはいけません。
452,动态,dòng tài,development; trend; dynamic state; movement; moving,動向,市场的动态非常复杂。,市場の動きは非常に複雑だ。,The dynamics of the market are very complex.,市场的动态变化要求企业不断调整战略以适应环境。,市場の動態の変化は、企業に環境に適応するために絶えず戦略を調整することを求めています。
453,动员,dòng yuán,"mobilize; arouse; CL:次[ci4] ,个",動員する,政府动员全民抗疫。,政府は全国民を動員して疫病と戦った。,The government mobilized the entire population to fight the epidemic.,政府动员全社会力量共同抗击突发公共卫生事件。,政府は全社会の力を動員して、突発的な公共衛生事件に共同で立ち向かっています。
454,栋,dòng,classifier for houses or buildings; ridgepole (old),棟（建物）,这栋楼已经竣工。,この建物はすでに竣工した。,This building has already been completed.,这栋大楼的设计充分体现了现代建筑的美学理念。,この棟のビルの設計は、現代建築の美学理念を十分に体現しています。
455,兜,dōu,pocket; bag; to wrap up or hold in a bag; to move in a circle; to canvas or solicit; to take responsibility for; to disclose in detail; combat armor (old),袋,兜里装满了零钱。,ポケットには小銭がいっぱい入っている。,The pocket is full of small change.,他的兜里总是装着各种小工具，方便随时使用。,彼のポケットにはいつも様々な小さな道具が入っていて、いつでも使えるようになっている。
456,陡峭,dǒu qiào,precipitous,険しい,山路异常陡峭难行。,山道は異常に急で歩きにくい。,The mountain road is unusually steep and difficult to walk.,登山时要特别小心那段陡峭的岩壁，避免发生意外。,登山するときは、あの急峻な岩壁に特に注意して、事故を避けなければなりません。
457,斗争,dòu zhēng,a struggle; fight; battle,闘争,他们为了权益不断斗争。,彼らは権益のために絶えず闘争している。,They continuously struggle for their rights and interests.,他们在思想意识形态上进行了激烈的斗争，争取主导权。,彼らは思想意識形態の面で激しい闘争を行い、主導権を争いました。
458,督促,dū cù,to urge sb to complete a task,督促する,老师督促学生完成作业。,先生は生徒に宿題を終わらせるよう促した。,The teacher urged the students to finish their homework.,老师及时督促学生完成作业，保证学习进度不延误。,先生は学生に宿題を完成するよう適時に督促し、学習の進度が遅れないようにしています。
459,毒品,dú pǐn,drugs; narcotics; poison,麻薬,毒品危害社会安全。,麻薬は社会の安全を脅かす。,Drugs endanger social security.,警方加大力度打击毒品犯罪，维护社会治安稳定。,警察は麻薬犯罪の取り締まりを強化し、社会の治安の安定を維持しています。
460,独裁,dú cái,dictatorship,独裁,独裁统治导致民不聊生。,独裁政治は民衆の生活を苦しめた。,Dictatorial rule led to the people's suffering.,独裁政权往往压制人民的自由和基本权利，导致社会不公。,独裁政権は往々にして国民の自由や基本的権利を抑圧し、社会の不公正を引き起こします。
461,堵塞,dǔ sè,to block; to stop; blockage,詰まる,交通堵塞影响出行。,交通渋滞は移動に影響を与える。,Traffic congestion affects travel.,高峰时段城市道路堵塞严重，影响居民出行效率。,ラッシュアワーには都市の道路がひどく渋滞し、住民の移動効率に影響を与えています。
462,赌博,dǔ bó,to gamble,ギャンブル,赌博行为应当禁止。,ギャンブル行為は禁止されるべきだ。,Gambling behavior should be prohibited.,赌博不仅浪费金钱，还可能导致家庭破裂和社会问题。,ギャンブルはお金を浪費するだけでなく、家庭の崩壊や社会問題を引き起こす可能性があります。
463,杜绝,dù jué,put an end to,根絶する,必须杜绝食品安全隐患。,食品安全のリスクを必ず排除しなければならない。,Food safety hazards must be eliminated.,为了杜绝食品安全隐患，监管部门加强了检查力度。,食品の安全リスクを根絶するために、監督部門は検査の強化を図りました。
464,端,duān,end; extremity; item; port; to hold sth level with both hands; to carry; regular,端（持つ）,他端着杯子走过来。,彼はカップを持って歩いてきた。,He walked over holding a cup.,他端着一杯茶，静静地坐在窗边欣赏风景。,彼は一杯のお茶を手に持ち、静かに窓辺に座って景色を楽しんでいます。
465,端午节,duān wǔ jié,The Dragon Boat Festival (the 5th day of the 5th lunar month),端午節,端午节吃粽子习俗。,端午の節句に粽を食べる習慣。,The custom of eating rice dumplings during the Dragon Boat Festival.,端午节期间，人们包粽子、赛龙舟，传承传统文化。,端午節の期間、人々はちまきを包み、ドラゴンボートレースを行い、伝統文化を伝承しています。
466,端正,duān zhèng,upright; regular; proper; correct,端正な,她的仪态非常端正。,彼女の立ち居振る舞いは非常に端正だ。,Her demeanor is very proper.,他的仪表端正，给人留下了良好的第一印象。,彼の身なりはきちんとしていて、良い第一印象を与えました。
467,短促,duǎn cù,short in time; fleeting; brief,短い,会议时间非常短促。,会議の時間は非常に短かった。,The meeting time was very brief.,会议虽然短促，但内容丰富，取得了预期效果。,会議は短時間でしたが、内容は充実していて、期待された効果を得ました。
468,断定,duàn dìng,to conclude; to determine; to come to a judgment,断定する,专家断定原因是设备故障。,専門家は原因が設備の故障だと断定した。,Experts concluded that the cause was equipment failure.,根据现有证据，专家们断定事故是由于设备故障引起的。,現有の証拠に基づき、専門家たちは事故は設備の故障によって引き起こされたと断定しました。
469,断绝,duàn jué,to sever; to break off,断絶する,他们断绝了所有联系。,彼らはすべての連絡を断った。,They cut off all contact.,双方决定断绝一切经济往来，以示坚决态度。,双方は全ての経済的往来を断絶することを決定し、断固たる態度を示しました。
470,堆积,duī jī,to pile up; to heap; accumulation,積み重ねる,垃圾堆积造成环境污染。,ゴミの堆積が環境汚染を引き起こした。,Garbage accumulation caused environmental pollution.,仓库里堆积了大量的货物，等待运输到各地。,倉庫には大量の貨物が積まれており、各地への輸送を待っています。
471,兑现,duì xiàn,(of a cheque etc) to cash; to honor a commitment,現金化する,他兑现了支票收入。,彼は小切手を現金化した。,He cashed the check.,公司承诺将在月底前兑现所有员工的奖金。,会社は月末までに全ての社員のボーナスを支払うことを約束しました。
472,对策,duì cè,countermeasure for dealing with a situation,対策,应对污染制定有效对策。,汚染に対応するために効果的な対策を立てる。,Formulate effective measures to address pollution.,面对危机，领导层迅速制定了有效的对策以应对挑战。,危機に直面し、指導層は迅速に効果的な対策を策定して挑戦に対応しました。
473,对称,duì chèn,symmetry; symmetrical,対称,建筑设计注重对称美感。,建築設計は対称の美しさを重視している。,Architectural design emphasizes symmetrical aesthetics.,这座建筑采用对称设计，体现出完美的视觉平衡感。,この建物は対称のデザインを採用しており、完璧な視覚的バランス感を表現しています。
474,对付,duì fu,to handle; to deal with; to cope; to get by with,対処する,他能有效对付挑战。,彼は効果的に挑戦に対処できる。,He can effectively cope with challenges.,他善于对付各种突发状况，表现出极强的应变能力。,彼は様々な突発的な状況に対処するのが得意で、非常に強い対応能力を示しています。
475,对抗,duì kàng,to withstand; to resist; to stand off; antagonism; confrontation,対抗する,军队准备对抗侵略者。,軍隊は侵略者に対抗する準備をしている。,The army is preparing to resist the invaders.,在国际贸易中，各国为了利益展开了激烈的对抗。,国際貿易において、各国は利益のために激しい対抗を繰り広げています。
476,对立,duì lì,to oppose; to set sth against; to be antagonistic to; antithetical; relative opposite; opposing; diametrical,対立,双方存在严重对立矛盾。,双方には深刻な対立と矛盾が存在する。,There are serious oppositions and contradictions between the two sides.,两派之间的对立导致政治局势日益紧张。,両派の対立は政治状況をますます緊迫させています。
477,对联,duì lián,rhyming couplet; pair of lines of verse written vertically down the sides of a doorway; CL:幅[fu2],対聯,春节贴红色对联迎新。,春節には赤い対聯を貼って新年を迎える。,"During the Spring Festival, red couplets are pasted to welcome the new year.",春节期间，家家户户门口都贴上了喜庆的对联。,春節の期間、どの家庭も門の前におめでたい対聯を貼っています。
478,对应,duì yìng,to correspond; a correspondence; corresponding; homologous; matching with sth; counterpart,対応する,系统功能对应用户需求。,システム機能はユーザーのニーズに対応している。,System functions correspond to user needs.,产品的价格与质量相对应，体现了物有所值的原则。,製品の価格は品質に対応しており、価値に見合った原則を体現しています。
479,对照,duì zhào,to contrast; to compare; to place side by side for comparison (as parallel texts); to check,照合する,对照资料核实信息。,資料を照らし合わせて情報を確認する。,Verify information by comparing with the materials.,我们需要对照标准，认真检查每一道工序是否合格。,私たちは基準と照らし合わせて、各工程が適格かどうかを慎重にチェックする必要があります。
480,队伍,duì wu,ranks; troops; CL:个,隊伍,队伍整齐地列队前进。,隊伍は整然と列を作って前進した。,The team marched forward in an orderly formation.,运动队伍整齐列队，准备参加开幕式的游行。,スポーツチームは整然と列を作り、開会式のパレードに参加する準備をしています。
481,顿时,dùn shí,at once; immediately; forthwith,すぐに,听到消息他顿时激动。,知らせを聞いて彼はすぐに興奮した。,He was instantly excited upon hearing the news.,听到这个消息，他顿时感到无比激动和兴奋。,その知らせを聞いて、彼はたちまち並外れた感動と興奮を感じました。
482,哆嗦,duō suo,to tremble; to shiver; uncontrolled shaking of the body,震える,寒冷让他不停哆嗦。,寒さで彼は震えが止まらなかった。,The cold made him shiver uncontrollably.,寒风中，他全身哆嗦，急忙寻找避风的地方。,寒風の中で、彼は全身を震わせながら、急いで風を避ける場所を探しました。
483,多元化,duō yuán huà,diversification; pluralism; to diversify,多様化,经济结构实现多元化发展。,経済構造は多様化した発展を実現した。,The economic structure achieved diversified development.,随着经济的发展，社会结构日益多元化，文化更加丰富。,経済の発展とともに、社会構造は日増しに多元化し、文化はより豊かになっています。
484,堕落,duò luò,to morally degenerate; to become depraved; a fall from grace; a fall into sin or depravity,堕落する,腐败导致社会道德堕落。,腐敗は社会の道徳の堕落を招いた。,Corruption led to the moral decay of society.,腐败现象导致部分官员道德堕落，失去人民信任。,腐敗現象は一部の官僚の道徳的堕落を招き、国民の信頼を失わせました。
485,额外,é wài,extra; added; additional,追加の,会议安排了额外时间。,会議には追加の時間が割り当てられた。,Extra time was allocated for the meeting.,公司为员工提供了额外的福利，以提高工作积极性。,会社は従業員に追加の福利厚生を提供し、仕事への積極性を高めました。
486,恶心,ě xin,nausea; to feel sick; disgust; nauseating,吐き気,食物变质让我恶心。,食べ物が腐って気持ち悪くなった。,The spoiled food made me feel nauseous.,看到令人作呕的场景，他感到一阵恶心，差点呕吐。,吐き気を催すような光景を見て、彼はむかつきを感じ、吐きそうになりました。
487,恶化,è huà,worsen,悪化する,局势因冲突而恶化。,情勢は衝突によって悪化した。,The situation worsened due to conflicts.,环境污染问题日益恶化，亟需采取有效措施加以治理。,環境汚染問題はますます悪化しており、早急に効果的な対策を講じて改善しなければなりません。
488,遏制,è zhì,to check; to contain; to hold back; to keep within limits; to constrain; to restrain,抑制する,政府采取措施遏制通胀。,政府はインフレを抑制するために措置を取った。,The government took measures to curb inflation.,政府采取多种手段遏制非法集资，保护投资者利益。,政府は様々な手段を講じて違法な資金集めを抑制し、投資家の利益を守っています。
489,恩怨,ēn yuàn,(feeling of) resentment; (longstanding) grudge,恩讐,他们化解了多年的恩怨。,彼らは長年の恨みを解消した。,They resolved years of grudges.,多年恩怨终于化解，双方实现了和解与合作。,長年の恩讐はついに解消され、双方は和解と協力を実現しました。
490,而已,ér yǐ,that's all; nothing more,だけ,我只是开个玩笑而已。,私はただ冗談を言っただけだ。,I was just joking.,这只是我的个人看法而已，没有强制性的要求。,これはあくまでも私の個人的な見解に過ぎず、強制的な要求ではありません。
491,二氧化碳,èr yǎng huà tàn,carbon dioxide; CO2,二酸化炭素,二氧化碳排放需减少。,二酸化炭素の排出を減らす必要がある。,Carbon dioxide emissions need to be reduced.,二氧化碳排放量的增加加剧了全球气候变暖的问题。,二酸化炭素の排出量の増加は地球温暖化問題を悪化させています。
492,发布,fā bù,to release; to issue; to announce; to distribute; also written 發发布[fa1 bu4],発表する,公司发布最新财报。,会社は最新の財務報告を発表した。,The company released the latest financial report.,公司正式发布了新款智能手机，引起市场广泛关注。,会社は正式に新型スマートフォンを発表し、市場の広範な関心を集めました。
493,发财,fā cái,to get rich,金持ちになる,他梦想早日发财致富。,彼は早くお金持ちになることを夢見ている。,He dreams of getting rich soon.,他通过自己的努力创业发财，实现了人生梦想。,彼は自分の努力で起業して財を成し、人生の夢を実現しました。
494,发呆,fā dāi,to daydream; lost in thought,ぼんやりする,他发呆了好几分钟。,彼は何分もぼんやりしていた。,He was daydreaming for several minutes.,看到美丽的风景，他忍不住发呆，沉浸其中。,美しい風景を見て、彼はついぼんやりとし、その中に浸りました。
495,发动,fā dòng,to start; to launch; to unleash; to mobilize; to arouse,発動する,发动机器开始生产。,機械を始動して生産を開始した。,Started the machine and began production.,发动员工积极参与创新项目，提升企业竞争力。,従業員を動員して積極的にイノベーションプロジェクトに参加させ、企業の競争力を高めます。
496,发觉,fā jué,to find; to detect; to discover,気づく,她发觉问题所在。,彼女は問題の所在に気づいた。,She discovered where the problem was.,经过仔细观察，他发觉问题比想象中更为复杂。,注意深く観察した結果、彼は問題が想像以上に複雑であることに気づきました。
497,发射,fā shè,to shoot (a projectile); to fire (a rocket); to launch; to emit (a particle); to discharge; emanation; emission,発射する,火箭成功发射升空。,ロケットは無事に打ち上げられた。,The rocket was successfully launched into the sky.,卫星成功发射，为科学研究提供了宝贵的数据支持。,衛星は無事に打ち上げられ、科学研究に貴重なデータの支援を提供しました。
498,发誓,fā shì,to vow; to pledge; to swear,誓う,他发誓要努力学习。,彼は努力して勉強すると誓った。,He vowed to study hard.,他发誓会全力以赴完成这项艰巨的任务。,彼はこの困難な任務を全力でやり遂げることを誓いました。
499,发行,fā xíng,"to publish; to issue (stocks, currency etc); to release; to distribute (a film)",発行する,出版社发行新书。,出版社は新しい本を発行した。,The publisher issued a new book.,出版社计划下个月发行新书，满足读者的需求。,出版社は来月新刊を発行する予定で、読者のニーズを満たします。
500,发炎,fā yán,inflamed from infection or injury; inflammation,炎症を起こす,伤口发炎需及时处理。,傷口が化膿したら早めに処置が必要だ。,"If the wound becomes inflamed, it needs timely treatment.",他的伤口发炎了，医生建议立即进行治疗。,彼の傷口が炎症を起こしており、医者は直ちに治療を受けるよう勧めました。
501,发扬,fā yáng,to develop; to make full use of,発揚,我们应发扬传统美德。,私たちは伝統的な美徳を発揚すべきです。,We should carry forward traditional virtues.,我们应该发扬传统美德，促进社会和谐与进步。,私たちは伝統的な美徳を発揚し、社会の調和と進歩を促進すべきだ。
502,发育,fā yù,to develop; growth; development,発育,儿童的智力正在发育。,子供の知能は発達しています。,Children's intelligence is developing.,婴儿在出生后的头几年里发育得非常迅速。,赤ちゃんは生まれてから最初の数年間で非常に急速に発育する。
503,法人,fǎ rén,legal person; corporation; see also 自然自然人[zi4 ran2 ren2],法人,该公司是独立法人单位。,その会社は独立した法人組織です。,The company is an independent legal entity.,这家公司作为法人，有独立承担法律责任的资格。,この会社は法人として、独立して法的責任を負う資格がある。
504,番,fān,to take turns; order in series; time; a kind of; barbarians,回,这番话令人深思。,この言葉は人を深く考えさせます。,These words make people think deeply.,这部电影我看了好几番，每次都有不同的感受。,この映画は何度も見たが、そのたびに違った感動がある。
505,凡是,fán shì,every; all,すべて,凡是努力的人都成功。,努力する者は皆成功します。,Everyone who works hard succeeds.,凡是参加考试的学生，都必须携带身份证明材料。,試験に参加する者はすべて身分証明書を携帯しなければならない。
506,繁华,fán huá,flourishing; bustling,繁華,城市中心十分繁华。,市の中心部は非常に繁華です。,The city center is very bustling.,市中心的繁华地段每天吸引着大量游客和购物者。,市の中心の繁華な地区は毎日大量の観光客と買い物客を引きつけている。
507,繁忙,fán máng,busy; bustling,繁忙,他每天工作都很繁忙。,彼は毎日とても忙しく働いています。,He is very busy working every day.,节假日期间，交通繁忙，出行需提前规划路线。,休日期間は交通が繁忙で、外出はあらかじめルートを計画する必要がある。
508,繁体字,fán tǐ zì,traditional Chinese character,繁体字,台湾使用繁体字书写。,台湾では繁体字を使って書きます。,Taiwan uses traditional Chinese characters for writing.,台湾和香港广泛使用繁体字作为书写文字。,台湾と香港では繁体字が広く書き文字として使われている。
509,繁殖,fán zhí,to breed; to reproduce; to propagate,繁殖,动物在春天大量繁殖。,動物は春に大量に繁殖します。,Animals reproduce in large numbers in spring.,科学家们研究动物的繁殖规律，以保护濒危物种。,科学者たちは動物の繁殖の規律を研究し、絶滅危惧種を保護している。
510,反驳,fǎn bó,to retort; to refute,反駁,他勇敢地反驳了质疑。,彼は勇敢に疑問を反論しました。,He bravely refuted the doubts.,面对对方的指责，他冷静地反驳了所有不实的言论。,相手の非難に対して、彼は冷静にすべての不当な言論を反駁した。
511,反常,fǎn cháng,unusual; abnormal,異常,气候出现了反常现象。,気候に異常現象が現れました。,Abnormal climate phenomena have appeared.,这种反常的天气现象可能与全球气候变暖有关。,この異常な天候現象は地球温暖化と関係があるかもしれない。
512,反感,fǎn gǎn,to be disgusted with; to dislike; bad reaction; antipathy,反感,他对不公现象感到反感。,彼は不公平な現象に反感を感じています。,He feels disgusted by the unfair phenomena.,他对这种不公平的待遇感到强烈反感，决定提出申诉。,彼はこの不公平な扱いに強い反感を感じ、訴えを提出することにした。
513,反抗,fǎn kàng,to resist; to rebel,反抗,人民反抗暴政统治。,人民は暴政の支配に反抗します。,The people resist tyrannical rule.,为了争取权益，工人们集体反抗了企业的不合理规定。,権利を争うために、労働者たちは企業の不合理な規定に集団で反抗した。
514,反馈,fǎn kuì,to send back information; feedback,フィードバック,请给予及时反馈意见。,どうか適時にフィードバックをお願いします。,Please provide timely feedback.,公司及时收集客户的反馈意见，以便改进产品质量。,会社は顧客からのフィードバックを迅速に収集し、製品の品質改善に役立てている。
515,反面,fǎn miàn,reverse side of sth; opposite side of some topic; the other side,反面,问题的反面需要分析。,問題の裏面も分析する必要があります。,The opposite side of the problem needs to be analyzed.,任何事物都有其反面，我们应该全面看待问题。,あらゆる事物にはその裏面があり、私たちは問題を全面的に見るべきだ。
516,反射,fǎn shè,to reflect; reflection (from a mirror etc); reflex (i.e. automatic reaction of organism),反射,光线被镜面反射。,光は鏡面で反射されます。,Light is reflected by the mirror surface.,光线通过镜面反射后，改变了传播的方向。,光は鏡面で反射した後、伝播の方向を変えた。
517,反思,fǎn sī,to think back over sth; to review; to revisit; to rethink; reflection; reassessment,反省,他深刻反思了错误。,彼は誤りを深く反省しました。,He deeply reflected on his mistakes.,经过这次失败，他深刻反思了自己的不足和错误。,今回の失敗を経て、彼は自分の不足や過ちを深く反省した。
518,反问,fǎn wèn,to ask (a question) in reply; to answer a question with a question; rhetorical question,反問,老师用反问激发思考。,先生は反問を使って思考を刺激します。,The teacher uses rhetorical questions to stimulate thinking.,他的话语中带有反问的语气，表达了怀疑和不满。,彼の言葉には反問の口調があり、疑問と不満を表していた。
519,反之,fǎn zhī,on the other hand...; conversely...,逆に,努力不足，反之必失败。,努力が足りなければ、逆に必ず失敗します。,"If you lack effort, on the contrary, you will definitely fail.",正面进攻困难重重，反之可以采取迂回战术。,正面攻撃は困難が多いが、逆に迂回戦術を取ることができる。
520,泛滥,fàn làn,to be in flood; to overflow (the banks); to inundate; to spread unchecked,氾濫,洪水导致河水泛滥。,洪水は川の水の氾濫を引き起こしました。,The flood caused the river to overflow.,洪水泛滥导致农田被淹没，农作物受到严重破坏。,洪水の氾濫により農地が水没し、農作物が深刻な被害を受けた。
521,范畴,fàn chóu,category,範疇,这不属于讨论范畴。,これは議論の範囲に属しません。,This does not fall within the scope of discussion.,语言学中的范畴划分有助于理解词汇的意义结构。,言語学における范畴の区分は語彙の意味構造を理解するのに役立つ。
522,贩卖,fàn mài,to sell; to peddle; to traffic,販売,他们非法贩卖野生动物。,彼らは野生動物を違法に販売しています。,They illegally sell wild animals.,警方成功查获了一起非法贩卖野生动物的案件。,警察は違法な野生動物の売買事件を成功裏に摘発した。
523,方位,fāng wèi,direction; points of the compass; bearing; position; azimuth,方位,请确认地图上的方位。,地図上の方位を確認してください。,Please confirm the directions on the map.,利用太阳方位可以帮助建筑设计更好地采光和通风。,太陽の方位を利用することで建築の採光や通風をより良く設計できる。
524,方言,fāng yán,dialect,方言,南方方言差异很大。,南方の方言は大きな差異があります。,Southern dialects have large differences.,中国各地的方言差异反映了丰富多样的文化特色。,中国各地の方言の違いは豊かで多様な文化的特徴を反映している。
525,方圆,fāng yuán,circumference;,範囲,方圆十公里内禁止。,半径十キロメートル以内は禁止です。,It is prohibited within a radius of ten kilometers.,学校的方圆几公里范围内设立了多个交通安全监控点。,学校の周囲数キロメートルの範囲内に複数の交通安全監視ポイントが設置された。
526,方针,fāng zhēn,policy; guidelines; CL:个,方針,公司制定了发展方针。,会社は発展方針を制定しました。,The company formulated development policies.,企业的发展方针应当适应市场变化，灵活调整战略。,企業の発展方針は市場の変化に適応し、戦略を柔軟に調整すべきだ。
527,防守,fáng shǒu,defend; protect (against),防守,球队加强防守策略。,チームは守備戦略を強化しました。,The team strengthened its defensive strategy.,球队在比赛中采取了积极防守的战术，成功抵御了对手的进攻。,チームは試合中積極的な守備戦術を採用し、相手の攻撃をうまく防いだ。
528,防御,fáng yù,defense,防御,军队建起坚固防御工事。,軍隊は堅固な防御工事を築きました。,The army built solid defensive fortifications.,军队加强了边境的防御，确保国家安全不受威胁。,軍隊は国境の防御を強化し、国家の安全が脅かされないようにした。
529,防止,fáng zhǐ,to prevent; to guard against; to take precautions,防止,措施有效防止事故发生。,措置は事故の発生を効果的に防止しました。,The measures effectively prevented accidents.,为了防止火灾发生，居民必须定期检查电线线路。,火災を防止するために、住民は定期的に電線回路を点検しなければならない。
530,防治,fáng zhì,prevention and cure,防治,积极防治传染病疫情。,感染症の流行を積極的に防治します。,Actively prevent and control infectious disease outbreaks.,政府加大了对传染病的防治力度，保障公众健康。,政府は感染症の防治努力を強化し、公共の健康を保障している。
531,纺织,fǎng zhī,spinning and weaving,紡績,该厂主要从事纺织业。,その工場は主に繊維業に従事しています。,The factory mainly engages in the textile industry.,该地区的纺织工业发展迅速，带动了当地经济繁荣。,この地域の紡績産業は急速に発展し、地元経済の繁栄を促進している。
532,访问,fǎng wèn,to visit; to call on; to interview; CL:次[ci4],訪問,他计划访问欧洲多国。,彼はヨーロッパの複数の国を訪問する計画です。,He plans to visit multiple European countries.,总统将于下周访问该国，促进两国友好关系的发展。,大統領は来週その国を訪問し、両国の友好関係の発展を促進する予定だ。
533,放大,fàng dà,to enlarge; to magnify,拡大,显微镜可放大图像。,顕微鏡は画像を拡大できます。,A microscope can magnify images.,显微镜可以放大物体，使细胞结构清晰可见。,顕微鏡は物体を拡大し、細胞構造を鮮明に見ることができる。
534,放射,fàng shè,to radiate; radioactive,放射,放射线对人体有害。,放射線は人体に有害です。,Radiation is harmful to the human body.,放射性物质的泄漏对环境和人体健康构成严重威胁。,放射性物質の漏出は環境と人体の健康に深刻な脅威をもたらす。
535,非法,fēi fǎ,illegal,違法,非法行为必须严惩。,違法行為は厳しく処罰されなければなりません。,Illegal acts must be severely punished.,非法采矿活动导致了土地资源的严重破坏和生态失衡。,違法採掘活動が土地資源の深刻な破壊と生態系の不均衡を引き起こした。
536,飞禽走兽,fēi qín zǒu shòu,birds and animals; the beasts of the field and the birds of the air,鳥獣,森林里有许多飞禽走兽。,森には多くの鳥獣がいます。,There are many birds and beasts in the forest.,森林中生活着各种飞禽走兽，生态系统非常丰富多样。,森林にはさまざまな鳥獣が生息し、生態系は非常に豊かで多様だ。
537,飞翔,fēi xiáng,fly,飛翔,鹰在天空自由飞翔。,鷲は空を自由に飛翔しています。,The eagle flies freely in the sky.,鹰在天空中自由飞翔，展现出强大的生命力和活力。,鷲は空中を自由に飛翔し、強大な生命力と活力を見せている。
538,飞跃,fēi yuè,to leap,飛躍,科技发展取得飞跃。,科学技術の発展は飛躍的な成果を得ました。,Scientific and technological development has made a leap.,科技的飞跃发展极大地推动了社会生产力的进步。,科学技術の飛躍的な発展は社会の生産力の進歩を大きく促進した。
539,肥沃,féi wò,fertile,肥沃,这片土地非常肥沃。,この土地は非常に肥沃です。,This land is very fertile.,这片肥沃的土地非常适合种植各种农作物。,この肥沃な土地はさまざまな農作物の栽培に非常に適している。
540,诽谤,fěi bàng,slander; libel,誹謗,他遭受无端诽谤攻击。,彼は理不尽な誹謗中傷を受けました。,He suffered from groundless slander and attacks.,他遭受了无端的诽谤，但依然保持了良好的心态。,彼は根拠のない誹謗中傷を受けたが、それでも良い心態を保ち続けた。
541,废除,fèi chú,to abolish; to abrogate; to repeal,廃止,旧法规已被废除。,旧い法規はすでに廃止されました。,The old regulations have been abolished.,政府决定废除过时的法规，推动法律体系现代化。,政府は時代遅れの法規を廃止し、法体系の現代化を推進することに決めた。
542,废寝忘食,fèi qǐn wàng shí,to neglect sleep and forget about food (idiom); to skip one's sleep and meals; to be completely wrapped up in one's work;,寝食忘れる,他废寝忘食地学习。,彼は寝食を忘れて勉強しました。,He studied so hard that he forgot to eat and sleep.,科学家们废寝忘食地进行实验，终于取得了突破性的成果。,科学者たちは寝食を忘れて実験に取り組み、ついに画期的な成果を得た。
543,废墟,fèi xū,ruins,廃墟,战争后满目废墟。,戦争後は一面の廃墟でした。,"After the war, there was nothing but ruins.",战争结束后，城市变成了一片废墟，亟需重建工作。,戦争終了後、都市は廃墟と化し、早急な再建が必要だった。
544,沸腾,fèi téng,boiling; ebullition,沸騰,水在锅中沸腾起来。,水が鍋の中で沸騰し始めました。,The water began to boil in the pot.,湖水在阳光照射下沸腾般翻滚，景象十分壮观。,湖水は日光の照射で沸騰するように波立ち、その景色は非常に壮観だった。
545,肺,fèi,lung; CL:个,肺,肺部健康至关重要。,肺の健康は非常に重要です。,Lung health is crucial.,吸烟对肺部健康有严重危害，应尽早戒烟保护自己。,喫煙は肺の健康に深刻な害を及ぼすため、早めに禁煙して自分を守るべきだ。
546,分辨,fēn biàn,to distinguish; to differentiate; to resolve; to defend against an accusation; to exculpate,識別,他能分辨真假货品。,彼は本物と偽物を見分けることができます。,He can distinguish between genuine and fake products.,他能够准确分辨不同鸟类的叫声，显示出丰富的知识。,彼は異なる鳥類の鳴き声を正確に識別でき、豊富な知識を示している。
547,分寸,fēn cun,propriety; appropriate behavior; proper speech or action; within the norms,分寸,讲话要把握分寸。,話すときは分寸をわきまえるべきです。,You should grasp the proper measure when speaking.,在谈话中要注意分寸，避免说话过于直接伤害他人。,会話では分別をわきまえ、あまり直接的に話して相手を傷つけないようにするべきだ。
548,分红,fēn hóng,a bonus; to award a bonus,配当,公司发放年度分红。,会社は年次配当を支給します。,The company distributes annual dividends.,公司今年发放了丰厚的分红，激励员工更加努力工作。,会社は今年豊富な配当を支給し、社員のさらなる努力を促した。
549,分解,fēn jiě,to resolve; to decompose; to break down,分解,化学反应将物质分解。,化学反応は物質を分解します。,Chemical reactions decompose substances.,化学反应过程中，复杂的物质会分解成简单的成分。,化学反応の過程で、複雑な物質は単純な成分に分解される。
550,分裂,fēn liè,to split up; to divide; to break up; fission,分裂,集团内部出现分裂。,グループ内に分裂が生じました。,A split occurred within the group.,政治分裂导致国家内部矛盾加剧，社会不稳定因素增多。,政治の分裂は国家内部の矛盾を激化させ、社会の不安定要素を増加させた。
551,分泌,fēn mì,secrete,分泌,内分泌系统调节激素。,内分泌系はホルモンを調節する。,The endocrine system regulates hormones.,人体通过内分泌系统分泌多种激素来调节身体的各种功能。,人体は内分泌系を通じてさまざまなホルモンを分泌し、身体のさまざまな機能を調節する。
552,分明,fēn míng,clearly demarcated; sharply contoured,明確,事实分明，真相大白。,事実は明らかで、真相がはっきりした。,"The facts are clear, and the truth is revealed.",这两者的区别非常分明，几乎没有混淆的可能。,この二つの違いは非常に明確で、ほとんど混同の可能性はない。
553,分歧,fēn qí,"difference (of opinion, position); bifurcation",分裂,意见分歧导致争论。,意見の相違が議論を引き起こした。,Differences in opinion led to a debate.,关于未来发展的战略，公司内部出现了严重的分歧。,将来の発展戦略について、会社内部に深刻な意見の相違が生じた。
554,分散,fēn sàn,scatter; disperse; distribute,分散,投资风险应分散。,投資リスクは分散すべきだ。,Investment risks should be diversified.,资金分散投资可以有效降低风险，提高收益的稳定性。,資金を分散投資することで、リスクを効果的に減らし、収益の安定性を高めることができる。
555,吩咐,fēn fù,to tell; to instruct; to command,吩咐,老师吩咐我们认真听讲。,先生は私たちに真剣に授業を聞くように指示した。,The teacher instructed us to listen attentively.,老师吩咐我们课后必须完成所有指定的练习题。,先生は私たちに放課後にすべての指定された練習問題を必ず終えるように命じた。
556,坟墓,fén mù,sepulcher; tomb,墓地,先人的坟墓被修缮。,先祖の墓が修繕された。,The ancestors' graves were repaired.,古代先人的坟墓反映了那个时代的文化和习俗。,古代の先人の墓は、その時代の文化や習慣を反映している。
557,粉末,fěn mò,fine powder; dust,粉末,药粉末必须均匀。,薬の粉末は均一でなければならない。,The medicine powder must be uniform.,这种药物通常以粉末形式服用，便于吸收。,この薬は通常粉末状で服用され、吸収しやすい。
558,粉色,fěn sè,white; light pink; erotic; beautiful woman; powdered (with make-up),薄紅色,她穿着粉色连衣裙。,彼女はピンクのワンピースを着ている。,She is wearing a pink dress.,她穿了一件淡粉色的连衣裙，看起来非常温柔。,彼女は淡いピンク色のワンピースを着ていて、とても優しそうに見える。
559,粉碎,fěn suì,crash; break up,粉碎,敌军被彻底粉碎。,敵軍は徹底的に粉砕された。,The enemy forces were completely crushed.,机器在高速运转时突然粉碎，导致生产线停滞。,機械が高速で運転中に突然粉砕し、生産ラインが停止した。
560,分量,fèn liàng,weight; measure,分量,这道菜的分量足够。,この料理の分量は十分だ。,The portion of this dish is sufficient.,这道菜的分量很足，足以满足两个人的食量。,この料理の分量は十分で、二人分の食欲を満たすことができる。
561,愤怒,fèn nù,angry; indignant,憤怒,他因不公而愤怒。,彼は不公平に怒っている。,He is angry because of injustice.,他对于不公正的待遇感到极度愤怒，决定采取行动。,彼は不公平な扱いに非常に憤怒し、行動を起こすことを決意した。
562,丰满,fēng mǎn,plentiful; rich; plump; well-rounded,丰满,雕塑线条丰满细腻。,彫刻の線は豊かで繊細だ。,The sculpture's lines are full and delicate.,她的身材丰满，气质优雅，给人留下深刻印象。,彼女は体格が豊かで気品があり、深い印象を残す。
563,丰盛,fēng shèng,rich; sumptuous,丰盛,晚宴菜肴丰盛多样。,晩餐の料理は豊富で多様だ。,The banquet dishes are abundant and varied.,宴会上的菜肴丰盛，体现了主人的热情好客。,宴会の料理は豪華で、主人の心からのおもてなしを表している。
564,丰收,fēng shōu,bumper harvest,丰收,今年粮食丰收喜人。,今年の穀物の収穫は喜ばしい。,This year's grain harvest is gratifying.,今年秋天的丰收让农民们脸上都露出了笑容。,今年の秋の豊作は農民たちの顔に笑顔をもたらした。
565,封闭,fēng bì,to seal; to close; to confine; to seal off; to close down; sealed; confined; closed; unreceptive,封閉,会议室临时封闭。,会議室は臨時に閉鎖された。,The meeting room was temporarily closed.,由于疫情防控需要，学校决定暂时封闭校园，禁止外来人员进入。,感染防止のため、学校は一時的にキャンパスを封鎖し、外部の人の立ち入りを禁止することを決定した。
566,封建,fēng jiàn,system of enfeoffment; feudalism; feudal; feudalistic,封建,封建制度已被废除。,封建制度はすでに廃止された。,The feudal system has been abolished.,封建社会的等级制度限制了个人自由和社会发展。,封建社会の身分制度は個人の自由と社会の発展を制限した。
567,封锁,fēng suǒ,to blockade; to seal off,封鎖,港口被海军封锁。,港は海軍によって封鎖された。,The port was blockaded by the navy.,政府为了维护国家安全，决定封锁部分边境地区。,政府は国家の安全を守るために、一部の国境地域を封鎖することを決定した。
568,锋利,fēng lì,sharp (e.g. knife blade); incisive; to the point,鋭利,刀锋十分锋利锋利。,刃は非常に鋭い。,The blade is very sharp.,这把刀刃锋利，可以轻松切割各种材料。,このナイフの刃は鋭く、さまざまな材料を簡単に切断できる。
569,风暴,fēng bào,"storm; violent commotion; fig. crisis (e.g. revolution, uprising, financial crisis etc)",暴風,风暴席卷沿海城市。,嵐が沿岸の都市を襲った。,The storm swept through the coastal city.,突如其来的风暴造成了严重的破坏和人员伤亡。,突然の暴風は深刻な被害と人的損害をもたらした。
570,风度,fēng dù,elegance (for men); elegant demeanor; grace; poise,風格,他的风度令人敬佩。,彼の風格は敬服に値する。,His demeanor is admirable.,他举止优雅，风度翩翩，给人留下良好的印象。,彼は振る舞いが優雅で、風格があり、良い印象を与える。
571,风光,fēng guāng,scene; view; sight; landscape; to be well-regarded; to be well-off; grand (topolect); impressive (topolect),風景,这里的风光美不胜收。,ここからの風景は素晴らしい。,The scenery here is breathtaking.,这座城市的风光旖旎，吸引了大量游客前来观光。,この都市の風光は美しく、多くの観光客を惹きつけている。
572,风气,fēng qì,general mood; atmosphere; common practice,風氣,社会风气逐渐改善。,社会の風潮は徐々に改善している。,The social atmosphere is gradually improving.,良好的风气有助于促进社会的和谐与进步。,良い風潮は社会の調和と進歩を促進するのに役立つ。
573,风趣,fēng qù,humor; wit; humorous; witty,風趣,他讲话风趣幽默。,彼の話し方はユーモアがあって面白い。,He speaks with wit and humor.,他的讲话风趣幽默，赢得了听众的热烈掌声。,彼の話は風趣がありユーモアに富んでいて、聴衆の熱烈な拍手を得た。
574,风土人情,fēng tǔ rén qíng,local conditions and customs (idiom),風土人情,了解风土人情很重要。,風土や人情を理解することは重要だ。,Understanding local customs and human relations is important.,了解风土人情对于深入沟通和交流非常重要。,風土や人情を理解することは、深いコミュニケーションと交流に非常に重要だ。
575,风味,fēng wèi,local flavor; local style,風味,这道菜有独特风味。,この料理は独特の風味がある。,This dish has a unique flavor.,这家餐厅以其独特的地方风味吸引了众多食客。,このレストランは独特な地元の風味で多くの食通を引きつけている。
576,逢,féng,to meet by chance; to come across; to fawn upon,逢う,逢年过节大家团聚。,年末年始には皆が集まる。,Everyone gathers during the holidays.,逢年过节，他总是回家与亲人团聚，共度美好时光。,年末年始には、彼はいつも家に帰って家族と団らんし、楽しい時間を過ごす。
577,奉献,fèng xiàn,to consecrate; to dedicate; to devote,奉献,志愿者奉献爱心。,ボランティアは愛を捧げる。,Volunteers dedicate their love.,他毕生奉献于教育事业，培养了无数优秀人才。,彼は生涯を教育事業に捧げ、数え切れない優秀な人材を育てた。
578,否决,fǒu jué,veto; to overrule; to veto; to reject,否決,议案遭到一致否决。,議案は全会一致で否決された。,The proposal was unanimously rejected.,董事会否决了这项不符合公司利益的提案。,取締役会は会社の利益に合わないこの提案を否決した。
579,夫妇,fū fù,a (married) couple; husband and wife; CL:对[dui4],夫妻,夫妇关系和睦幸福。,夫婦関係は和やかで幸福だ。,The couple's relationship is harmonious and happy.,这对夫妇共同经营着一家小餐馆，生活幸福美满。,この夫婦は一緒に小さなレストランを営み、幸せな生活を送っている。
580,夫人,fū ren,lady; madam; Mrs.; CL:位[wei4],夫人,夫人优雅出席晚宴。,夫人は優雅に晩餐会に出席した。,The lady attended the banquet elegantly.,那位夫人以她慈祥的态度赢得了大家的尊敬。,その夫人は彼女の慈愛に満ちた態度で皆の尊敬を集めた。
581,敷衍,fū yǎn,to elaborate (on a theme); to expound (the classics); perfunctory; to skimp; to botch; to do sth half-heartedly or just for show; barely enough to get by,いい加減,他工作态度敷衍了事。,彼の仕事態度はいい加減だ。,His work attitude is perfunctory.,他对工作敷衍了事，导致项目进展缓慢。,彼は仕事をいい加減にやったため、プロジェクトの進行が遅れた。
582,俘虏,fú lǔ,captive,俘虜,战俘被妥善安置。,戦俘は適切に収容された。,The prisoners of war were properly accommodated.,战争中，许多士兵被敌军俘虏，经历了艰难的时光。,戦争中、多くの兵士が敵軍に捕虜となり、苦しい時期を過ごした。
583,幅度,fú dù,width; extent; range; scope,幅度,价格波动幅度较大。,価格の変動幅はかなり大きい。,The price fluctuations are quite large.,根据市场需求，产品价格的幅度进行了适当调整。,市場の需要に応じて、商品の価格幅を適切に調整した。
584,服从,fú cóng,to obey (an order); to comply; to defer,服從,员工必须服从管理。,従業員は管理に従わなければならない。,Employees must obey management.,员工必须服从公司的规章制度，确保团队协作顺畅。,従業員は会社の規則を遵守し、チームの円滑な協力を確保しなければならない。
585,服气,fú qì,to be convinced; to accept,心服,我对他的能力服气。,私は彼の能力に感服している。,I am impressed by his ability.,经过详细解释，他终于服气，接受了专家的建议。,詳細な説明を受けて、彼はようやく納得し、専門家の助言を受け入れた。
586,福利,fú lì,(material) welfare; well-being,福利,公司提供良好福利。,会社は良好な福利厚生を提供している。,The company provides good benefits.,公司为员工提供了完善的福利待遇，提升了工作积极性。,会社は従業員に充実した福利厚生を提供し、仕事への積極性を高めた。
587,福气,fú qi,good fortune; to enjoy good fortune,幸運,他觉得自己很有福气。,彼は自分はとても幸運だと思っている。,He feels that he is very fortunate.,她认为拥有健康的身体是最大的福气和财富。,彼女は健康な体を持つことが最大の福気と富だと考えている。
588,符号,fú hào,symbol; mark; sign,記号,数学符号必须准确。,数学の記号は正確でなければならない。,Mathematical symbols must be accurate.,数学中的符号系统帮助我们更方便地表达复杂的概念。,数学の記号体系は複雑な概念をより便利に表現するのに役立つ。
589,辐射,fú shè,radiation,放射,核辐射对健康有害。,核放射線は健康に有害だ。,Nuclear radiation is harmful to health.,核辐射对环境和人体健康造成了极大的威胁。,核放射線は環境と人体の健康に大きな脅威をもたらす。
590,俯视,fǔ shì,to look down at; to overlook,俯瞰,从高处俯视城市景观。,高い所から都市の景観を見下ろす。,View the cityscape from a high place.,站在高楼上俯视整个城市，景色尽收眼底。,高層ビルの上に立って街全体を見下ろすと、景色が一望できる。
591,抚摸,fǔ mō,to gently caress and stroke; to pet; to fondle;,撫摸,母亲轻轻抚摸孩子。,母親は子供を優しく撫でた。,The mother gently stroked the child.,他轻轻抚摸着孩子的头发，表达出浓浓的爱意。,彼は優しく子供の髪を撫で、深い愛情を表した。
592,抚养,fǔ yǎng,to foster; to bring up; to raise,扶養,他们共同抚养孩子。,彼らは一緒に子供を育てている。,They raise the child together.,单亲家庭面临更多抚养孩子的困难与挑战。,ひとり親家庭は子供の養育においてより多くの困難と挑戦に直面している。
593,腐败,fǔ bài,corruption; corrupt; rotten,腐敗,腐败现象必须根除。,腐敗現象は根絶しなければならない。,Corruption must be eradicated.,腐败现象严重影响了政府的公信力和社会稳定。,腐敗現象は政府の信用力と社会の安定に深刻な影響を与えている。
594,腐烂,fǔ làn,to rot; to become gangrenous,腐敗,食物因腐烂而变质。,食べ物は腐って品質が悪くなった。,The food spoiled and deteriorated.,食物长时间放置后容易腐烂，导致浪费和健康隐患。,食品は長時間放置すると腐敗しやすく、無駄や健康上のリスクを引き起こす。
595,腐蚀,fǔ shí,corrosion; to corrode (degrade chemically); to rot; corruption,腐蝕,金属表面被腐蚀严重。,金属の表面はひどく腐食している。,The metal surface is severely corroded.,酸性雨对建筑物的腐蚀速度远远超过预期。,酸性雨は建物の腐食速度を予想以上に加速させる。
596,腐朽,fǔ xiǔ,rotten; decayed; decadent; degenerate,腐朽,旧建筑已经腐朽倒塌。,古い建物はすでに腐朽して倒壊した。,The old building has decayed and collapsed.,随着时间推移，许多古老的文献逐渐腐朽难以保存。,時間の経過とともに、多くの古文書は次第に腐朽し保存が難しくなる。
597,辅助,fǔ zhù,to assist; to aid; supplementary; auxiliary; subsidiary,補助,辅助设备提高效率。,補助設備は効率を向上させる。,Auxiliary equipment improves efficiency.,新软件辅助用户更高效地完成复杂的数据分析任务。,新しいソフトウェアはユーザーが複雑なデータ分析作業をより効率的に行うのを補助する。
598,副,fù,secondary; auxiliary; deputy; assistant; vice-; abbr. for 副副词 adverb; classifier for pairs,副,他是副经理职位。,彼は副マネージャーの職にある。,He holds the position of deputy manager.,这副眼镜不仅时尚，而且具有防紫外线功能。,このメガネはスタイリッシュなだけでなく、紫外線防止機能も備えている。
599,复活,fù huó,to bring back to life; to revive; resurrection,復活,植物在春天复活。,植物は春に再び生き返る。,Plants revive in spring.,春天象征着万物复活和新的希望的开始。,春は万物の復活と新たな希望の始まりを象徴している。
600,复兴,fù xīng,to revive; rebirth,復興,经济复兴带来希望。,経済の復興は希望をもたらす。,Economic revival brings hope.,国家通过改革开放实现了经济的快速复兴和发展。,国家は改革開放を通じて経済の急速な復興と発展を実現した。
601,富裕,fù yù,abundant; affluent; richness; affluence,裕福,他们家非常富裕。,彼らの家は非常に裕福です。,Their family is very wealthy.,随着经济的发展，越来越多的家庭达到了富裕的生活水平，享受着高质量的教育和医疗资源。,経済の発展に伴い、ますます多くの家庭が裕福な生活水準に達し、高品質な教育や医療資源を享受しています。
602,腹泻,fù xiè,diarrhea; to have the runs,下痢,他因食物中毒腹泻。,彼は食中毒で下痢をしました。,He had diarrhea due to food poisoning.,食用不洁净的食物可能导致腹泻，严重时需要及时就医治疗。,不衛生な食べ物を食べると腹泻を引き起こす可能性があり、重症の場合は速やかに医療機関で治療を受ける必要があります。
603,覆盖,fù gài,to cover,覆蓋,云层覆盖了天空。,雲が空を覆っている。,The clouds cover the sky.,这项新技术已经覆盖了全国大部分地区，大大提升了信息传播的效率。,この新技術はすでに全国の大部分の地域をカバーしており、情報伝達の効率を大幅に向上させました。
604,负担,fù dān,burden; to bear a burden,負担,房贷成为家庭负担。,住宅ローンが家庭の負担になっている。,The mortgage has become a burden for the family.,为了减轻家庭经济负担，政府出台了多项补贴政策帮助低收入群体。,家庭の経済的負担を軽減するために、政府は低所得層を支援する複数の補助政策を打ち出しました。
605,赋予,fù yǔ,to assign; to entrust (a task); to give; to bestow,赋予,法律赋予公民权利。,法律は市民に権利を与える。,The law grants citizens rights.,父母赋予孩子的不仅是生命，更是面对未来挑战的勇气和智慧。,両親が子供に与えるのは生命だけでなく、未来の挑戦に立ち向かう勇気と知恵でもあります。
606,附和,fù hè,to parrot; to crib; to copy sb's action or words; to trail sb's footsteps; copy-cat,附和,他总是附和老板意见。,彼はいつも上司の意見に同調する。,He always agrees with the boss's opinions.,在讨论中，他总是盲目附和别人的观点，缺乏独立思考。,議論の中で彼はいつも盲目的に他人の意見に同調し、独立した考えが欠けています。
607,附件,fù jiàn,enclosure; attachment (email); appendix,添付ファイル,邮件附件已发送。,メールの添付ファイルは送信済みです。,The email attachment has been sent.,请在邮件的附件中查收本次会议的详细议程和相关资料。,メールの添付ファイルで今回の会議の詳細な議程と関連資料をご確認ください。
608,附属,fù shǔ,subsidiary; auxiliary; attached; affiliated; subordinate; subordinating,付属,这所大学附属医院。,この大学には附属病院があります。,This university has an affiliated hospital.,这家公司的附属机构负责产品的售后服务和客户支持。,この会社の関連機関は製品のアフターサービスと顧客サポートを担当しています。
609,改良,gǎi liáng,improve,改良,科学家改良了品种。,科学者たちは品種を改良した。,Scientists improved the variety.,为了提高农作物的产量，科学家们不断进行品种的改良和技术创新。,作物の収量を向上させるために、科学者たちは品種改良と技術革新を絶えず行っています。
610,盖章,gài zhāng,to affix a seal (to sth),押印,合同已盖章确认。,契約書は押印され確認された。,The contract has been stamped and confirmed.,所有合同文件都需要经过主管部门的盖章才能生效。,すべての契約書類は主管部門の押印を経て初めて効力を持ちます。
611,钙,gài,calcium (chemistry);,カルシウム,牛奶富含钙元素。,牛乳はカルシウムを豊富に含んでいる。,Milk is rich in calcium.,钙是人体骨骼和牙齿健康不可缺少的重要矿物质。,カルシウムは人体の骨格と歯の健康に欠かせない重要なミネラルです。
612,尴尬,gān gà,awkward; embarrassed,気まずい,场面一时尴尬。,その場面は一時的に気まずかった。,The scene was awkward for a moment.,当他突然发现自己说错话时，场面一度变得非常尴尬。,彼が突然自分の発言が間違っていると気づいた時、場面は一時非常に気まずくなった。
613,干旱,gān hàn,drought; arid; dry,干ばつ,今年夏季干旱严重。,今年の夏は干ばつが深刻だ。,This summer's drought is severe.,连续几个月的干旱导致农作物严重减产，给农民带来了巨大损失。,数か月にわたる干ばつにより作物の収穫量が大幅に減少し、農民に大きな損失をもたらしました。
614,干扰,gān rǎo,to interfere; obstruction,妨害,噪音干扰了学习。,騒音が勉強の妨げになった。,Noise interfered with studying.,噪音干扰了学生们的学习环境，影响了他们的注意力和成绩。,騒音が学生たちの学習環境を妨害し、彼らの集中力と成績に影響を与えました。
615,干涉,gān shè,to interfere; to meddle; interference,干渉,不要干涉他人生活。,他人の生活に干渉しないでください。,Please do not interfere with others' lives.,他不喜欢别人干涉自己的生活，希望能够自由地做出选择。,彼は他人に自分の生活を干渉されるのを嫌い、自由に選択できることを望んでいます。
616,干预,gān yù,to meddle; to intervene; intervention,介入,政府干预市场经济。,政府は市場経済に介入した。,The government intervened in the market economy.,政府应当适度干预市场，防止经济出现过度波动和风险。,政府は市場に適度に干渉し、経済の過度な変動やリスクを防ぐべきです。
617,感慨,gǎn kǎi,lament; with a tinge of emotion or regret,感慨,听完故事，他感慨万千。,話を聞き終えて、彼は感慨深かった。,"After listening to the story, he was full of emotion.",看到老朋友多年未见的变化，他不禁感慨万千，回忆起昔日时光。,久しぶりに会った旧友の変化を見て、彼は思わず感慨にふけり、昔の思い出を振り返った。
618,感染,gǎn rǎn,infection; to infect; to influence,感染,病毒迅速感染人群。,ウイルスは人々に急速に感染した。,The virus rapidly infected the population.,病毒感染后，患者需要及时接受治疗以防止病情恶化。,ウイルス感染後、患者は病状の悪化を防ぐために速やかに治療を受ける必要があります。
619,干劲,gàn jìn,enthusiasm for doing sth,やる気,他工作非常有干劲。,彼は仕事に非常にやる気がある。,He is very motivated at work.,年轻人充满干劲，积极投身于创新创业的浪潮中。,若者たちはやる気に満ちあふれ、積極的にイノベーションや起業の波に乗っています。
620,扛,gāng,to raise aloft with both hands,担ぐ,工人扛起重物。,労働者は重い物を担いだ。,The worker carried heavy objects.,工人们齐心协力，扛起了繁重的建设任务，确保项目按时完成。,労働者たちは心を合わせて重い建設作業を担い、プロジェクトの期限内完成を確実にしました。
621,纲领,gāng lǐng,program; guiding principle,綱領,党纲领明确发展方向。,党の綱領は明確な発展方向を示している。,The party's program clearly indicates the direction of development.,党的纲领明确指出了实现社会主义现代化的奋斗目标和基本路线。,党の綱領は社会主義の現代化を実現するための闘争目標と基本路線を明確に示しています。
622,岗位,gǎng wèi,a post; a job,職位,他调到新岗位工作。,彼は新しい職場に異動した。,He was transferred to a new position.,在岗位上，要不断提升专业技能，发挥最大的工作价值。,職場では、専門技術を絶えず向上させ、最大限の仕事の価値を発揮しなければなりません。
623,港口,gǎng kǒu,port; harbor,港,船只停靠港口。,船は港に停泊した。,The ship docked at the port.,这个港口是该地区最大的货物集散中心，承担着重要的运输任务。,この港は地域最大の貨物集散センターであり、重要な輸送任務を担っています。
624,港湾,gǎng wān,natural harbor; bay serving as harbor,湾,港湾风景十分优美。,港湾の風景はとても美しい。,The harbor scenery is very beautiful.,自然港湾为船只提供了良好的避风条件，保障了航运安全。,自然の港湾は船舶に良好な避風条件を提供し、航行の安全を確保しています。
625,杠杆,gàng gǎn,lever; pry bar; crowbar; financial leverage,てこ,杠杆原理应用广泛。,レバレッジの原理は広く応用されている。,The principle of leverage is widely applied.,他利用财务杠杆放大投资收益，同时也承担了较大的风险。,彼は財務レバレッジを利用して投資収益を拡大する一方で、大きなリスクも負っています。
626,高超,gāo chāo,excellent; superlative,卓越,他的技术非常高超。,彼の技術は非常に優れている。,His skills are very excellent.,这位艺术家的技艺高超，作品在国际展览中屡获大奖。,この芸術家の技術は高超で、作品は国際展覧会で度々大賞を受賞しています。
627,高潮,gāo cháo,high tide; high water; upsurge; climax; orgasm; chorus (part of a song),高潮,故事情节达到高潮。,物語の筋はクライマックスに達した。,The plot of the story reached its climax.,经济发展的高潮期，企业投资和消费需求都处于高涨状态。,経済発展のピーク期には、企業の投資や消費需要がともに高まっています。
628,高峰,gāo fēng,peak; summit; height,高峰,登上了山峰高峰。,山の頂上に登った。,Climbed to the mountain peak.,每年的旅游高峰期，景区都会迎来大量的游客，交通压力巨大。,毎年の観光ピーク時期には、観光地は大量の観光客を迎え、交通の負担が非常に大きくなります。
629,高明,gāo míng,wise; brilliant; superior,賢明,他做出高明决定。,彼は賢明な決断を下した。,He made a wise decision.,他的处理方法非常高明，成功化解了团队内部的矛盾。,彼の対処方法は非常に巧妙で、チーム内の対立をうまく解消しました。
630,高尚,gāo shàng,nobly; lofty,高尚,他品德高尚无私。,彼は高潔で無私の人格を持っている。,He has noble and selfless character.,他以高尚的品德赢得了大家的尊敬和信任。,彼は高尚な品格で皆の尊敬と信頼を勝ち取りました。
631,高涨,gāo zhǎng,upsurge; (tensions etc) run high,高揚,情绪高涨气氛热烈。,感情が高まり、雰囲気は熱烈だった。,Emotions were high and the atmosphere was enthusiastic.,市场需求的高涨促进了相关产业的快速发展和技术创新。,市場需要の高まりが関連産業の急速な発展と技術革新を促進しました。
632,稿件,gǎo jiàn,rough draft; material contributing to a final document,原稿,请提交稿件审核。,原稿を提出して審査を受けてください。,Please submit the manuscript for review.,编辑仔细审查了所有稿件，确保内容的准确性和规范性。,編集者はすべての原稿を注意深く審査し、内容の正確性と規範性を確保しました。
633,告辞,gào cí,to take leave,告辞,他向大家告辞离开。,彼は皆に別れを告げて去った。,He said goodbye to everyone and left.,会议结束后，他向大家正式告辞，感谢大家的支持和配合。,会議終了後、彼は皆に正式に別れの挨拶をし、支援と協力に感謝しました。
634,告诫,gào jiè,to warn; to admonish,警告,老师告诫学生努力。,先生は学生に努力するように戒めた。,The teacher admonished the students to work hard.,老师严肃地告诫学生们不要作弊，维护考试的公平公正。,先生は生徒たちにカンニングをしないよう厳しく戒告し、試験の公正さを守りました。
635,割,gē,to cut; to cut apart,切る,他割断了绳索。,彼はロープを切断した。,He cut the rope.,农民用镰刀割下成熟的稻谷，准备进行收割工作。,農民は鎌で成熟した稲を刈り取り、収穫作業の準備をしています。
636,搁,gē,to place; to put aside; to shelve,置く,书本搁在桌子上。,本は机の上に置かれている。,The book is placed on the desk.,书本暂时搁在桌子上，等会儿再继续阅读。,本は一時的に机の上に置いておき、後でまた読み続けます。
637,歌颂,gē sòng,sing the praises of; extol; eulogize,称賛,他们歌颂英雄事迹。,彼らは英雄の事績を称賛した。,They praised the heroic deeds.,诗人用优美的语言歌颂了祖国的大好河山和人民的勤劳勇敢。,詩人は美しい言葉で祖国の素晴らしい自然と人民の勤勉さと勇敢さを讃えました。
638,疙瘩,gē da,swelling or lump on skin; pimple; knot; preoccupation; problem,しこり,心里有些疙瘩难解。,心にいくつかのわだかまりがあり、解決しにくい。,There are some knots in the heart that are hard to resolve.,他心里总有个疙瘩，难以释怀过去的误会和矛盾。,彼の心にはいつも小さなわだかまりがあり、過去の誤解や対立をなかなか解消できません。
639,鸽子,gē zi,pigeon; dove; various birds of the species Columbidae,鳩,公园里飞来几只鸽子。,公園に数羽の鳩が飛んできた。,A few pigeons flew into the park.,鸽子在广场上自由飞翔，成为城市里和平的象征。,鳩が広場で自由に飛び回り、都市の平和の象徴となっています。
640,格局,gé jú,structure; pattern; layout,構造,城市格局正在改变。,都市の構造が変わりつつある。,The urban pattern is changing.,企业的管理格局需要随着市场环境的变化不断调整和完善。,企業の管理体制は市場環境の変化に伴い絶えず調整・改善する必要があります。
641,格式,gé shì,form; specification; format,形式,文件格式需统一。,ファイル形式を統一する必要がある。,The file format needs to be unified.,文档的格式必须统一，便于后期的归档和检索。,文書のフォーマットは統一しなければならず、後のファイリングや検索を容易にします。
642,隔阂,gé hé,estrangement,隔たり,两代人有隔阂。,二世代間には隔たりがある。,There is a gap between the two generations.,代沟导致了父母和子女之间的隔阂，需要通过沟通来化解。,世代間ギャップが親子間の溝を生み、コミュニケーションを通じて解消する必要があります。
643,隔离,gé lí,to separate; to isolate,隔離,病人被隔离治疗。,患者は隔離治療を受けている。,The patient is receiving isolated treatment.,为了防止传染病扩散，患者被隔离在专门的病房内接受治疗。,感染症の拡大を防ぐために、患者は専用の病室で隔離され治療を受けています。
644,革命,gé mìng,revolution; revolutionary (politics); CL:次[ci4],革命,历史上发生伟大革命。,歴史上、偉大な革命が起こった。,A great revolution occurred in history.,历史上的革命运动深刻改变了社会的结构和发展方向。,歴史上の革命運動は社会の構造と発展方向を深く変えました。
645,个体,gè tǐ,individual,個体,个体经济发展迅速。,個人経済は急速に発展している。,The individual economy is developing rapidly.,个体创业者在市场经济中发挥着越来越重要的作用。,個人起業家は市場経済の中でますます重要な役割を果たしています。
646,各抒己见,gè shū jǐ jiàn,everyone gives their own view,各自表明意見,会议上各抒己见。,会議で各自が意見を述べた。,Everyone expressed their opinions at the meeting.,在会议上，各抒己见，大家积极发表对项目的不同看法和建议。,会議ではそれぞれが自分の意見を述べ、皆が積極的にプロジェクトに対する様々な見解や提案を発表しました。
647,根深蒂固,gēn shēn dì gù,deep-rooted (problem etc),根深い,观念根深蒂固难改。,観念は根深く、変えにくい。,Ideas are deeply rooted and hard to change.,传统观念在某些地区根深蒂固，改变起来非常困难。,伝統的な観念は一部の地域で根強く根付いており、変えるのは非常に難しいです。
648,根源,gēn yuán,origin; root (cause),根源,找到问题根源所在。,問題の根源を見つけ出した。,Found the root cause of the problem.,环境污染问题的根源在于缺乏有效的管理和监督机制。,環境汚染問題の根本原因は効果的な管理と監督の仕組みの欠如にあります。
649,跟前,gēn qián,in front of; close to; nearby; the time just before,近く,他跟前站着一个人。,彼の前に一人の人が立っている。,A person is standing in front of him.,他站在跟前，耐心地向我解释了复杂的操作流程。,彼は私のすぐ近くに立って、複雑な操作手順を根気よく説明してくれました。
650,跟随,gēn suí,to follow,従う,孩子跟随父母学习。,子供は両親に従って学んでいる。,The child follows the parents to learn.,无论遇到什么困难，他总是坚定地跟随自己的理想和信念。,どんな困難に直面しても、彼はいつも自分の理想と信念に従い続けます。
651,跟踪,gēn zōng,to follow sb's tracks; to tail; to shadow,追跡,警方成功跟踪嫌疑人。,警察は容疑者の追跡に成功した。,The police successfully tracked the suspect.,警方通过高科技手段成功跟踪到了嫌疑人的行踪，最终将其逮捕归案。,警察はハイテク手段を使って容疑者の行動を成功裏に追跡し、最終的に逮捕した。
652,更新,gēng xīn,to replace the old with new; to renew; to renovate; to upgrade; to update; to regenerate,更新,软件需要定期更新。,ソフトウェアは定期的に更新する必要がある。,The software needs to be updated regularly.,软件开发团队定期更新系统，以保证用户体验的流畅和安全。,ソフトウェア開発チームは定期的にシステムを更新し、ユーザー体験の快適さと安全性を保証している。
653,更正,gēng zhèng,to correct; to make a correction,更正,请尽快更正错误信息。,誤った情報をできるだけ早く訂正してください。,Please correct the erroneous information as soon as possible.,由于之前的数据有误，公司及时发布公告进行更正并向客户致歉。,以前のデータに誤りがあったため、会社はすぐに公告を出して訂正し、顧客に謝罪した。
654,耕地,gēng dì,arable land; to plow land,耕作地,农民辛勤耕地养活乡亲。,農民は勤勉に耕作して村人たちを養っている。,Farmers work hard to cultivate the land and support the villagers.,农民们利用现代机械设备大面积耕地，提高了粮食产量和效率。,農民たちは現代の機械設備を使って大規模に耕作地を耕し、穀物の生産量と効率を向上させた。
655,供不应求,gōng bù yìng qiú,supply does not meet demand,供不应求,口罩市场供不应求。,マスクの市場は供給が需要に追いついていない。,The mask market supply cannot meet the demand.,由于市场需求激增，某些产品出现了供不应求的现象，价格随之上涨。,市場の需要が急増したため、ある製品は供給が需要に追いつかず、価格が上昇した。
656,供给,gōng jǐ,to furnish; to provide; supply (as in supply and demand),供给,工厂保证日常供给。,工場は日常の供給を保証している。,The factory guarantees daily supply.,政府加大了对贫困地区的物资供给，改善了当地居民的生活条件。,政府は貧困地域への物資の供給を増やし、現地住民の生活環境を改善した。
657,公安局,gōng ān jú,Public Security Bureau,公安局,公安局加强巡逻力度。,公安局はパトロールの強化を行っている。,The public security bureau has strengthened patrol efforts.,公安局加强了社区巡逻，确保居民的安全和社会秩序的稳定。,公安局は地域の巡回を強化し、住民の安全と社会秩序の安定を確保した。
658,公道,gōng dào,justice; fairness; public highway,公正,法官必须保持公道。,裁判官は公正を保たなければならない。,Judges must maintain fairness.,法官在审理案件时保持公道，确保每一位当事人都能得到公平的待遇。,裁判官は事件の審理において公正を保ち、すべての当事者が公平な扱いを受けられるようにした。
659,公告,gōng gào,post; announcement,公告,公司发布重要公告。,会社は重要な公告を発表した。,The company issued an important announcement.,公司发布了最新的公告，通知全体员工即将举行年度总结大会的具体安排。,会社は最新の公告を出し、全従業員に年次総括大会の具体的な日程を通知した。
660,公关,gōng guān,public relations,広報,公关活动提升品牌形象。,広報活動はブランドイメージを向上させる。,Public relations activities enhance brand image.,在危机公关中，企业需要及时回应公众关切，维护品牌的正面形象。,危機管理において、企業は迅速に世間の関心に対応し、ブランドの良好なイメージを維持する必要がある。
661,公民,gōng mín,citizen,市民,公民应积极参与投票。,市民は積極的に投票に参加すべきだ。,Citizens should actively participate in voting.,作为公民，我们有义务遵守法律，同时享有相应的权利和自由。,市民として、私たちは法律を遵守する義務があり、同時に相応の権利と自由を享受している。
662,公然,gōng rán,openly; publicly; undisguised,公然,他公然违抗法律规定。,彼は公然と法律の規定に違反した。,He openly defied the legal regulations.,他公然违反学校规定，导致了严重的后果和校园纪律问题。,彼は公然と学校の規則に違反し、深刻な結果と校内の規律問題を引き起こした。
663,公认,gōng rèn,publicly known (to be); accepted (as),公認,该技术已被公认有效。,その技術はすでに有効であると認められている。,The technology has been recognized as effective.,这位科学家的贡献得到了全社会的公认和高度评价。,この科学者の貢献は社会全体から公認され、高く評価されている。
664,公式,gōng shì,formula,公式,数学公式需牢记心中。,数学の公式は心にしっかり覚えておく必要がある。,Mathematical formulas need to be memorized firmly.,数学公式的推导过程复杂，需要扎实的基础知识和逻辑思维能力。,数学の公式の導出過程は複雑で、しっかりした基礎知識と論理的思考能力を要する。
665,公务,gōng wù,official business,公務,公务繁忙难以休息。,公務が忙しくて休むことが難しい。,"Due to busy official duties, it is difficult to rest.",公务人员应当廉洁奉公，切实履行服务群众的职责和使命。,公務員は清廉にして公に奉仕し、実際に群衆にサービスを提供する責任と使命を果たすべきである。
666,公正,gōng zhèng,just; fair; equitable,公平,考试成绩必须公正评定。,試験の成績は公正に評価されなければならない。,Exam results must be evaluated fairly.,法庭要求审判过程必须公正公开，保障当事人的合法权益。,法廷は審判過程が公正かつ公開であることを要求し、当事者の合法的権益を保障する。
667,公证,gōng zhèng,notarization; notarized; acknowledgement,公証,合同需要公证证明。,契約には公証の証明が必要だ。,The contract requires notarization.,为了确保合同的有效性，双方当事人需要到公证处办理公证手续。,契約の有効性を確保するため、双方当事者は公証所で公証手続きを行う必要がある。
668,功劳,gōng láo,contribution; meritorious service; credit,功績,他的功劳不可磨灭。,彼の功績は消えることがない。,His merits are indelible.,这次项目的成功离不开团队成员的辛勤功劳和无私奉献。,今回のプロジェクトの成功はチームメンバーの勤勉な努力と無私の献身なしにはありえなかった。
669,功效,gōng xiào,efficacy,効果,新药的功效显著提升。,新薬の効果は著しく向上した。,The efficacy of the new drug has significantly improved.,这种新型药物的功效显著，能够有效缓解患者的症状和痛苦。,この新型薬の効果は顕著で、患者の症状や苦痛を効果的に緩和できる。
670,宫殿,gōng diàn,palace; CL:座[zuo4],宮殿,故宫是著名宫殿建筑。,故宮は有名な宮殿建築である。,The Forbidden City is a famous palace architecture.,故宫是中国历史上著名的宫殿建筑群，体现了古代皇家文化的辉煌。,故宮は中国の歴史上有名な宮殿建築群であり、古代王室文化の輝きを表している。
671,工艺品,gōng yì pǐn,handicraft article; handiwork; CL:个,工芸品,她收藏许多精美工艺品。,彼女は多くの精巧な工芸品を収集している。,She collects many exquisite handicrafts.,这家工艺品店出售的手工艺品融合了传统文化和现代设计元素。,この工芸品店が販売する手工芸品は伝統文化と現代デザイン要素を融合している。
672,恭敬,gōng jìng,deferential; with respect,敬意,学生对老师非常恭敬。,学生は先生に非常に敬意を払っている。,Students are very respectful to their teachers.,学生们对老师恭敬有加，课堂气氛和谐而积极。,学生たちは先生に敬意を持って接し、教室の雰囲気は和やかで積極的である。
673,攻击,gōng jī,to attack; to accuse; to charge; an attack (terrorist or military),攻撃,军队发起猛烈攻击。,軍隊は猛烈な攻撃を開始した。,The army launched a fierce attack.,媒体对某国的军事行动进行了激烈的攻击和批评，引发国际关注。,メディアはある国の軍事行動に対して激しい攻撃と批判を行い、国際的な注目を集めた。
674,攻克,gōng kè,to capture; to take,攻略,科学家攻克难题成功。,科学者は難題を克服することに成功した。,Scientists successfully overcame the difficult problem.,军队经过数月的艰苦战斗，成功攻克了敌方的重要防线。,軍隊は数ヶ月の厳しい戦闘の末、敵の重要な防衛線を攻略した。
675,巩固,gǒng gù,to consolidate; consolidation; to strengthen,強化,政府不断巩固经济基础。,政府は経済基盤を絶えず強化している。,The government continuously consolidates the economic foundation.,教育改革的成果需要通过不断巩固和完善来实现长远发展。,教育改革の成果は不断の強化と改善を通じて長期的な発展を実現する必要がある。
676,共和国,gòng hé guó,republic,共和国,中国是社会主义共和国。,中国は社会主義共和国である。,China is a socialist republic.,中华人民共和国成立以来，国家经济和社会发展取得了巨大成就。,中華人民共和国成立以来、国家の経済と社会の発展は大きな成果を収めている。
677,共计,gòng jì,to sum up to; to total,合計,共计超过一千名员工。,合計で千人以上の従業員がいる。,There are more than one thousand employees in total.,此次调查共计收集了超过一万份有效问卷，数据十分详实。,今回の調査では合計で一万以上の有効なアンケートを収集し、データは非常に詳細である。
678,共鸣,gòng míng,physical resonance; sympathetic response to sth,共鳴,他的演讲引起共鸣。,彼の演説は共感を呼んだ。,His speech resonated with the audience.,他的演讲引起了观众的共鸣，激发了大家的热情和信心。,彼の演説は聴衆の共感を呼び起こし、皆の熱意と自信を刺激した。
679,勾结,gōu jié,to collude with; to collaborate with; to gang up with,結託,两人被控勾结作弊。,二人は共謀してカンニングをしたとして告発された。,The two were accused of colluding to cheat.,警方查明，几名嫌疑人涉嫌勾结进行非法交易，已被逮捕调查。,警察は数名の容疑者が結託して違法取引を行った疑いがあることを確認し、逮捕して調査している。
680,钩子,gōu zi,hook,フック,钩子挂满墙上画作。,壁のフックには絵画がたくさん掛けられている。,Hooks on the wall are hung with many paintings.,墙上的钩子用来挂衣服，非常结实且方便实用。,壁のフックは服をかけるためのもので、とても頑丈で便利に使える。
681,构思,gòu sī,to outline a story; to make a preliminary sketch,構想,作者构思新颖故事。,作者は斬新な物語を構想した。,The author conceived an innovative story.,作家在构思新小说时，深入挖掘人物内心的复杂情感。,作家は新しい小説の構想を練る際、登場人物の複雑な内面感情を深く掘り下げる。
682,姑且,gū qiě,temporarily; the time being; for the moment; provisional; tentatively,ひとまず,姑且接受目前方案。,とりあえず現在の案を受け入れよう。,Let's temporarily accept the current plan.,姑且不论他的观点是否正确，我们应该保持尊重和开放的态度。,ひとまず彼の意見が正しいかどうかはさておき、私たちは尊重と開かれた態度を保つべきだ。
683,孤独,gū dú,lonely; solitary,孤独,老人感到深深孤独。,老人は深い孤独を感じている。,The elderly person feels deep loneliness.,长时间的独处让他感到孤独，但也促使他更深入地思考人生意义。,長時間の独りでいることは彼を孤独にさせたが、人生の意味をより深く考えるきっかけにもなった。
684,孤立,gū lì,isolate; isolated,孤立,该国家在国际上孤立。,その国は国際的に孤立している。,The country is isolated internationally.,由于缺乏支持，他在团队中逐渐孤立，难以发挥应有的作用。,支援が不足しているため、彼はチーム内で徐々に孤立し、本来の役割を果たすのが難しくなった。
685,辜负,gū fù,to fail to live up (to expectations); unworthy (of trust); to let down; to betray (hopes); to disappoint,裏切る,他没有辜负大家期望。,彼は皆の期待を裏切らなかった。,He did not disappoint everyone's expectations.,我们不能辜负父母的期望，应该努力学习，回报他们的养育之恩。,私たちは両親の期待を裏切ってはならず、一生懸命勉強して彼らの育ての恩に報いるべきだ。
686,古董,gǔ dǒng,curio; antique,骨董,这件古董价值连城。,この骨董品は非常に高価である。,This antique is priceless.,这个古董收藏家花费多年时间，搜集了大量珍贵的文物和艺术品。,この古董収集家は何年もかけて、多くの貴重な文物や美術品を集めた。
687,古怪,gǔ guài,eccentric; grotesque; oddly; queer,奇妙,他的行为十分古怪。,彼の行動は非常に奇妙だ。,His behavior is very strange.,他有些古怪的习惯让身边的人感到既好奇又困惑。,彼の少し変わった習慣は周囲の人々に好奇心と困惑を同時に感じさせている。
688,股东,gǔ dōng,shareholder; stockholder,株主,股东大会决定未来方向。,株主総会は将来の方向性を決定した。,The shareholders' meeting decided the future direction.,股东大会决定了公司的重大事项，影响着企业的发展方向。,株主総会は会社の重要事項を決定し、企業の発展方向に影響を与える。
689,股份,gǔ fèn,a share (in a company); stock,株式,他持有公司大量股份。,彼は会社の大量の株式を保有している。,He holds a large number of company shares.,他拥有公司10%的股份，是公司的重要投资者之一。,彼は会社の株式の10%を保有しており、重要な投資家の一人である。
690,骨干,gǔ gàn,diaphysis (long segment of a bone); fig. backbone,中核,他是团队骨干成员。,彼はチームの中核メンバーだ。,He is a key member of the team.,作为团队的骨干成员，他承担了主要的技术研发任务和管理职责。,チームの中核メンバーとして、彼は主な技術開発と管理の責任を負っている。
691,鼓动,gǔ dòng,to agitate; to arouse; to instigate; to encite,鼓舞,领导鼓动员工积极工作。,リーダーは従業員を鼓舞して積極的に働かせた。,The leader motivated employees to work actively.,一些政治团体试图鼓动群众进行抗议活动，引发社会动荡。,いくつかの政治団体は群衆を扇動して抗議活動を行わせ、社会の混乱を引き起こそうとしている。
692,固然,gù rán,admittedly (it's true that...),確かに,固然有困难，但不能放弃。,確かに困難はあるが、諦めてはいけない。,"Although there are difficulties, we must not give up.",固然存在一些困难和挑战，但我们依然有信心完成任务目标。,確かにいくつかの困難と挑戦が存在するが、私たちはそれでも任務目標を達成する自信がある。
693,固体,gù tǐ,solid,固体,水在零度以下成为固体。,水は零度以下で固体になる。,Water becomes solid below zero degrees.,水可以存在于固体、液体和气体三种状态，体现了物质的多样性。,水は固体、液体、気体の三つの状態で存在でき、物質の多様性を表している。
694,固有,gù yǒu,intrinsic to sth; inherent; native,固有,文化的固有特色难改。,文化の固有の特色は変えにくい。,The inherent characteristics of culture are hard to change.,这种固有的文化传统代代相传，成为民族身份的重要标志。,この固有の文化伝統は代々伝えられ、民族のアイデンティティの重要な象徴となっている。
695,固执,gù zhi,persistent; stubborn,頑固,他性格固执难以劝说。,彼は性格が頑固で説得しにくい。,He is stubborn and difficult to persuade.,他性格固执，不轻易接受别人的建议，经常因此错失良机。,彼は頑固な性格で、他人の意見を容易に受け入れず、そのために良い機会を逃すことがよくある。
696,故乡,gù xiāng,home; homeland; native place; CL:个,故郷,故乡的变化令人感慨。,故郷の変化に感慨を覚える。,The changes in my hometown evoke deep emotions.,每逢佳节倍思亲，故乡的景色总是让人心生温暖和怀念。,祝祭日には特に故郷のことを思い出し、故郷の風景はいつも心に温かさと懐かしさを与える。
697,故障,gù zhàng,malfunction; breakdown; defect; shortcoming; fault; failure; impediment; error; bug (in software),故障,机器突然发生故障。,機械が突然故障した。,The machine suddenly broke down.,设备出现故障后，技术人员迅速排查原因并及时进行维修。,設備に故障が発生した後、技術者はすぐに原因を調査し、迅速に修理を行った。
698,雇佣,gù yōng,to employ; to hire,雇用,公司计划雇佣更多员工。,会社はより多くの従業員を雇う計画だ。,The company plans to hire more employees.,公司决定雇佣更多有经验的员工，以提升整体的工作效率和质量。,会社はより経験豊富な従業員を雇用し、全体の作業効率と品質を向上させることを決定した。
699,顾虑,gù lv4,misgivings; apprehensions,懸念,他没有顾虑大胆发言。,彼は気にせず大胆に発言した。,He spoke boldly without any concerns.,在做重要决定时，他总是顾虑重重，难以果断选择方向。,重要な決定をする際、彼はいつも多くの懸念を抱え、決断を下すのが難しい。
700,顾问,gù wèn,adviser; consultant,顧問,专家担任公司的顾问。,専門家が会社の顧問を務めている。,Experts serve as consultants for the company.,作为公司的法律顾问，他为企业提供了专业的法律支持和风险防范建议。,会社の法律顧問として、彼は企業に専門的な法律支援とリスク防止の助言を提供している。
701,拐杖,guǎi zhàng,crutches; crutch; walking stick,杖,老人拄着拐杖缓缓前行。,老人は杖をついてゆっくりと前に進んでいる。,The old man is slowly walking forward with a cane.,老人因腿脚不便，出门时总是拄着沉重的拐杖缓慢前行。,老人は足が不自由なので、外出するときはいつも重い杖をついてゆっくりと進みます。
702,关怀,guān huái,care; solicitude; to show care for; concerned about; attentive to,思いやり,她对病人表现出深切的关怀。,彼女は患者に対して深い思いやりを示した。,She showed deep care for the patient.,公司对员工的生活关怀细致入微，提供了多种福利保障。,会社は従業員の生活に対して細やかな配慮を行い、さまざまな福利厚生を提供しています。
703,关照,guān zhào,to take care; to keep an eye on; to look after; to tell; to remind,配慮,领导特别关照新来的同事。,リーダーは新しく来た同僚を特別に気にかけている。,The leader pays special attention to the new colleague.,领导亲自关照新来的同事，帮助他们尽快适应工作环境。,上司は新しく入った同僚に親身に気を配り、早く仕事環境に慣れるように手助けしています。
704,官方,guān fāng,official; (by the) government,公式の,这是官方发布的最新数据。,これは公式に発表された最新のデータです。,These are the latest data released officially.,官方发布的报告详细阐述了当前经济发展的现状和趋势。,公式に発表された報告書は、現在の経済発展の現状と動向を詳しく説明しています。
705,观光,guān guāng,to tour; sightseeing; tourism,観光,我们计划暑假去云南观光。,私たちは夏休みに雲南へ観光に行く予定です。,We plan to visit Yunnan for sightseeing during the summer vacation.,每年夏季，许多游客前往海滨城市进行观光和休闲度假。,毎年夏季、多くの観光客が海辺の都市へ観光やレジャー休暇に訪れます。
706,管辖,guǎn xiá,to administer; to have jurisdiction (over),管轄,该地区由市政府管辖管理。,この地域は市政府によって管轄されている。,This area is under the jurisdiction and management of the municipal government.,该地区的治安问题由当地公安机关管辖和处理。,この地域の治安問題は地元の公安機関が管轄して処理しています。
707,惯例,guàn lì,conventional,慣例,这是公司一贯遵守的惯例。,これは会社が一貫して守っている慣例です。,This is a practice that the company consistently follows.,在国际会议中，遵守惯例是维持良好合作关系的基础。,国際会議では、慣例を守ることが良好な協力関係を維持する基盤となります。
708,灌溉,guàn gài,to irrigate,灌漑,农民利用水渠灌溉农田。,農民は水路を利用して農地に灌漑している。,The farmers use irrigation canals to water the farmland.,农民们利用现代技术对农田进行灌溉，以提高作物产量。,農民たちは現代技術を用いて農地に灌漑を行い、作物の収量を増やしています。
709,罐,guàn,can; jar; pot,缶,桌上放着一个装满茶叶的罐。,机の上に茶葉がいっぱい入った缶が置いてある。,There is a jar full of tea leaves on the table.,厨房里摆放着几个大罐，用来储存腌制的蔬菜和水果。,台所にはいくつかの大きな壺が置かれており、漬物や果物の保存に使われています。
710,贯彻,guàn chè,to implement; to put into practice; to carry out,貫徹,他坚决贯彻党的政策精神。,彼は党の政策精神を断固として貫徹している。,He resolutely implements the spirit of the party's policies.,领导强调要将会议精神贯彻到具体工作中，确保落实到位。,指導者は会議の精神を具体的な業務に貫徹し、確実に実行するよう強調した。
711,光彩,guāng cǎi,luster; splendor; radiance; brilliance,輝き,她的表现为团队增添光彩。,彼女の活躍はチームに輝きを添えた。,Her performance added glory to the team.,她的表演充满了光彩，赢得了观众的热烈掌声。,彼女の演技は輝きを放ち、観客から熱烈な拍手を受けました。
712,光辉,guāng huī,radiance; glory; brilliant; magnificent,光輝,革命历史充满光辉与荣耀。,革命の歴史は輝きと栄光に満ちている。,The history of the revolution is full of brilliance and glory.,那座建筑物在夕阳下展现出耀眼的光辉，令人难以忘怀。,あの建物は夕日に照らされて眩しい光輝を放ち、忘れがたい印象を与えた。
713,光芒,guāng máng,rays of light; brilliant rays; radiance,光芒,太阳的光芒穿透浓雾。,太陽の光が濃い霧を突き抜けている。,The sunlight penetrates through the thick fog.,黎明时分，东方的天空透出第一缕光芒，预示新的一天开始。,夜明け時、東の空に最初の光芒が差し込み、新しい一日の始まりを告げた。
714,光荣,guāng róng,honor and glory; CL:个,栄誉,获得奖学金是他的光荣。,奨学金を得ることは彼の誇りである。,Receiving the scholarship is his honor.,获得国家级奖项是对他多年努力的最大光荣和肯定。,国家級の賞を受賞することは、彼の長年の努力に対する最大の栄誉と評価である。
715,广阔,guǎng kuò,wide; vast,広大,草原一望无际，广阔无边。,草原は果てしなく広がり、広大だ。,"The grassland stretches endlessly, vast and boundless.",广阔的草原上，牛羊成群，风景十分壮观宜人。,広大な草原には牛や羊が群れをなしており、景色は非常に壮観で心地よい。
716,归根到底,guī gēn dào dǐ,(saying) to sum it up...,結局は,归根到底，努力决定成败。,結局のところ、努力が成功か失敗かを決める。,"Ultimately, effort determines success or failure.",归根到底，问题的关键在于沟通不畅和理解偏差。,結局のところ、問題の鍵はコミュニケーションの不十分さと理解のずれにある。
717,归还,guī huán,to return sth; to revert,返還,请按时归还图书馆的书籍。,図書館の本は期限通りに返却してください。,Please return the library books on time.,图书馆要求读者在规定时间内归还借阅的书籍，以便他人使用。,図書館は利用者に対し、決められた期限内に借りた本を返却するよう求めている。
718,规范,guī fàn,norm; standard; specification; regulation; rule; within the rules; to fix rules; to regulate; to specify,規範,企业应遵守行业规范标准。,企業は業界の規範や基準を守るべきだ。,Enterprises should comply with industry norms and standards.,为了保证产品质量，公司制定了严格的规范和操作流程。,製品の品質を保証するために、会社は厳格な規範と操作手順を制定した。
719,规格,guī gé,standard; norm; specification,規格,产品必须符合国际规格要求。,製品は国際規格の要求に適合しなければならない。,Products must meet international specification requirements.,新手机的规格参数显示其性能在同类产品中处于领先地位。,新しい携帯電話の仕様は、同類製品の中で性能が先進的であることを示している。
720,规划,guī huà,plan; program,計画,政府制定了未来五年规划。,政府は今後5年間の計画を策定した。,The government has formulated a plan for the next five years.,城市规划部门正在制定未来十年的发展规划，涵盖交通和环保等方面。,都市計画部門は今後10年の発展計画を策定しており、交通や環境保護などを含んでいる。
721,规章,guī zhāng,rule; regulation,規章,新规章对员工行为有严格限制。,新しい規則は従業員の行動に厳しい制限を設けている。,The new regulations impose strict restrictions on employee behavior.,企业内部规章制度的完善，有助于提高工作效率和管理水平。,企業内部の規則制度の整備は、業務効率と管理レベルの向上に役立つ。
722,轨道,guǐ dào,orbit; railway or tram line; fig. conventional way of thinking,軌道,火车正沿着轨道快速前进。,列車は線路に沿って速く進んでいる。,The train is moving quickly along the tracks.,地铁的轨道铺设工程已经进入最后阶段，预计年底通车运营。,地下鉄の軌道敷設工事は最終段階に入り、年末の開通運行を予定している。
723,贵族,guì zú,lord; nobility; nobleman; noblewoman; aristocrat; aristocracy,貴族,历史上贵族拥有大量土地。,歴史上、貴族は大量の土地を所有していた。,"Historically, nobles owned large amounts of land.",贵族们在宴会上展示了他们的地位和优雅的生活方式。,貴族たちは宴会で自らの地位と優雅な生活様式を披露した。
724,跪,guì,kneel,跪く,他跪下请求宽恕。,彼は跪いて許しを請うた。,He knelt down to beg for forgiveness.,他跪在地上诚恳地向父母道歉，表达自己的悔意。,彼は地面にひざまずいて誠実に両親に謝罪し、自分の悔悟を伝えた。
725,棍棒,gùn bàng,club,棒,士兵手持棍棒巡逻边境。,兵士たちは棒を手にして国境を巡回している。,The soldiers patrol the border holding sticks.,犯人手持棍棒，试图威胁路人交出财物。,犯人は棍棒を手に持ち、通行人を脅して財物を渡させようとした。
726,国防,guó fáng,national defense,国防,国家必须加强国防力量。,国家は国防力を強化しなければならない。,The country must strengthen its national defense capabilities.,国家加强国防建设，确保领土主权和安全不受侵犯。,国家は国防の建設を強化し、領土主権と安全が侵害されないよう確保している。
727,国务院,guó wù yuàn,State Council (PRC); State Department (USA),国務院,国务院发布了新的政策。,国務院は新しい政策を発表した。,The State Council issued new policies.,国务院近日出台了一系列新政策，促进经济结构调整和优化升级。,国務院は最近、一連の新政策を打ち出し、経済構造の調整と最適化・アップグレードを促進している。
728,果断,guǒ duàn,firm; decisive,果断,他在关键时刻做出果断决定。,彼は重要な時に果断な決定を下した。,He made a decisive decision at a critical moment.,面对复杂的局面，他表现出果断的决策能力，赢得了大家的信赖。,複雑な局面に直面し、彼は果断な意思決定能力を発揮して皆の信頼を得た。
729,过度,guò dù,excessive; over-; excess; going too far; extravagant; intemperate; overdue,過度,过度饮酒对健康有害。,過度の飲酒は健康に害を及ぼす。,Excessive drinking is harmful to health.,长时间过度使用电子产品可能对视力和身体健康造成损害。,長時間の過度な電子機器の使用は視力や身体の健康に損害を与える可能性がある。
730,过渡,guò dù,to cross over (by ferry); transition; interim; caretaker (administration),移行,经济正处于过渡阶段。,経済は過渡期にある。,The economy is in a transitional phase.,这个阶段是经济发展的过渡期，需要政策支持和市场调整配合。,この段階は経済発展の過渡期であり、政策の支援と市場の調整が必要とされる。
731,过奖,guò jiǎng,to over-praise; to flatter,過誉,你过奖了，我只是尽力而为。,お褒めいただき恐縮です。私はただ全力を尽くしただけです。,You flatter me; I just did my best.,你的夸奖让我受宠若惊，其实我还有很多需要改进的地方。,あなたの過分な褒め言葉に恐縮していますが、実は私にはまだ改善すべき点が多くあります。
732,过滤,guò lv4,to filter; filter,濾過,水经过过滤变得清澈。,水はろ過を経て澄んだものになる。,Water becomes clear after filtration.,水处理厂利用先进设备对污水进行过滤，确保排放达标。,水処理場は先進的な設備を使って汚水のろ過を行い、排出基準を満たしている。
733,过失,guò shī,defect; fault,過失,他的过失导致项目失败。,彼の過失がプロジェクトの失敗を招いた。,His mistake caused the project's failure.,由于操作不当，导致了严重的过失，给公司带来了损失。,操作ミスにより重大な過失を招き、会社に損失をもたらした。
734,过问,guò wèn,to show an interest in; to get involved with,関与,他不愿过问别人的私事。,彼は他人の私事に関わりたがらない。,He is unwilling to meddle in others' private matters.,作为项目负责人，他不愿过问细节，而是注重整体进展。,プロジェクト責任者として、彼は細かいことには関わらず、全体の進捗に注目している。
735,过瘾,guò yǐn,to satisfy a craving; to get a kick out of sth; gratifying; immensely enjoyable; satisfying; fulfilling,満足,这场比赛真让我过瘾极了。,この試合は本当にとても楽しめた。,This match really gave me great pleasure.,观看了那场精彩的演出后，我感到非常过瘾和满足。,あの素晴らしい公演を見て、とても満足し楽しむことができた。
736,过于,guò yú,too much; excessively,過度に,过于自信可能导致失败。,自信過剰は失敗を招くことがある。,Overconfidence may lead to failure.,他的要求过于苛刻，导致团队成员压力巨大，难以完成任务。,彼の要求はあまりにも厳しく、チームメンバーに大きなプレッシャーを与え、任務の達成が難しくなった。
737,嗨,hāi,oh alas; hey!; hi! (loanword),やあ,嗨，久不见，你最近好吗？,やあ、お久しぶり。最近元気？,"Hi, long time no see. How have you been lately?",嗨，大家好！欢迎参加今天的线上交流会，希望大家积极发言。,ハイ、皆さんこんにちは！本日のオンライン交流会に参加していただきありがとうございます。積極的な発言を期待しています。
738,海拔,hǎi bá,height above sea level; elevation,海抜,该城市海拔高度为500米。,この都市の海抜は500メートルである。,The city's elevation is 500 meters above sea level.,这座山峰的海拔超过三千米，是登山爱好者的热门目标。,この山峰の標高は3000メートルを超え、登山愛好者に人気の目標となっている。
739,海滨,hǎi bīn,shore; seaside,海辺,我们在海滨度过了愉快时光。,私たちは海辺で楽しい時間を過ごした。,We had a pleasant time by the seaside.,海滨城市因其优美的自然风光和清新的空气吸引了大量游客。,海辺の都市は美しい自然風景と新鮮な空気で多くの観光客を引きつけている。
740,含糊,hán hu,ambiguous; vague,あいまい,他的回答含糊不清，难以理解。,彼の答えはあいまいで理解しにくかった。,His answer was vague and hard to understand.,他的回答含糊其辞，令人难以判断他的真实态度。,彼の返答は曖昧で、彼の本当の態度を判断するのが難しい。
741,含义,hán yì,meaning (implicit in a phrase); implied meaning; hidden meaning; hint; connotation,意味,这个词的含义很深刻。,この言葉の意味は非常に深い。,The meaning of this word is very profound.,这句话的含义非常深刻，需要结合上下文来理解。,この文の意味は非常に深く、前後の文脈と合わせて理解する必要がある。
742,寒暄,hán xuān,exchanging conventional greetings; to talk about the weather,挨拶,见面时双方寒暄几句。,会うとき、双方は軽く挨拶を交わした。,"When they met, both exchanged a few pleasantries.",寒暄几句之后，大家很快进入了正式的讨论环节。,軽い挨拶を交わした後、皆はすぐに正式な討論の段階に入った。
743,罕见,hǎn jiàn,rare; rarely seen,まれ,这种现象非常罕见。,この現象は非常に珍しい。,This phenomenon is very rare.,这种珍稀动物极为罕见，科学家们正努力保护其生存环境。,この希少動物は非常にまれであり、科学者たちはその生息環境の保護に努めている。
744,捍卫,hàn wèi,defend; uphold; safeguard,守る,军人誓言捍卫国家安全。,軍人は国家の安全を守ると誓った。,The soldiers vowed to defend national security.,军队誓言捍卫国家主权和领土完整，绝不容忍任何侵犯行为。,軍隊は国家主権と領土の完全性を守ることを誓い、いかなる侵害行為も許さない。
745,航空,háng kōng,aviation,航空,航空业发展迅速，竞争激烈。,航空業界は急速に発展し、競争が激しい。,The aviation industry is developing rapidly and competition is fierce.,航空公司不断提升服务质量，以满足乘客日益增长的需求。,航空会社はサービスの質を絶えず向上させ、乗客の増大するニーズに応えている。
746,航天,háng tiān,space flight,宇宙航行,航天技术日益先进。,宇宙技術は日々進歩している。,Aerospace technology is becoming increasingly advanced.,航天技术的发展推动了人类对宇宙空间的探索和认知。,宇宙航行技術の発展は、人類の宇宙空間の探査と認識を促進した。
747,航行,háng xíng,to sail; to fly; to navigate,航行,船只在大海上安全航行。,船は海上で安全に航行している。,The ship is sailing safely on the sea.,船只在大海上航行时，需要依靠导航系统确保安全。,船は大海原を航行する際、ナビゲーションシステムに頼って安全を確保する必要がある。
748,行列,háng liè,procession,行列,选手排成整齐的行列。,選手たちは整然と列を作って並んでいる。,The players lined up in neat rows.,整齐的行列展示了军人的严明纪律和良好风貌。,整然とした行列は軍人の厳格な規律と良好な風貌を示している。
749,毫米,háo mǐ,millimeter,ミリメートル,误差不到一毫米，非常精确。,誤差は1ミリ未満で非常に正確だ。,"The error is less than one millimeter, very precise.",科学家们使用精密仪器测量物体的毫米级尺寸差异。,科学者たちは精密な機器を使って物体のミリメートル単位のサイズ差を測定している。
750,毫无,háo wú,not in the least; none whatsoever; completely without,全くない,他对这件事毫无兴趣。,彼はこの件に全く興味がない。,He has no interest whatsoever in this matter.,面对质疑，他表现得毫无畏惧，坚定地捍卫自己的观点。,疑問に直面しても、彼は全く恐れず、自分の見解を断固として守った。
751,豪迈,háo mài,bold; open-minded; heroic,豪放,他的性格非常豪迈。,彼の性格は非常に豪快です。,His personality is very bold and generous.,他的性格豪迈不羁，总是敢于挑战传统观念和社会规范。,彼の性格は豪快で束縛を受けず、常に伝統的な観念や社会の規範に挑戦することを恐れない。
752,号召,hào zhào,to call; to appeal,号召,领导号召大家努力工作。,リーダーはみんなに一生懸命働くよう呼びかけました。,The leader called on everyone to work hard.,领导人的号召力极强，能够迅速凝聚团队的力量完成任务。,指導者の号召力は非常に強く、チームの力を迅速に結集して任務を遂行できる。
753,耗费,hào fèi,to waste; to spend; to consume; to squander,消耗,项目耗费大量资金。,プロジェクトは大量の資金を費やしました。,The project consumed a large amount of funds.,这次项目耗费了大量的人力物力，但最终取得了显著的成果。,今回のプロジェクトは多大な人材と物資を消費したが、最終的に顕著な成果を上げた。
754,呵,hē,to scold in a loud voice; to yawn,呵护,父母呵护孩子成长。,両親は子供の成長を大切に見守っています。,Parents lovingly care for their children's growth.,他呵斥了那些散布谣言的人，要求大家保持理智和冷静。,彼は噂を広める人々を叱責し、みんなに理性と冷静さを保つよう求めた。
755,合并,hé bìng,to merge; to annex,合并,两家公司决定合并。,二つの会社は合併を決定しました。,The two companies decided to merge.,两家公司的合并不仅扩大了市场份额，还提升了整体竞争力。,二つの会社の合併は市場シェアを拡大しただけでなく、全体の競争力も向上させた。
756,合成,hé chéng,to compose; to constitute; compound; synthesis; mixture; synthetic,合成,科学家合成新材料。,科学者たちは新しい材料を合成しました。,Scientists synthesized new materials.,科学家通过化学反应成功合成了一种新型高效催化剂。,科学者は化学反応によって新しい高効率触媒を合成することに成功した。
757,合伙,hé huǒ,to act jointly; to form a partnership,合伙,他们合伙开了公司。,彼らは共同で会社を設立しました。,They partnered to start a company.,他们决定合伙开办一家环保技术公司，共同推动绿色发展。,彼らは合弁で環境保護技術の会社を設立し、共にグリーン成長を推進することに決めた。
758,合算,hé suàn,worthwhile; be a good deal; be a bargain; reckon up; calculate,划算,买这件衣服很合算。,この服を買うのはとてもお得です。,Buying this piece of clothing is very cost-effective.,这次购买如果考虑长期使用，实际上是非常合算的投资选择。,今回の購入は長期使用を考慮すると、実際には非常に割の良い投資の選択だ。
759,和蔼,hé ǎi,kindly; nice; amiable,親切,老师态度和蔼可亲。,先生の態度は親しみやすく優しいです。,The teacher's attitude is kind and amiable.,老师总是以和蔼的态度对待学生，营造了良好的学习氛围。,先生はいつも親しみやすい態度で学生に接し、良い学習環境を作り出している。
760,和解,hé jiě,to settle (a dispute out of court); to reconcile; settlement; conciliation; to become reconciled,和解,双方终于达成和解。,双方はついに和解に達しました。,Both parties finally reached a reconciliation.,经过双方多次协商，最终实现了和平解，避免了冲突升级。,双方が何度も協議を重ねた結果、最終的に和解が実現し、紛争の激化を回避した。
761,和睦,hé mù,peaceful relations; harmonious,和睦,家庭成员关系和睦。,家族のメンバーの関係は和やかです。,The relationships among family members are harmonious.,邻里之间的和睦相处是社区稳定和发展的重要基础。,隣人同士の和睦な付き合いは、コミュニティの安定と発展の重要な基盤である。
762,和气,hé qi,friendly; polite; amiable,和气,他对人总是很和气。,彼は人に対していつもとても穏やかです。,He is always very gentle with others.,他对待同事总是和气可亲，赢得了大家的尊重和喜爱。,彼は同僚に対していつも親切で温和な態度を取り、皆の尊敬と愛情を得ている。
763,和谐,hé xié,harmonious,調和,社会关系应保持和谐。,社会関係は調和を保つべきです。,Social relationships should maintain harmony.,社会的和谐需要各方面共同努力，促进公平与正义的实现。,社会の和諧は各方面の共同努力が必要で、公平と正義の実現を促進する。
764,嘿,hēi,hey,嘿,嘿，你好久不见了！,やあ、久しぶりだね！,"Hey, long time no see!",嘿，你听说了吗？公司要举办年度庆典，大家都很期待。,ねえ、聞いた？会社が年次祝典を開催するらしく、みんな楽しみにしているよ。
765,痕迹,hén jì,vestige; mark; trace,痕迹,墙上留下了痕迹。,壁に跡が残っていました。,There were marks left on the wall.,案发现场留下的痕迹为警方破案提供了重要线索。,事件現場に残された痕跡は警察の事件解決に重要な手がかりを提供した。
766,狠心,hěn xīn,callous; heartless,狠心,他狠心离开了家人。,彼は冷酷にも家族を離れました。,He heartlessly left his family.,为了保护家人，他狠心放弃了自己多年积累的事业。,家族を守るために、彼は何年も築いてきた事業を断腸の思いで諦めた。
767,恨不得,hèn bu dé,wishing one could do sth; to hate to be unable; itching to do sth; can't wait for; to wish one could do sth; to desire strongly,恨不得,我恨不得马上出发。,私はすぐに出発したくてたまりません。,I can't wait to set off immediately.,他恨不得立即出发去救援灾区的亲人，心情非常焦急。,彼はすぐにでも災害地域の親族を救援に向かいたくてたまらず、非常に焦っている。
768,哼,hēng,to groan; to snort; to hum; to croon; humph!,哼,他哼了一首老歌。,彼は古い歌を鼻歌で歌いました。,He hummed an old song.,他哼着小曲，悠闲地走在公园的小路上，享受着午后的阳光。,彼は鼻歌を歌いながら公園の小道をゆったり歩き、午後の日差しを楽しんでいる。
769,横,héng,horizontal; across; (horizontal character stroke),横向,树枝横着伸展开来。,枝が横に伸び広がっています。,The branches stretch out horizontally.,这条横幅横跨整个广场，宣传着即将举办的文化节活动。,この横断幕は広場全体にかかっており、まもなく開催される文化祭を宣伝している。
770,哄,hōng,roar of laughter (onomatopoeia); hubbub; to roar (as a crowd),哄骗,孩子被朋友哄骗了。,子供は友達にだまされました。,The child was coaxed by friends.,孩子们在操场上嬉戏打闹，欢声笑语哄动整个校园。,子供たちは校庭で遊び騒ぎ、その歓声が学校全体を賑わせている。
771,烘,hōng,to bake; to heat by fire,烘干,衣服放在阳光下烘。,服を日光の下で乾かしました。,The clothes were dried under the sunlight.,太阳渐渐升高，烘干了昨夜留下的露珠和湿气。,太陽が徐々に昇り、昨夜残った露や湿気を乾かした。
772,轰动,hōng dòng,sensation; stir,轰动,新闻引起巨大轰动。,ニュースは大きな騒動を引き起こしました。,The news caused a huge sensation.,这起丑闻一经曝光，立即在社会上引起了巨大的轰动。,このスキャンダルは一旦暴露されると、社会に大きな騒動を引き起こした。
773,宏观,hóng guān,macro-; macroscopic; holistic,宏观,从宏观角度看问题。,マクロの視点で問題を見ます。,Look at the problem from a macro perspective.,宏观经济的变化对国家的整体发展具有深远的影响。,マクロ経済の変化は国家の全体的な発展に深遠な影響を及ぼす。
774,宏伟,hóng wěi,grand; imposing; magnificent,壮丽,宏伟建筑令人震撼。,壮大な建築物は人を圧倒します。,The magnificent building is breathtaking.,这座宏伟的建筑融合了现代设计与传统文化元素。,この壮大な建築物は現代のデザインと伝統文化の要素を融合している。
775,洪水,hóng shuǐ,deluge; flood,洪水,洪水淹没了村庄。,洪水が村を水没させました。,The flood submerged the village.,连续的大雨导致了严重的洪水，给当地居民带来了巨大损失。,連続した大雨により深刻な洪水が発生し、現地の住民に大きな被害をもたらした。
776,喉咙,hóu lóng,throat; larynx,喉咙,他喉咙疼得厉害。,彼は喉がひどく痛みます。,He has a severe sore throat.,他感冒时喉咙疼痛，讲话声音变得沙哑无力。,彼は風邪をひいて喉が痛み、話す声がかすれて力がなくなった。
777,吼,hǒu,roar or howl of an animal; bellow of rage,吼叫,狗在夜里不停吼。,犬が夜中にずっと吠えています。,The dog keeps barking throughout the night.,母狮为了保护幼崽，不顾危险发出震耳欲聋的吼声。,母ライオンは子どもを守るため、危険を顧みず耳をつんざくような咆哮を上げた。
778,候选,hòu xuǎn,candidate,候选,他是总统候选人之一。,彼は大統領候補の一人です。,He is one of the presidential candidates.,这次选举中，有三位候选人获得了大量选民的支持。,今回の選挙では、三人の候補者が多くの有権者の支持を得た。
779,后代,hòu dài,posterity; later periods; later ages; later generations,子孫,后代继承了祖业。,子孫は祖業を継承しました。,The descendants inherited the family business.,保护环境是为了给我们的后代创造一个更加美好的生活空间。,環境を保護するのは、私たちの後代により良い生活空間を創造するためだ。
780,后顾之忧,hòu gù zhī yōu,"fears of trouble in the rear (idiom); family worries (obstructing freedom of action); worries about the future consequences; often in negative expressions, meaning 'no worries about anything'",后顾之忧,他无后顾之忧专心工作。,彼は後顧の憂いなく仕事に専念しています。,He works with no worries about the future.,面对事业发展，他没有后顾之忧，能够全身心投入工作。,事業の発展に直面して、彼は後顧の憂いなく、全身全霊で仕事に打ち込める。
781,后勤,hòu qín,logistics,後勤,军队的后勤保障完善。,軍隊の後方支援は完璧です。,The army's logistical support is well organized.,军队的后勤保障工作是确保前线作战顺利进行的重要保障。,軍隊の後方支援業務は、前線の作戦を順調に行うための重要な保障である。
782,呼唤,hū huàn,to call out (a name etc); to shout;,呼喊,村民呼唤救援人员。,村人たちは救援隊を呼びました。,The villagers called for rescue personnel.,在紧急情况下，他不断呼唤救援人员前来支援。,緊急時に彼は救援者を何度も呼びかけ、支援を求めた。
783,呼啸,hū xiào,to whistle; to scream; to whiz,呼啸,风在山谷中呼啸。,風が谷間で激しく吹き鳴らしています。,The wind is howling through the valley.,狂风呼啸着穿过山谷，发出震耳欲聋的声音。,狂風が谷間を吹き抜け、耳をつんざくような音を発している。
784,呼吁,hū yù,to call on (sb to do sth); to appeal (to); an appeal,呼吁,专家呼吁保护环境。,専門家は環境保護を呼びかけています。,Experts are urging the protection of the environment.,环保组织呼吁公众积极参与保护地球的行动，共同应对气候变化。,環境保護団体は一般市民に積極的に地球保護活動に参加し、共に気候変動に対処するよう呼びかけている。
785,忽略,hū lvè,to neglect; to overlook; to ignore,忽略,不能忽略细节问题。,細かい問題を無視してはいけません。,You must not ignore detailed issues.,在处理复杂问题时，不能忽略任何一个细节，否则可能导致失败。,複雑な問題を処理する際に、どんな細部も見落としてはならず、さもなければ失敗につながる可能性がある。
786,湖泊,hú pō,lake,湖泊,这片地区有很多湖泊。,この地域には多くの湖があります。,There are many lakes in this area.,这片地区湖泊众多，生态环境保持得非常良好。,この地域には湖が多数あり、生態環境が非常に良好に保たれている。
787,胡乱,hú luàn,careless; reckless; casually; absent-mindedly; at will; at random; any old how,胡乱,别胡乱猜测结果。,結果をむやみに推測しないでください。,Don't guess the results recklessly.,他对待工作从不胡乱应付，总是追求尽善尽美。,彼は仕事に対していい加減に取り組むことはなく、常に完璧を追求している。
788,胡须,hú xū,"beard; CL:根[gen1] ,绺[liu3]",髭,他留着浓密胡须。,彼は濃いひげを生やしています。,He has a thick beard.,老人家满脸胡须，显得非常慈祥而又有威严。,老人は顔にひげがいっぱいで、とても慈愛に満ちているが威厳も感じられる。
789,花瓣,huā bàn,petal; CL:片[pian4];,花瓣,花瓣随风轻轻飘落。,花びらが風にそっと舞い落ちます。,The petals gently fall with the wind.,春天来了，花瓣纷纷飘落，铺满了整条小径。,春が来て、花びらが次々と散り、通り道一面に敷き詰められた。
790,花蕾,huā lěi,bud; flower bud;,花蕾,春天花蕾开始绽放。,春に花のつぼみが開き始めます。,Flower buds begin to bloom in spring.,花蕾含苞待放，预示着新一季的美丽即将到来。,花のつぼみは膨らみ始めており、新しい季節の美しさがもうすぐ訪れることを予告している。
791,华丽,huá lì,gorgeous,華麗,舞台装饰非常华丽。,舞台の装飾は非常に華やかです。,The stage decorations are very splendid.,她身穿华丽的礼服，在宴会上成为众人瞩目的焦点。,彼女は華麗なドレスを着てパーティーに参加し、皆の注目の的となった。
792,华侨,huá qiáo,"overseas Chinese; CL:个,位[wei4]",華僑,华侨为祖国贡献大。,華僑は祖国に大きく貢献しています。,Overseas Chinese make great contributions to their homeland.,华侨在促进祖国经济发展和文化交流中发挥了重要作用。,華僑は祖国の経済発展と文化交流の促進に重要な役割を果たしている。
793,划分,huà fēn,to divide,区分,要明确划分责任范围。,責任の範囲を明確に区分する必要があります。,It is necessary to clearly delineate the scope of responsibilities.,根据不同的标准，我们需要对市场进行科学的划分和定位。,異なる基準に基づいて、私たちは市場を科学的に区分し、ポジショニングする必要がある。
794,化肥,huà féi,fertilizer,化肥,农民施用了化肥。,農民は化学肥料を施しました。,The farmers applied chemical fertilizer.,现代农业大量使用化肥以提高作物产量和质量。,現代農業では化学肥料を大量に使用して作物の収量と品質を向上させている。
795,化石,huà shí,fossil,化石,化石揭示远古生物。,化石は古代の生物を明らかにします。,Fossils reveal ancient organisms.,考古学家在遗址中发现了许多珍贵的化石，揭示了远古生物的秘密。,考古学者は遺跡で多くの貴重な化石を発見し、古代生物の秘密を明らかにした。
796,化验,huà yàn,laboratory test; chemical experiment; assay,化验,医生安排了化验检查。,医者は検査を手配しました。,The doctor arranged for laboratory tests.,医生建议他做详细的化验以确定病因，制定有效的治疗方案。,医師は彼に詳しい検査を受けて病因を特定し、有効な治療計画を立てるよう勧めた。
797,化妆,huà zhuāng,to put on make-up,化粧,她每天都认真化妆。,彼女は毎日丁寧に化粧をします。,She applies makeup carefully every day.,出席晚会前，她花了很长时间精心化妆，展现最佳状态。,パーティーに出席する前に、彼女は長時間かけて入念に化粧をし、最高の状態を見せた。
798,画蛇添足,huà shé tiān zú,lit. draw legs on a snake (idiom); fig. to ruin the effect by adding sth superfluous; to overdo it,画蛇添足,做事不能画蛇添足。,物事をする時は蛇足をつけてはいけません。,"When doing things, don't add unnecessary details.",在项目管理中，画蛇添足的行为可能适得其反，浪费资源。,プロジェクト管理において、蛇に足を描くような行為は逆効果で、資源の無駄遣いになることがある。
799,话筒,huà tǒng,microphone,マイク,话筒传来清晰声音。,マイクからはっきりとした声が聞こえます。,Clear voices come through the microphone.,主持人拿起话筒，自信地开始了晚会的开场致辞。,司会者はマイクを手に取り、自信を持ってパーティーの開会挨拶を始めた。
800,欢乐,huān lè,gaiety; gladness; glee; merriment; pleasure; happy; joyous; gay,歓楽,节日气氛欢乐热烈。,お祭りの雰囲気は楽しく熱烈です。,The festival atmosphere is joyful and enthusiastic.,节日的欢乐气氛感染了每一个人，大家脸上都洋溢着笑容。,祭りの楽しい雰囲気が皆に伝わり、みんなの顔には笑顔があふれていた。
801,环节,huán jié,round segment; segment (of annelid worms); connection; link; sector; annular ring,環節,每个环节都不可忽视。,どの段階も軽視できない。,Every step cannot be ignored.,在整个项目的关键环节中，每个团队成员都必须严格把控自己的职责，确保工作顺利进行。,プロジェクトの重要な段階において、各チームメンバーは自分の責任を厳格に管理し、仕事が順調に進むことを保証しなければならない。
802,还原,huán yuán,to restore to the original state; reduction (chemistry),還原,科学家成功还原古代场景。,科学者たちは古代の場面を見事に再現した。,Scientists successfully restored ancient scenes.,科学家们通过实验成功还原了远古生物的生活环境，揭示了它们的进化历程。,科学者たちは実験を通じて古代生物の生活環境を成功裏に再現し、その進化の過程を明らかにした。
803,缓和,huǎn hé,to ease (tension); to alleviate; to moderate; to allay; to make more mild,緩和,外交努力缓和了紧张局势。,外交努力が緊張を緩和した。,Diplomatic efforts eased the tense situation.,为了缓和紧张的国际关系，各国领导人积极推动对话和合作的机制建设。,緊張した国際関係を緩和するために、各国の指導者たちは積極的に対話と協力の仕組みづくりを推進した。
804,患者,huàn zhě,patient; sufferer,患者,医生耐心地照顾患者。,医者は患者を根気よく看護した。,The doctor patiently cared for the patient.,医生详细询问患者的病史，以便制定出更为精准的治疗方案。,医師は患者の病歴を詳しく尋ね、より正確な治療計画を立てるために役立てた。
805,荒凉,huāng liáng,desolate,荒涼,荒凉的沙漠令人心寒。,荒涼とした砂漠は心を寒くさせる。,The desolate desert is chilling.,那片荒凉的沙漠中，偶尔可以看到几棵顽强生长的绿植，显得格外珍贵。,あの荒涼とした砂漠の中で、時折逞しく育つ数本の緑の植物を見ることができ、非常に貴重である。
806,荒谬,huāng miù,absurd; ridiculous,荒謬,他的说法完全荒谬无稽。,彼の言い分はまったく荒唐無稽だ。,His statement is completely absurd and groundless.,他的观点完全是荒谬的，缺乏任何科学依据，却引起了不小的争议。,彼の意見は全く荒唐無稽で、科学的根拠に欠けているにもかかわらず、かなりの議論を引き起こした。
807,荒唐,huāng táng,beyond belief; preposterous; absurd; intemperate; dissipated,荒唐,这种荒唐的行为难以接受。,このような荒唐な行為は受け入れがたい。,Such ridiculous behavior is hard to accept.,这部电影的剧情荒唐离奇，让观众难以接受其中的合理性。,この映画のストーリーは荒唐無稽で奇妙すぎて、観客はその合理性を受け入れがたい。
808,皇帝,huáng dì,emperor; CL:个,皇帝,皇帝颁布了新的法令。,皇帝は新しい法令を公布した。,The emperor issued a new decree.,古代皇帝不仅拥有至高无上的权力，还被视为国家的象征和精神领袖。,古代の皇帝は最高権力を持つだけでなく、国家の象徴であり精神的な指導者とみなされていた。
809,皇后,huáng hòu,empress; imperial consort,皇后,皇后以慈爱著称于世。,皇后は慈愛で世に知られている。,The empress is known worldwide for her kindness.,皇后在朝廷中拥有重要的地位，她的意见常常影响皇帝的决策。,皇后は宮廷で重要な地位を持ち、彼女の意見はしばしば皇帝の決定に影響を与えた。
810,黄昏,huáng hūn,dusk; evening; nightfall,黄昏,黄昏时分景色尤为美丽。,黄昏時の景色は特に美しい。,The scenery at dusk is especially beautiful.,黄昏时分，夕阳的余晖洒满大地，景色显得格外温馨宁静。,黄昏時、夕日の余光が大地を満たし、景色は特に温かく静かなものに見えた。
811,恍然大悟,huǎng rán dà wù,to suddenly realize; to suddenly see the light,恍然大悟,听完解释他恍然大悟。,説明を聞いて彼ははっと悟った。,"After hearing the explanation, he suddenly understood.",听完老师的讲解后，我恍然大悟，终于明白了这个复杂的数学问题。,先生の説明を聞いて、私は突然悟り、この複雑な数学の問題がようやく理解できた。
812,晃,huǎng,to sway; to shake; to wander about;,晃,树叶在风中轻轻晃动。,木の葉が風にそよそよと揺れている。,The leaves gently sway in the wind.,树枝在风中晃动，发出沙沙的声音，仿佛在诉说着秋天的故事。,木の枝が風に揺れて、ざわざわという音を立て、まるで秋の物語を語っているかのようだ。
813,挥霍,huī huò,to squander money; extravagant; prodigal; free and easy; agile,揮霍,他年轻时喜欢挥霍无度。,彼は若い頃、浪費を好んだ。,He liked to squander money when he was young.,他年轻时挥霍无度，导致后来生活陷入了严重的经济困境。,彼は若い頃に浪費を繰り返し、その結果後に生活が深刻な経済的困難に陥った。
814,辉煌,huī huáng,splendid; glorious,輝煌,她的事业取得了辉煌成就。,彼女のキャリアは輝かしい成果を収めた。,Her career achieved brilliant success.,这座城市的辉煌历史吸引了无数游客前来参观和学习。,この都市の輝かしい歴史は無数の観光客を惹きつけ、訪れて学んでいる。
815,回报,huí bào,(in) return; reciprocation; payback; retaliation; to report back; to reciprocate,回報,我们应当回报社会的关爱。,私たちは社会の愛情に報いるべきだ。,We should give back the care from society.,公司对员工的付出给予了丰厚的回报，激励大家更加努力工作。,会社は社員の努力に豊かな報酬を与え、皆がさらに一生懸命働くよう励ました。
816,回避,huí bì,to evade; to shun; to avoid,回避,他试图回避这个敏感问题。,彼はこの敏感な問題を回避しようとした。,He tried to avoid this sensitive issue.,面对媒体的质疑，他选择暂时回避敏感话题，以免引发更大争议。,メディアの疑問に直面し、彼は敏感な話題を一時的に回避し、さらなる論争を避けることを選んだ。
817,回顾,huí gù,to look back; to review,回顧,回顾过去，我们收获颇丰。,過去を振り返ると、多くの収穫があった。,"Looking back, we have gained a lot.",年终时，公司领导回顾了过去一年的成绩与不足，制定了未来的发展计划。,年末に会社の指導者は過去一年の成果と不足を振り返り、今後の発展計画を立てた。
818,回收,huí shōu,to recycle; to reclaim; to retrieve; to recover,回收,企业积极推行资源回收。,企業は積極的に資源回収を推進している。,The company actively promotes resource recycling.,为了保护环境，政府大力推动废旧物品的回收和再利用工作。,環境保護のために、政府は廃棄物の回収と再利用を積極的に推進している。
819,悔恨,huǐ hèn,remorse; repentance,悔恨,他对错误深感悔恨不已。,彼は自分の過ちを深く悔いている。,He deeply regrets his mistakes.,他因错误的决定而深感悔恨，誓言以后一定要更加谨慎。,彼は誤った判断を深く悔やみ、今後は必ずもっと慎重になることを誓った。
820,毁灭,huǐ miè,perish; ruin; destroy,毁滅,战争带来了毁灭性后果。,戦争は破壊的な結果をもたらした。,War brought destructive consequences.,战争的爆发导致了无数生命的毁灭和社会的巨大破坏。,戦争の勃発は数え切れない命の破壊と社会の大きな被害をもたらした。
821,会晤,huì wù,to meet; meeting; conference,會晤,领导人举行了重要会晤。,指導者たちは重要な会談を行った。,Leaders held an important meeting.,两国领导人在首都举行了重要的会晤，讨论了双边合作的未来方向。,両国の指導者は首都で重要な会談を行い、二国間協力の将来の方向性を議論した。
822,汇报,huì bào,to report; to give an account of; to collect information and report back,匯報,他向上级汇报了工作进展。,彼は上司に仕事の進捗を報告した。,He reported the work progress to his superior.,项目负责人向上级汇报了最新进展，并提出了下一步的工作计划。,プロジェクト責任者は上司に最新の進捗を報告し、次の作業計画を提出した。
823,贿赂,huì lù,to bribe; a bribe,賄賂,贿赂行为严重违反法律。,贈賄行為は法律に重大に違反している。,Bribery seriously violates the law.,腐败官员通过贿赂手段获取非法利益，严重破坏了社会公平。,腐敗した役人は賄賂を使って不正な利益を得て、社会の公平を著しく損ねた。
824,昏迷,hūn mí,to lose consciousness; to be in a coma; stupor; coma; stunned; disoriented,昏迷,病人因事故陷入昏迷。,患者は事故で昏睡状態に陥った。,The patient fell into a coma due to the accident.,事故发生后，伤者陷入昏迷，医生全力抢救生命体征。,事故の後、負傷者は昏睡状態に陥り、医師は全力で生命兆候の回復に努めた。
825,荤,hūn,"meat, fish; strong-smelling vegetable (garlic etc); non-vegetarian food (meat, fish, spicy food etc); vulgar; obscene;",葷,这里提供各种葷菜选择。,ここでは様々な肉料理の選択肢がある。,Various meat dishes are offered here.,这家餐厅以提供各种荤菜而闻名，吸引了大量食客前来品尝。,このレストランは様々な肉料理を提供することで有名で、多くの客を惹きつけている。
826,浑身,hún shēn,all over; from head to foot,渾身,他渾身是汗，显得疲惫。,彼は全身汗だくで疲れて見えた。,He was drenched in sweat and looked tired.,他感冒发烧，浑身无力，整天躺在床上休息。,彼は風邪をひいて熱が出て、全身がだるく、一日中ベッドで休んでいた。
827,混合,hùn hé,to mix; to blend,混合,将两种液体混合均匀。,二つの液体を均一に混ぜる。,Mix the two liquids evenly.,这道菜采用多种调料混合烹制，味道丰富且层次分明。,この料理は様々な調味料を混ぜて調理しており、味が豊かで層次がはっきりしている。
828,混乱,hùn luàn,confusion; chaos; disorder,混亂,突发事件导致场面混乱。,突発事件が場面を混乱させた。,The sudden incident caused chaos.,突如发生的地震导致城市陷入混乱，交通和通讯一度中断。,突然の地震により都市は混乱に陥り、交通や通信が一時中断した。
829,混淆,hùn xiáo,to obscure; to confuse; to mix up; to blur; to mislead,混淆,不要混淆事实与谣言。,事実と噂を混同してはいけない。,Do not confuse facts with rumors.,由于词义相近，初学者常常混淆这两个汉字的用法。,意味が似ているため、初心者はこの二つの漢字の使い方をよく混同する。
830,混浊,hùn zhuó,turbid; muddy; dirty,混濁,河水因泥沙而混濁不清。,川の水は泥砂で濁っている。,The river water is turbid due to silt.,河水因工业废水排放而变得混浊，严重影响了生态环境。,工業廃水の排出により川の水が濁り、生態環境に深刻な影響を与えている。
831,活该,huó gāi,(coll.) serve sb right; deservedly; ought; should,活該,他不努力，活该失败。,彼は努力しないので、失敗して当然だ。,"He doesn't work hard, so he deserves to fail.",他不努力学习，考试失败，真是活该以后要吃苦受累。,彼は努力せずに試験に失敗し、まったく自業自得で今後苦労することになるだろう。
832,活力,huó lì,energy; vitality; vigor; vital force,活力,年轻人充满无限活力。,若者は無限の活力に満ちている。,Young people are full of unlimited vitality.,年轻人充满活力，他们是社会发展的中坚力量。,若者は活力に満ちており、社会発展の中核的な力である。
833,火箭,huǒ jiàn,rocket; CL:枚[mei2],火箭,火箭发射进入太空轨道。,ロケットは宇宙軌道に打ち上げられた。,The rocket was launched into space orbit.,科学家们成功发射了一枚新型火箭，标志着航天技术的重大突破。,科学者たちは新型ロケットの打ち上げに成功し、宇宙技術の大きな突破を示した。
834,火焰,huǒ yàn,blaze; flame,火焰,火焰燃烧吞噬了森林。,炎が燃え上がり森林を飲み込んだ。,The flames burned and engulfed the forest.,火焰在夜空中跳动，映照出营地里人们的欢声笑语。,炎が夜空で揺れ動き、キャンプ場の人々の笑い声を映し出していた。
835,火药,huǒ yào,gunpowder,火藥,火药的发明改变了战争。,火薬の発明は戦争を変えた。,The invention of gunpowder changed warfare.,火药的发明极大地改变了战争的方式和历史进程。,火薬の発明は戦争の方法と歴史の進行を大きく変えた。
836,货币,huò bì,currency; monetary; money,貨幣,货币贬值影响经济稳定。,通貨の価値下落は経済の安定に影響を与えた。,Currency devaluation affected economic stability.,随着经济的发展，货币的流通速度也显著加快了。,経済の発展とともに、通貨の流通速度も著しく速くなった。
837,基地,jī dì,base (of operations); industrial or military base; al-Qaeda,基地,军队在边境建立了基地。,軍隊は国境に基地を設置した。,The army established a base at the border.,军事基地的建设对于保障国家安全具有重要意义。,軍事基地の建設は国家の安全保障に重要な意義を持っている。
838,基金,jī jīn,fund,基金,基金投资需谨慎分析。,基金の投資には慎重な分析が必要だ。,Fund investment requires careful analysis.,投资基金管理公司通过科学分析，帮助客户实现资产增值。,投資ファンド管理会社は科学的な分析を通じて、顧客の資産増加を支援している。
839,基因,jī yīn,gene (loanword),基因,基因决定了个体特征。,遺伝子が個体の特徴を決定する。,Genes determine individual traits.,基因技术的发展为医学研究和疾病治疗带来了新的希望。,遺伝子技術の発展は医学研究と疾病治療に新たな希望をもたらした。
840,机动,jī dòng,"locomotive; motorized; power-driven; adaptable; flexible (use, treatment, timing etc)",機動,机动部队迅速应对危机。,機動部隊は迅速に危機に対応した。,The mobile unit responded quickly to the crisis.,这款机动设备能够适应复杂环境，提高了工作效率和安全性。,この機動装置は複雑な環境に適応でき、作業効率と安全性を向上させた。
841,机构,jī gòu,mechanism; structure; organization; agency; institution; CL:所[suo3],機構,该机构负责监督管理。,その機関は監督管理を担当している。,The agency is responsible for supervision and management.,机构改革旨在优化管理体系，提升整体运作效率和服务质量。,機関改革は管理体制の最適化を目的とし、全体の運営効率とサービス品質を向上させる。
842,机灵,jī ling,clever; quick-witted,機靈,他机灵地解决了难题。,彼は機転を利かせて難題を解決した。,He cleverly solved the difficult problem.,他机灵聪明，能够迅速解决工作中遇到的各种难题。,彼は機転が利き聡明で、仕事で直面する様々な難題を素早く解決できる。
843,机密,jī mì,secret; classified (information),機密,请妥善保管机密文件。,機密文書は適切に保管してください。,Please properly keep the confidential documents.,公司的机密信息必须严格保密，防止泄露给竞争对手。,会社の機密情報は厳重に守秘され、競合他社への漏洩を防がなければならない。
844,机械,jī xiè,machine; machinery; mechanical,機械,工厂引进了先进机械。,工場は先進的な機械を導入した。,The factory introduced advanced machinery.,现代机械设备的应用极大地提高了生产效率和产品质量。,現代の機械設備の応用は生産効率と製品品質を大幅に向上させた。
845,机遇,jī yù,opportunity; favorable circumstance; stroke of luck,機遇,把握机遇才能成功。,チャンスを掴んでこそ成功できる。,Only by seizing opportunities can one succeed.,抓住机遇，不断创新，是企业成功的关键所在。,機会を捉え、不断に革新することが企業成功の鍵である。
846,机智,jī zhì,quick-witted; tact; witty; resourceful,機智,她机智地化解了尴尬。,彼女は機知に富んで気まずさを解消した。,She cleverly diffused the awkwardness.,他以机智的回答化解了尴尬的局面，赢得了大家的赞赏。,彼は機知に富んだ答えで気まずい場面を切り抜け、皆の称賛を得た。
847,激发,jī fā,to arouse; to excite,激發,音乐激发了他的创作欲望。,音楽は彼の創作意欲を刺激した。,Music inspired his desire to create.,优秀的教师能够激发学生的学习兴趣，促进他们全面发展。,優秀な教師は学生の学習意欲を刺激し、彼らの全面的な発展を促進できる。
848,激励,jī lì,to encourage; to urge; motivation; incentive,激勵,老师的话激励了学生。,先生の言葉は生徒たちを励ました。,The teacher's words encouraged the students.,公司通过完善激励机制，激励员工积极参与创新工作。,会社は優れた激励制度を整備し、社員が積極的に革新に参加するよう促している。
849,激情,jī qíng,passion; fervor; enthusiasm; strong emotion,激情,他演讲时充满激情。,彼は演説で情熱を込めて話した。,He spoke with passion during the speech.,年轻人充满激情，勇于追求梦想，不怕面对挑战。,若者は情熱にあふれ、夢を追い求める勇気があり、挑戦に恐れない。
850,讥笑,jī xiào,to sneer,嘲笑,不要讥笑别人的失败。,他人の失敗を嘲笑ってはいけない。,Do not mock others' failures.,面对别人的成功，他选择了讥笑而不是反思自己的不足。,他人の成功に対し、彼は自分の不足を反省するのではなく、嘲笑することを選んだ。
851,饥饿,jī è,hunger; starvation; famine,飢餓,饥饿使人失去理智。,飢えは人を理性を失わせる。,Hunger makes people lose their rationality.,在极端饥饿的情况下，人体会优先消耗脂肪储备以维持生命活动。,極度の飢餓状態では、人体は生命活動を維持するために優先的に脂肪の蓄えを消費します。
852,即便,jí biàn,even if; even though; right away; immediately,たとえ〜でも,即便失败，也要坚持。,たとえ失敗しても、あきらめずに続けなければならない。,"Even if you fail, you must persist.",即便面临重重困难，他依然坚持完成了所有的研究任务。,たとえ多くの困難に直面しても、彼は依然としてすべての研究課題をやり遂げました。
853,即将,jí jiāng,on the eve of; to be about to; to be on the verge of,まもなく,比赛即将开始了。,試合がまもなく始まる。,The competition is about to start.,这项重要的会议即将召开，所有成员都在紧张地准备材料。,この重要な会議はまもなく開催され、すべてのメンバーが緊張して資料を準備しています。
854,及早,jí zǎo,at the earliest possible time; as soon as possible,早めに,问题应及早解决。,問題は早めに解決すべきだ。,Problems should be solved as early as possible.,我们应及早采取措施，防止问题进一步恶化。,私たちは問題がさらに悪化するのを防ぐために、早めに措置を講じるべきです。
855,吉祥,jí xiáng,lucky; auspicious; propitious,吉祥,红色象征吉祥如意。,赤色は吉祥と幸福を象徴する。,Red symbolizes good luck and happiness.,春节期间，家家户户都张贴着吉祥的春联，寓意新年幸福安康。,春節の期間中、家々は縁起の良い春聯を貼り、新年の幸福と健康を願っています。
856,嫉妒,jí dù,to be jealous; to envy; to hate,嫉妬,她嫉妒同事的成功。,彼女は同僚の成功を嫉妬している。,She is jealous of her colleague's success.,她对同事的成功产生了嫉妒心理，导致团队氛围变得紧张。,彼女は同僚の成功に嫉妬心を抱き、チームの雰囲気が緊張したものとなりました。
857,急功近利,jí gōng jìn lì,"seeking instant benefit (idiom); shortsighted vision, looking only for fast return",短期的利益追求,急功近利不可取。,目先の利益を急ぐことは好ましくない。,Seeking quick success and instant benefits is undesirable.,急功近利的态度往往会忽视长远的发展和根本的问题。,目先の利益を急ぐ態度は、しばしば長期的な発展や根本的な問題を無視してしまいます。
858,急剧,jí jù,rapid; sudden,急激な,市场价格急剧波动。,市場価格は急激に変動している。,Market prices are fluctuating sharply.,市场需求急剧变化，企业必须迅速调整经营策略以适应环境。,市場の需要が急激に変化し、企業は環境に適応するために経営戦略を迅速に調整しなければなりません。
859,急切,jí qiè,eager; impatient,切望している,他急切等待消息。,彼は切望して知らせを待っている。,He is eagerly waiting for the news.,他对新项目的成功表现出急切的期待，希望尽快见到成果。,彼は新しいプロジェクトの成功に対して切実な期待を示し、早く成果を見たいと望んでいます。
860,急于求成,jí yú qiú chéng,anxious for quick results (idiom); to demand instant success; impatient for result; impetuous,結果を急ぐ,急于求成易失败。,急いで成果を求めると失敗しやすい。,Being eager for quick success often leads to failure.,急于求成的心态可能导致忽略基础工作，影响整体质量。,早く成果を求める心構えは基礎作業をおろそかにし、全体の質に影響を与える可能性があります。
861,急躁,jí zào,irritable; irascible; impetuous,せっかち,他性格急躁易怒。,彼は性格がせっかちで怒りっぽい。,He has an impatient and irritable personality.,他的性格比较急躁，容易因小事与人发生争执。,彼は性格がややせっかちで、小さなことで人と争いになりやすいです。
862,极端,jí duān,extreme,極端な,极端观点难以接受。,極端な意見は受け入れにくい。,Extreme views are hard to accept.,极端的气候变化对生态系统造成了严重的威胁。,極端な気候変動は生態系に深刻な脅威をもたらしています。
863,极限,jí xiàn,limit; extreme boundary,限界,挑战身体极限极难。,身体の限界に挑戦するのは非常に難しい。,Challenging the limits of the body is extremely difficult.,运动员不断挑战自己的极限，争取创造更好的成绩。,選手は自分の限界に挑戦し続け、より良い成績を目指しています。
864,疾病,jí bìng,disease; sickness; ailment,疾病,疾病防治刻不容缓。,疾病の予防と治療は一刻の猶予も許されない。,Disease prevention and treatment cannot be delayed.,新型疾病的爆发引起了全球医疗机构的高度关注。,新型の疾病の発生は世界中の医療機関の高度な関心を引き起こしました。
865,籍贯,jí guàn,one's native place; place of ancestry; registered birthplace,出生地,他的籍贯是江苏。,彼の出身地は江蘇省だ。,His native place is Jiangsu.,他的籍贯是湖南省长沙市，那里的风景非常优美。,彼の出身地は湖南省長沙市で、そこの風景は非常に美しいです。
866,级别,jí bié,(military) rank; level; grade,レベル,员工级别决定待遇。,従業員のレベルが待遇を決める。,Employee level determines the treatment.,在公司内部，不同职位有不同的级别和相应的职责。,会社内部では、異なる職位に応じて異なる階級とそれに伴う責任があります。
867,集团,jí tuán,group; bloc; corporation; conglomerate,グループ,该集团业务遍及全球。,そのグループの事業は世界中に及んでいる。,The group's business spans the globe.,该集团在全球多个国家设有分支机构，业务范围广泛。,このグループは世界各国に支社を設けており、事業範囲が広範です。
868,给予,jǐ yǔ,to accord; to give; to show (respect),与える,公司给予员工奖励。,会社は従業員に報奨を与える。,The company gives rewards to employees.,政府应给予弱势群体更多的支持和帮助。,政府は弱者層により多くの支援と援助を与えるべきです。
869,季军,jì jūn,third in a race; bronze medalist,3位,他获得了季军奖杯。,彼は三位のトロフィーを獲得した。,He won the third-place trophy.,他在比赛中发挥出色，最终获得了季军的好成绩。,彼は試合で素晴らしいパフォーマンスを見せ、最終的に3位の好成績を収めました。
870,季度,jì dù,"quarter (finance, publishing, schools etc); season (sports); period of three months",四半期,季度报告即将发布。,四半期報告がまもなく発表される。,The quarterly report is about to be released.,公司每个季度都会发布财务报告，供股东参考。,会社は毎四半期ごとに財務報告を発表し、株主の参考に供しています。
871,寂静,jì jìng,quiet,静寂,夜晚异常寂静无声。,夜は異常に静かで音がしない。,The night is unusually quiet and silent.,夜晚的森林里异常寂静，只有微弱的虫鸣声。,夜の森は異常に静かで、かすかな虫の鳴き声だけが聞こえます。
872,寄托,jì tuō,to have sb look after sb; to entrust the care of sb; to place (hope etc) on,託す,他寄托希望于未来。,彼は希望を未来に託している。,He places his hopes on the future.,他将对未来的希望寄托在自己的努力和学习上。,彼は未来への希望を自分の努力と学習に託しています。
873,忌讳,jì huì,taboo; to avoid as taboo; to abstain from,忌み嫌う,忌讳话题需避免提。,禁忌の話題は避けるべきだ。,Taboo topics should be avoided.,在某些文化中，谈论死亡是一个忌讳的话题。,いくつかの文化では、死について話すことはタブーとされています。
874,技巧,jì qiǎo,skill; technique,技巧,绘画技巧需长期练。,絵画の技術は長期間練習が必要だ。,Painting skills require long-term practice.,他在演讲中运用了丰富的技巧，赢得了观众的赞赏。,彼は演説で豊富な技術を駆使し、聴衆の賞賛を得ました。
875,纪要,jì yào,minutes; written summary of a meeting,要点,会议纪要已整理好。,会議の議事録はすでに整理されている。,The meeting minutes have been organized.,会议纪要详细记录了讨论的重点和达成的共识。,会議の議事録は議論の重点と合意事項を詳細に記録しています。
876,继承,jì chéng,to inherit; to carry on; to succeed,継承する,他继承家族事业。,彼は家業を継いだ。,He inherited the family business.,他继承了家族的企业，并将其发展成为行业领先者。,彼は家族の企業を受け継ぎ、それを業界のリーダーに成長させました。
877,计较,jì jiào,to haggle; to bicker; to argue,こだわる,不必计较小细节。,小さな細部にこだわる必要はない。,There is no need to fuss over small details.,在合作过程中，不要过于计较小细节，以免影响整体的进展。,協力の過程で細かいことにこだわりすぎず、全体の進展に影響を与えないようにしましょう。
878,记性,jì xing,memory; recall,記憶力,她记性非常好。,彼女は記憶力が非常に良い。,She has a very good memory.,他记性很好，几乎能记住所有重要的信息和细节。,彼は記憶力が良く、ほとんどすべての重要な情報や細部を覚えています。
879,记载,jì zǎi,write down; record; written account,記録する,历史记载非常详尽。,歴史の記録は非常に詳しい。,Historical records are very detailed.,这本书详细记载了古代文明的发展历程。,この本は古代文明の発展過程を詳細に記録しています。
880,迹象,jì xiàng,mark; indication; sign; indicator,兆候,经济衰退有迹象。,経済の衰退の兆候がある。,There are signs of economic recession.,经济复苏的迹象逐渐显现，市场信心开始回升。,経済回復の兆候が徐々に現れ、市場の信頼感が回復し始めています。
881,佳肴,jiā yáo,fine food; delicacies; delicious food,美味料理,宴会上供应佳肴。,宴会では美味しい料理が提供される。,Delicacies are served at the banquet.,这家餐厅以其精致的佳肴吸引了众多美食爱好者。,このレストランは精巧な料理で多くの美食家を惹きつけています。
882,加工,jiā gōng,to process; processing; working (of machinery),加工する,原料需进一步加工。,原材料はさらに加工が必要だ。,Raw materials need further processing.,工厂对原材料进行了多道加工，确保产品的质量和性能。,工場は原材料に多段階の加工を施し、製品の品質と性能を確保しています。
883,加剧,jiā jù,to intensify; to sharpen; to accelerate; to aggravate; to exacerbate; to embitter,悪化する,矛盾加剧影响稳定。,矛盾が激化し安定に影響を与える。,Intensified conflicts affect stability.,环境污染问题日益加剧，亟需采取有效的治理措施。,環境汚染の問題が日増しに深刻化しており、早急に効果的な対策を講じる必要があります。
884,夹杂,jiā zá,to mix together (disparate substances); to mingle; a mix; to be tangled up with,混ざる,文件中夹杂错误字。,書類には誤字が混じっている。,The document contains some typos.,报告中夹杂着许多主观意见，需要进一步核实和分析。,報告書には多くの主観的な意見が混じっており、さらに検証と分析が必要です。
885,家常,jiā cháng,the daily life of a family,家庭料理,她擅长做家常菜。,彼女は家庭料理を作るのが得意だ。,She is good at cooking home-style dishes.,她擅长制作家常菜，味道鲜美而且营养丰富。,彼女は家庭料理を作るのが得意で、味はおいしく栄養も豊富です。
886,家伙,jiā huo,"household dish, implement or furniture; domestic animal; guy (slang); chap",やつ,那个家伙很有趣。,あの男はとても面白い。,That guy is very interesting.,那个家伙总是迟到，让大家对他的态度感到不满。,あの男はいつも遅刻して、みんなは彼の態度に不満を感じています。
887,家属,jiā shǔ,family member; (family) dependent,家族,家属探望病人积极。,家族は積極的に患者を見舞う。,Family members actively visit the patient.,事故发生后，家属们焦急地等待医院的消息。,事故発生後、家族は病院からの連絡を心配しながら待っていました。
888,家喻户晓,jiā yù hù xiǎo,understood by everyone (idiom); well known; a household name,誰も知る,这故事家喻户晓。,この話は誰もが知っている。,This story is known to every household.,这位科学家的贡献家喻户晓，影响深远。,この科学者の貢献は広く知られており、その影響は深遠です。
889,坚定,jiān dìng,firm; steady; staunch; resolute,堅い決意,他坚定信念不动摇。,彼は信念が揺るがない。,He has unwavering faith.,他对自己的理想保持坚定的信念，永不放弃追求。,彼は自分の理想に対して揺るぎない信念を持ち、決して追求をあきらめません。
890,坚固,jiān gù,firm; firmly; hard; stable,堅固な,这座桥梁结构坚固。,この橋の構造は頑丈だ。,The structure of this bridge is solid.,这座桥的结构设计坚固，能够承受极端天气的考验。,この橋の構造設計は堅固で、極端な天候の試練に耐えられます。
891,坚韧,jiān rèn,tough and durable; tenacious,粘り強い,她性格坚韧不拔。,彼女は性格が強くて粘り強い。,She has a strong and tenacious personality.,他以坚韧不拔的精神克服了生活中的重重困难。,彼は不屈の精神で人生の多くの困難を乗り越えました。
892,坚实,jiān shí,firm and substantial; solid,しっかりした,基础必须坚实稳固。,基礎はしっかりと安定していなければならない。,The foundation must be solid and stable.,这块土地的土壤坚实，适合种植多种农作物。,この土地の土壌はしっかりしていて、さまざまな農作物の栽培に適しています。
893,坚硬,jiān yìng,hard; solid,硬い,这块石头非常坚硬。,この石は非常に硬い。,This stone is very hard.,经过特殊处理后，材料变得坚硬且耐用。,特殊な処理を経て、材料は硬くて耐久性のあるものになりました。
894,尖端,jiān duān,sharp pointed end; the tip; the cusp; tip-top; most advanced and sophisticated; highest peak; the best,最先端,尖端科技推动发展。,最先端技術が発展を促進する。,Cutting-edge technology drives development.,这家公司的尖端技术在行业内处于领先地位。,この会社の最先端技術は業界内でリーダーの地位にあります。
895,尖锐,jiān ruì,sharp; intense; penetrating; pointed; acute (illness),鋭い,他的批评非常尖锐。,彼の批判は非常に鋭い。,His criticism is very sharp.,他提出的问题非常尖锐，引发了激烈的讨论。,彼の提起した問題は非常に鋭く、激しい議論を引き起こしました。
896,煎,jiān,to pan fry; to sauté,焼く,请将鱼煎至金黄。,魚をきつね色になるまで焼いてください。,Please pan-fry the fish until golden brown.,妈妈用平底锅煎了几枚鸡蛋，香味扑鼻。,お母さんはフライパンで数枚の卵を焼き、その香りが漂っています。
897,监督,jiān dū,to control; to supervise; to inspect,監督する,经理监督工作进度。,マネージャーは仕事の進捗を監督する。,The manager supervises the work progress.,项目经理严格监督工程进度，确保按时完成任务。,プロジェクトマネージャーは工事の進捗を厳しく監督し、期限内の完了を確実にしています。
898,监视,jiān shì,to monitor; to oversee; to keep a close watch over; to spy on,監視する,摄像头监视公共区域。,監視カメラは公共の場所を監視している。,The surveillance camera monitors public areas.,安保人员全天候监视重要区域，防止安全事故发生。,警備員は重要区域を24時間体制で監視し、安全事故の発生を防いでいます。
899,监狱,jiān yù,prison,刑務所,罪犯被关押在监狱。,犯人は刑務所に収監されている。,The criminal is imprisoned in jail.,犯人被判处十年监狱，接受法律的制裁。,犯人は10年の懲役刑を言い渡され、法律の制裁を受けました。
900,艰难,jiān nán,difficult; hard; challenging,困難な,他们经历了艰难岁月。,彼らは困難な時期を経験した。,They went through difficult times.,在艰难的环境下，他依然坚持完成了所有的任务。,困難な環境の中でも、彼は全ての任務をやり遂げました。
901,剪彩,jiǎn cǎi,to cut the ribbon (at a launching or opening ceremony),開幕式,剪彩仪式隆重举行。,剪彩式は盛大に行われた。,The ribbon-cutting ceremony was held grandly.,新图书馆的开幕仪式上，市长亲自为项目剪彩，象征着新时代文化建设的开始。,新しい図書館の開館式で、市長は自らプロジェクトのテープカットを行い、新時代の文化建設の始まりを象徴した。
902,拣,jiǎn,to choose; to pick; to sort out; to pick up,拾取,他小心拣起地上的纸屑。,彼は慎重に地面の紙くずを拾い上げた。,He carefully picked up the scraps of paper on the ground.,他在市场上仔细拣选了最新鲜的蔬菜，确保家人能够吃到健康的食物。,彼は市場で慎重に一番新鮮な野菜を選び、家族が健康的な食べ物を食べられるようにした。
903,检讨,jiǎn tǎo,to examine or inspect; self-criticism; review,反省,他深刻检讨自己的错误。,彼は自分の過ちを深く反省した。,He deeply reflected on his mistakes.,会议结束后，他主动检讨了自己在项目管理中的不足，寻求改进的方法。,会議終了後、彼は率先してプロジェクト管理における自分の不足点を反省し、改善方法を模索した。
904,检验,jiǎn yàn,to inspect; to examine; to test,検査,产品必须经过严格检验。,製品は厳格な検査を経なければならない。,The products must undergo strict inspection.,产品上市前必须经过严格的检验，确保质量符合国际标准。,製品は発売前に厳格な検査を受け、品質が国際基準に適合していることを保証しなければならない。
905,简化,jiǎn huà,simplify,簡略化,语言应适当简化表达。,言語は適切に簡略化して表現すべきだ。,Language should be appropriately simplified in expression.,为了提高工作效率，公司决定对流程进行简化，减少不必要的环节。,業務効率を向上させるため、会社はプロセスを簡略化し、不必要な段階を減らすことにした。
906,简陋,jiǎn lòu,simple and crude (of a room or building),粗末,这个房间环境简陋寒冷。,この部屋は環境が簡素で寒い。,This room is simple and cold in environment.,虽然这间办公室环境简陋，但员工们依然努力工作，业绩显著提升。,このオフィスは環境が簡素だが、従業員たちはそれでも一生懸命働き、業績が著しく向上した。
907,简体字,jiǎn tǐ zì,"simplified Chinese character, as opposed to traditional Chinese character 繁体字[fan2 ti3 zi4]",簡体字,中文简体字广泛使用。,中国語の簡体字は広く使われている。,Simplified Chinese characters are widely used.,学校推广使用简体字，目的是方便学生快速掌握汉字书写技巧。,学校は簡体字の使用を推進しており、目的は学生が漢字の書き方を素早く習得できるようにすることだ。
908,简要,jiǎn yào,concise; brief,簡潔,请提供简要的说明。,簡潔な説明をお願いします。,Please provide a brief explanation.,请你简要介绍一下这次会议的主要内容和讨论结果。,今回の会議の主要内容と討議結果を簡潔に紹介してください。
909,健全,jiàn quán,robust; strong,健全な,法律制度日益健全完善。,法律制度はますます健全で完備されている。,The legal system is becoming increasingly sound and complete.,为了健全公司的管理体系，董事会制定了更严格的规章制度。,会社の管理体制を健全化するために、取締役会はより厳格な規則を制定した。
910,剑,jiàn,"double-edged sword; CL:口[kou3],把[ba3]; classifier for blows of a sword;",剣,古代剑术博大精深。,古代の剣術は博大で深遠だ。,Ancient swordsmanship is broad and profound.,他手持一把锋利的剑，象征着古代武士的勇气与荣誉。,彼は鋭い剣を手に持ち、古代武士の勇気と名誉を象徴している。
911,溅,jiàn,splash,飛び散る,水花溅起湿透衣服。,水しぶきが上がり服がびしょ濡れになった。,The splash of water soaked the clothes.,水花溅起，弄湿了他的衣服，但他仍然坚持完成了任务。,水しぶきが跳ねて彼の服を濡らしたが、それでも彼は任務をやり遂げた。
912,舰艇,jiàn tǐng,warship; naval vessel,軍艦,舰艇在海上执行任务。,艦艇は海上で任務を遂行している。,The warships are carrying out missions at sea.,海军舰艇在演习中展示了强大的火力和协调作战能力。,海軍の艦艇は演習で強力な火力と統合戦闘能力を披露した。
913,见多识广,jiàn duō shí guǎng,experienced and knowledgeable (idiom),見識豊富,他见多识广，经验丰富。,彼は見識が広く経験豊富だ。,He is knowledgeable and experienced.,他见多识广，能够从不同角度分析复杂的问题，提出建设性意见。,彼は見聞が広く、複雑な問題を様々な角度から分析して建設的な意見を出すことができる。
914,见解,jiàn jiě,opinion; view; understanding,見解,专家发表了独特见解。,専門家は独自の見解を発表した。,The expert expressed unique insights.,针对当前经济形势，专家们提出了各自不同的见解和对策。,現在の経済情勢に対して、専門家たちはそれぞれ異なる見解と対策を提示した。
915,见闻,jiàn wén,what one sees and hears; knowledge; information,見聞,旅行增长了我的见闻。,旅行は私の見聞を広げた。,Travel broadened my knowledge and experience.,通过这次出国留学，他积累了丰富的见闻，拓宽了国际视野。,今回の留学を通じて、彼は豊富な見聞を積み、国際的な視野を広げた。
916,见义勇为,jiàn yì yǒng wéi,"to see what is right and act courageously (idiom, from Analects); to stand up bravely for the truth; acting heroically in a just cause",義勇,他见义勇为救人受赞。,彼は正義感から勇敢に人を助け賞賛された。,He was praised for bravely helping others out of a sense of justice.,他在关键时刻见义勇为，成功阻止了一场潜在的事故发生。,彼は重要な時に義を見て勇敢に行動し、潜在的な事故の発生を阻止した。
917,践踏,jiàn tà,to trample,踏みつける,践踏草地破坏生态。,草地を踏みつけて生態系を破壊する。,Trampling the grass damages the ecosystem.,未经允许，任何人不得践踏保护区内的植被，以免破坏生态环境。,許可なく誰も保護区内の植物を踏みつけてはならず、生態環境を損なわないようにすべきだ。
918,鉴别,jiàn bié,to differentiate; to distinguish,鑑別,专家鉴别真伪画作。,専門家が真偽の絵画を鑑定した。,Experts authenticated the authenticity of the paintings.,专家利用先进设备鉴别了这批艺术品的真伪，确保收藏价值。,専門家は先進的な設備を使ってこの一連の美術品の真偽を鑑別し、収集価値を保証した。
919,鉴定,jiàn dìng,to appraise; to identify; to evaluate,鑑定,文物鉴定结果令人满意。,文物の鑑定結果は満足のいくものだった。,The appraisal results of the cultural relics were satisfactory.,鉴定报告显示，这块玉石具有极高的历史和艺术价值。,鑑定報告によると、この翡翠は非常に高い歴史的および芸術的価値を持っている。
920,鉴于,jiàn yú,in view of; seeing that; considering; whereas,鑑みて,鉴于情况，决定延期。,状況を鑑みて延期を決定した。,"In view of the situation, it was decided to postpone.",鉴于当前市场变化，公司决定调整销售策略以适应新环境。,現在の市場変化を鑑みて、会社は新しい環境に適応するため販売戦略を調整することにした。
921,间谍,jiàn dié,spy,スパイ,间谍活动威胁国家安全。,スパイ活動は国家の安全を脅かす。,Spy activities threaten national security.,他被怀疑是敌方派遣的间谍，正在接受相关部门的调查。,彼は敵側から派遣されたスパイと疑われており、関連部門の調査を受けている。
922,间隔,jiàn gé,compartment; gap; interval; to divide,間隔,房间间隔设计合理。,部屋の間取りは合理的に設計されている。,The room layout is designed reasonably.,房间与走廊之间设有一个玻璃间隔，既保证通透又起到隔音作用。,部屋と廊下の間にはガラスの間仕切りがあり、透過性を保ちつつ防音効果も果たしている。
923,间接,jiàn jiē,indirect,間接的,他间接影响了决策。,彼は間接的に決定に影響を与えた。,He indirectly influenced the decision.,他们通过间接渠道得知了公司的最新发展动态，但仍需进一步确认。,彼らは間接的なルートで会社の最新の動向を知ったが、さらなる確認が必要だ。
924,僵硬,jiāng yìng,stark; stiff,硬直,肉体僵硬难以活动。,肉体が硬直して動きにくい。,The body is stiff and difficult to move.,长时间保持同一姿势会导致肌肉僵硬，影响身体健康。,長時間同じ姿勢を維持すると筋肉が硬直し、健康に悪影響を及ぼす。
925,将军,jiāng jūn,(Military) admiral; (chess) to check; to embarrass,将軍,将军指挥战斗英勇。,将軍は勇敢に戦闘を指揮した。,The general bravely commanded the battle.,这位将军在战场上屡建奇功，深受士兵们的尊敬和爱戴。,この将軍は戦場で幾度も戦功を立て、兵士たちから深く尊敬され慕われている。
926,将近,jiāng jìn,almost; nearly; close to,ほぼ,会议将近结束了。,会議はまもなく終了する。,The meeting is about to end.,距离考试将近，学生们都在紧张地复习备考。,試験が近づいており、学生たちは皆緊張して復習に励んでいる。
927,将就,jiāng jiù,to accept (a bit reluctantly); to put up with;,妥協する,他将就这个条件接受。,彼はこの条件で了承するつもりだ。,He will accept this condition.,虽然条件不是很理想，但我们将就现有资源完成这项任务。,条件はあまり理想的ではないが、私たちは現有の資源でこの任務をやり遂げるつもりだ。
928,奖励,jiǎng lì,reward (as encouragement),報奨,公司奖励优秀员工。,会社は優秀な社員を表彰する。,The company rewards outstanding employees.,公司对表现优异的员工给予了丰厚的奖励，激励团队士气。,会社は優秀な社員に対して手厚い報奨を与え、チームの士気を鼓舞した。
929,奖赏,jiǎng shǎng,reward; prize; an award,褒賞,他获得了国家奖赏。,彼は国家から賞を受けた。,He received a national award.,为了表彰他的贡献，领导决定给予他特别的奖赏和荣誉称号。,彼の貢献を称えるために、上司は特別な賞賛と名誉称号を与えることに決めた。
930,桨,jiǎng,oar; paddle,櫂,船夫用桨划船前进。,船頭は櫂で船を漕いで進む。,The boatman rows the boat forward with an oar.,划船时，桨的力度和节奏直接影响速度和方向的控制。,ボートを漕ぐとき、オールの力加減とリズムが速度と方向の制御に直接影響する。
931,降临,jiàng lín,to descend to,降臨,夜幕降临城市灯亮。,夜の帳が下りて街の灯りが灯った。,Nightfall came and the city lights turned on.,随着夜幕的降临，城市的灯光逐渐亮起，展现出迷人的夜景。,夜の訪れとともに、街の灯りが徐々に点灯し、魅力的な夜景を見せた。
932,交叉,jiāo chā,to cross; to intersect,交差,道路交叉口交通繁忙。,道路の交差点は交通が混雑している。,The road intersection is busy with traffic.,两条道路在市中心交叉，形成了一个繁忙的交通枢纽。,二つの道路が市の中心で交差し、忙しい交通の要衝を形成している。
933,交代,jiāo dài,to hand over; to explain; to make clear; to brief (sb); to account for; to justify oneself; to confess; to finish (colloquial),説明,他向领导交代情况。,彼は上司に状況を報告した。,He reported the situation to the leader.,他向上级交代了项目进展情况，并提出了存在的问题和解决方案。,彼は上司にプロジェクトの進捗状況を報告し、存在する問題と解決策を提案した。
934,交涉,jiāo shè,to negotiate; relating to,交渉,双方正进行贸易交涉。,双方は貿易交渉を進めている。,Both sides are conducting trade negotiations.,双方代表通过积极交涉，最终达成了一项互利的贸易协议。,双方代表は積極的に交渉し、最終的に互恵的な貿易協定に達した。
935,交易,jiāo yì,(business) transaction; business deal; CL:笔[bi3],取引,两国开展经济交易。,両国は経済取引を展開している。,The two countries are carrying out economic transactions.,这家公司主要从事国际商品交易，业务遍及多个国家和地区。,この会社は主に国際商品取引に従事しており、事業は複数の国や地域に及んでいる。
936,娇气,jiāo qì,delicate; squeamish; finicky,弱々しい,他性格娇气不坚强。,彼は性格が繊細で強くない。,He has a delicate personality and is not strong.,他性格娇气，遇到一点挫折就容易放弃，需要增强心理素质。,彼は性格が弱く、少しの挫折で簡単に諦めてしまうため、心の強さを高める必要がある。
937,焦点,jiāo diǎn,focus; focal point,焦点,会议焦点是环保议题。,会議の焦点は環境保護の議題だ。,The focus of the meeting is the environmental protection topic.,本次会议的焦点集中在如何应对经济全球化带来的挑战上。,今回の会議の焦点は、経済のグローバル化がもたらす課題への対処方法に集中している。
938,焦急,jiāo jí,anxiety; anxious,焦る,他焦急等待考试成绩。,彼は試験結果を焦って待っている。,He anxiously awaits the exam results.,家人因他的失踪而焦急万分，四处寻找他的下落。,家族は彼の失踪に非常に焦り、彼の所在をあちこち探し回っている。
939,侥幸,jiǎo xìng,luckily; by a fluke;,運良く,他侥幸躲过事故。,彼は幸運にも事故を免れた。,He luckily escaped the accident.,他侥幸逃过了这次事故，但深知安全意识的重要性。,彼は幸運にも今回の事故を免れたが、安全意識の重要性を痛感している。
940,搅拌,jiǎo bàn,to stir; to agitate,かき混ぜる,请搅拌均匀再饮用。,よくかき混ぜてから飲んでください。,Please stir well before drinking.,将各种调料搅拌均匀后，再倒入锅中烹饪，味道更佳。,様々な調味料をよくかき混ぜてから鍋に入れて調理すると、味がより良くなる。
941,缴纳,jiǎo nà,to pay (taxes etc),納付,按时缴纳税款义务。,税金を期限内に納める義務がある。,There is an obligation to pay taxes on time.,根据规定，纳税人必须按时缴纳税款，否则将面临罚款。,規定によれば、納税者は期限内に税金を納めなければならず、さもなければ罰金を科せられる。
942,角落,jiǎo luò,nook; corner,隅,书桌角落放着花瓶。,机の隅に花瓶が置いてある。,There is a vase placed in the corner of the desk.,他坐在教室的角落里，认真听讲并做详细笔记。,彼は教室の隅に座り、真剣に授業を聞いて詳しくノートを取っている。
943,教养,jiào yǎng,to train; to educate; to bring up; to nurture; education; culture; upbringing; early conditioning,教養,良好教养体现个人素质。,良い教養は個人の素質を表す。,Good upbringing reflects personal qualities.,良好的教养不仅体现在言行举止上，更反映了一个人的内在素质。,良い教養は言動に現れるだけではなく、一人の内面の素質をも反映している。
944,较量,jiào liàng,to have a contest with sb; to cross swords; to measure up against; to compete with; to haggle; to quibble,競争,两队激烈较量比分。,両チームは激しい競り合いをしている。,The two teams are fiercely competing in the score.,两队选手在比赛中激烈较量，展现出了高超的竞技水平。,両チームの選手たちは試合で激しく競り合い、卓越した競技レベルを示した。
945,接连,jiē lián,on end; in a row; in succession,連続,事故接连发生引关注。,事故が続けて発生し注目を集めている。,"Accidents have occurred consecutively, attracting attention.",这几天接连发生了几起重大事故，引起了社会的广泛关注。,ここ数日間、相次いで重大な事故が起こり、社会の広範な関心を引き起こした。
946,揭露,jiē lù,to expose; to unmask; to ferret out; to disclose; disclosure,暴露,他揭露腐败内幕真相。,彼は腐敗の内幕を暴露した。,He exposed the inside story of corruption.,记者揭露了企业内部的腐败问题，引发了公众的强烈反响。,記者は企業内部の腐敗問題を暴露し、世間の強い反響を呼んだ。
947,皆,jiē,all; each and every; in all cases,すべて,皆已做好充分准备。,すべて十分な準備ができている。,All have made full preparations.,会议上，皆表示支持新的改革方案，期待未来的积极变化。,会議で、全員が新しい改革案を支持し、将来の積極的な変化を期待した。
948,阶层,jiē céng,hierarchy; stratum,階層,社会阶层差距明显。,社会階層の格差が明らかだ。,The gap between social classes is obvious.,社会阶层的流动性对于促进公平和机会均等具有重要意义。,社会階層の流動性は、公平と機会均等の促進に重要な意義を持つ。
949,截止,jié zhǐ,to stop; to close; to put a stop to sth; cut-off point; stopping point; deadline;,締切,报名截止日期快到了。,申し込み締切日が近づいている。,The registration deadline is approaching.,报名截止日期为本月底，请有意者尽快提交申请材料。,応募締切日は今月末であるため、興味のある方は早めに申請書類を提出してください。
950,截至,jié zhì,up to (a time); by (a time),締切,截至今日报名仍可。,今日まで申し込みはまだ可能だ。,Registration is still possible as of today.,截至目前，项目已完成八成工作，进展顺利，按计划进行。,現時点でプロジェクトは八割の作業を完了しており、順調に計画通り進んでいる。
951,杰出,jié chū,outstanding; distinguished; remarkable; prominent; illustrious,傑出,他在科学领域表现杰出。,彼は科学の分野で優れた成果を上げている。,He has outstanding performance in the field of science.,他在科学研究领域取得了杰出的成就，赢得了同行们的一致认可和尊敬。,彼は科学研究の分野で卓越した成果を上げ、同業者からの一致した認可と尊敬を勝ち取った。
952,竭尽全力,jié jìn quán lì,to spare no effort (idiom); to do one's utmost,全力を尽くす,我们必须竭尽全力完成任务。,私たちは全力を尽くして任務を完遂しなければならない。,We must do our utmost to complete the task.,为了完成这项任务，团队成员们竭尽全力，不辞辛苦地投入工作。,この任務を完遂するために、チームのメンバーたちは全力を尽くし、苦労を惜しまず仕事に取り組んだ。
953,结晶,jié jīng,crystallization; crystalline; crystal,結晶,这是多年努力的结晶。,これは長年の努力の結晶だ。,This is the result of years of hard work.,这部作品是作者多年经验和智慧的结晶，体现了深刻的思想内涵。,この作品は作者の多年の経験と知恵の結晶であり、深い思想内容を体現している。
954,结局,jié jú,conclusion; ending,結末,故事的结局令人震惊。,物語の結末は衝撃的だった。,The ending of the story was shocking.,尽管经历了许多波折，故事最终还是迎来了一个令人满意的结局。,幾多の困難を経験したにもかかわらず、物語は最終的に満足のいく結末を迎えた。
955,结算,jié suàn,to settle a bill; to close an account,精算,月底需要结算所有账目。,月末にすべての帳簿を精算する必要がある。,All accounts need to be settled by the end of the month.,购物结束后，请到收银台结算您的账单，确保无误后离开。,買い物が終わったら、レジでお会計を済ませ、間違いがないことを確認してから退出してください。
956,节制,jié zhì,to control; to restrict; to moderate; to temper; moderation; sobriety; to administer;,節制,他生活节制，作息规律。,彼は生活を節制し、規則正しい生活を送っている。,He lives a disciplined life with a regular routine.,为了保持健康，他严格节制饮食，避免摄入过多的脂肪和糖分。,健康を維持するために、彼は食事を厳しく節制し、過剰な脂肪と糖分の摂取を避けている。
957,节奏,jié zòu,rhythm; tempo; musical pulse; cadence; beat,リズム,音乐的节奏感非常强。,音楽のリズム感が非常に強い。,The music has a very strong sense of rhythm.,这首音乐作品的节奏明快，充满活力，深受年轻人的喜爱。,この音楽作品のリズムは明快で活力にあふれ、若者に大変人気がある。
958,解除,jiě chú,to remove; to sack; to get rid of; to relieve (sb of their duties); to free; to lift (an embargo); to rescind (an agreement),解除,紧急状态已被解除。,緊急事態はすでに解除された。,The emergency status has been lifted.,经过协商，双方终于达成协议，成功解除之前的合同纠纷。,協議を経て、双方はついに合意に達し、以前の契約紛争を無事に解除した。
959,解放,jiě fàng,to liberate; to emancipate; liberation; refers to the Communists' victory over the Nationalists in 1949; CL:次[ci4],解放,工人们争取解放权利。,労働者たちは解放の権利を求めて闘っている。,The workers are fighting for their liberation rights.,社会的发展需要打破旧有束缚，实现思想和制度的解放。,社会の発展には旧来の束縛を打破し、思想と制度の解放を実現することが必要である。
960,解雇,jiě gù,to fire; to sack; to dismiss,解雇,公司因业绩差解雇员工。,会社は業績不振のため従業員を解雇した。,The company laid off employees due to poor performance.,由于公司经营不善，部分员工被迫面临解雇的风险。,会社の経営不振により、一部の従業員が解雇の危機に直面している。
961,解剖,jiě pōu,to dissect (an animal); to analyze; anatomy,解剖,医生正在解剖这具标本。,医者はこの標本を解剖している。,The doctor is dissecting this specimen.,医生通过解剖实验，深入研究人体的结构和功能。,医者は解剖実験を通じて人体の構造と機能を深く研究している。
962,解散,jiě sàn,dissolve; disband,解散,会议在晚上九点解散。,会議は夜の9時に解散した。,The meeting was dismissed at 9 p.m.,由于资金短缺，项目组不得不解散，成员们各自寻找新的机会。,資金不足のため、プロジェクトチームは解散せざるを得ず、メンバーはそれぞれ新たな機会を探している。
963,解体,jiě tǐ,to break up into components; to disintegrate; to collapse; to crumble,解体,那个建筑被彻底解体了。,あの建物は完全に解体された。,That building was completely dismantled.,这座古老建筑因年久失修，逐渐出现了解体的迹象，亟需保护。,この古い建物は長年の修繕不足により徐々に解体の兆候が現れ、早急な保護が必要だ。
964,借鉴,jiè jiàn,to use other people's experience; to borrow from a source; to use as reference,参考,我们可以借鉴国外经验。,私たちは外国の経験を参考にすることができる。,We can draw lessons from foreign experiences.,我们应当借鉴国外先进的管理经验，提升企业的竞争力。,我々は海外の先進的な管理経験を参考にして、企業の競争力を高めるべきだ。
965,借助,jiè zhù,to draw support from; with the help of,借助,借助科技提高生产效率。,科学技術の助けを借りて生産効率を向上させる。,Improve production efficiency by leveraging technology.,借助现代科技手段，农业生产效率得到了显著提升。,現代の科学技術手段を借りて、農業生産の効率が著しく向上した。
966,戒备,jiè bèi,to take precautions; to guard against (emergency),戒備,边境戒备非常严格。,国境の警備は非常に厳重だ。,The border security is very strict.,边境地区始终保持高度戒备，防止非法入侵和走私活动。,国境地帯は常に高度な警戒態勢を維持し、違法侵入や密輸活動を防いでいる。
967,界限,jiè xiàn,boundary; marginal,境界,两国之间有明确界限。,両国の間には明確な境界線がある。,There is a clear boundary between the two countries.,个人自由的界限应以不侵犯他人权利为原则加以界定。,個人の自由の境界は他人の権利を侵害しないことを原則として定められるべきである。
968,津津有味,jīn jīn yǒu wèi,with keen interest pleasure (idiom); with gusto; to relish; eagerly; with great interest,とても美味しい,他吃饭时津津有味。,彼は食事の時、とても美味しそうに食べる。,He eats with great relish.,孩子们津津有味地听着老师讲述神奇的故事，眼中充满了好奇。,子供たちは先生が語る不思議な物語を興味津々に聞き入り、目は好奇心でいっぱいだった。
969,金融,jīn róng,banking; finance; financial,金融,金融市场波动很大。,金融市場は大きく変動している。,The financial market is highly volatile.,金融市场的波动对国家经济发展产生了深远的影响。,金融市場の変動は国家の経済発展に深遠な影響を及ぼした。
970,紧迫,jǐn pò,pressing; urgent,切迫,时间紧迫，必须加快。,時間が迫っているので、速度を上げなければならない。,Time is tight; we must speed up.,随着项目截止日期的临近，任务的紧迫感逐渐增强。,プロジェクトの締め切りが近づくにつれ、任務の切迫感が次第に強まった。
971,锦上添花,jǐn shàng tiān huā,"lit. on brocade, add flowers (idiom); to decorate sth already perfect; gilding the lily;",錦上添花,好消息为项目锦上添花。,良いニュースがプロジェクトに華を添えた。,Good news added a finishing touch to the project.,这次大奖的获得为他的艺术生涯锦上添花，赢得了更多关注。,今回の大賞受賞は彼の芸術人生に花を添え、さらなる注目を集めた。
972,晋升,jìn shēng,to promote to a higher position,昇進,他因表现出色晋升经理。,彼は優れた業績によりマネージャーに昇進した。,He was promoted to manager due to his outstanding performance.,经过多年的努力，他终于晋升为公司副总经理，承担更多责任。,長年の努力を経て、彼はついに会社の副総経理に昇進し、より多くの責任を担うことになった。
973,浸泡,jìn pào,to steep; to soak; to immerse,浸す,茶叶需要浸泡三分钟。,お茶は3分間浸す必要がある。,The tea needs to be steeped for three minutes.,将茶叶浸泡在热水中数分钟，才能充分释放出香气和味道。,茶葉を熱湯に数分間浸すことで、香りと味を十分に引き出すことができる。
974,近来,jìn lái,recently; lately,最近,近来天气变化无常。,最近、天気が変わりやすい。,The weather has been unpredictable lately.,近来，随着科技的发展，人们的生活方式发生了显著变化。,近頃、科学技術の発展に伴い、人々の生活様式に顕著な変化が起きている。
975,进而,jìn ér,and then (what follows next),さらに,完成任务，进而提升质量。,任務を完了し、さらに質を向上させる。,Complete the task and then improve the quality.,他先完成了基础研究，进而开展了更深入的实验和分析。,彼はまず基礎研究を終え、その後さらに深い実験と分析を進めた。
976,进攻,jìn gōng,to attack; to assault; to go on the offensive; attack; assault; offense (sports),攻撃,军队开始了猛烈进攻。,軍隊は激しい攻撃を開始した。,The army launched a fierce attack.,军队在指挥官的带领下，迅速发起进攻，取得了战斗的主动权。,軍隊は指揮官の指揮のもと迅速に攻撃を開始し、戦闘の主導権を握った。
977,进化,jìn huà,evolution; CL:个,進化,物种经过长期进化适应。,種は長期の進化を経て適応した。,The species adapted through long-term evolution.,生物进化的过程展现了生命的多样性和适应环境的能力。,生物の進化過程は生命の多様性と環境への適応能力を示している。
978,进展,jìn zhǎn,to make headway; to make progress,進展,项目进展顺利如期完成。,プロジェクトは順調に進み、予定通り完了した。,The project progressed smoothly and was completed on schedule.,项目的顺利进展离不开团队成员的共同努力和支持。,プロジェクトの順調な進展はチームメンバーの共同の努力と支援なしにはありえない。
979,兢兢业业,jīng jīng yè yè,cautious and conscientious,勤勉,他工作兢兢业业无怨言。,彼は仕事に細心の注意を払い、文句を言わない。,He works diligently and without complaint.,他在工作中总是兢兢业业，认真负责，赢得了领导和同事的赞赏。,彼は仕事において常に慎重で誠実に責任を持ち、上司や同僚から称賛を得ている。
980,惊动,jīng dòng,alarm; alert; disturb,驚かす,突然的消息惊动了大家。,突然の知らせが皆を驚かせた。,The sudden news startled everyone.,突发的火灾惊动了整个社区，消防队迅速赶赴现场进行扑救。,突発した火災は地域全体を騒がせ、消防隊が迅速に現場へ駆けつけ消火に当たった。
981,惊奇,jīng qí,to be amazed; to be surprised; to wonder,驚き,孩子的表现令人惊奇。,子供の成績は驚くべきものだった。,The child's performance was astonishing.,孩子们对眼前的魔术表演感到惊奇，不停地发出惊叹声。,子供たちは目の前のマジックショーに驚き、絶えず感嘆の声を上げていた。
982,惊讶,jīng yà,amazed; astonished; to surprise; amazing; astonishment; awe,驚嘆,她对结果感到惊讶。,彼女は結果に驚いた。,She was surprised by the result.,听到这个消息后，他表现出极大的惊讶，难以置信地摇头。,その知らせを聞いて彼は大いに驚き、信じられない様子で首を振った。
983,精打细算,jīng dǎ xì suàn,(saying) meticulous planning and careful accounting,綿密な計算,他精打细算控制开支。,彼は細かく計算して支出を管理している。,He carefully calculates and controls expenses.,她在家庭理财方面精打细算，合理安排每一笔开支。,彼女は家計管理において綿密に計算し、あらゆる支出を合理的に配分している。
984,精华,jīng huá,best feature; most important part of an object; quintessence; essence; soul,精華,这本书是文学的精华。,この本は文学の精髄だ。,This book is the essence of literature.,这本书包含了该领域的精华内容，值得深入研读和学习。,この本はその分野の精華を含んでおり、深く読んで学ぶ価値がある。
985,精简,jīng jiǎn,to simplify; to reduce,簡素化,流程需要精简以提高效率。,効率を上げるためにプロセスを簡素化する必要がある。,The process needs to be streamlined to improve efficiency.,公司在调整组织结构时进行了精简，提高了运营效率和响应速度。,会社は組織構造を調整する際にスリム化を行い、運営効率と対応速度を向上させた。
986,精密,jīng mì,accuracy; exact; precise; refined,精密,仪器结构非常精密复杂。,機器の構造は非常に精密で複雑だ。,The instrument's structure is very precise and complex.,这台仪器采用精密的制造工艺，保证了测量数据的准确性。,この機器は精密な製造技術を採用し、測定データの正確性を保証している。
987,精确,jīng què,accurate; precise,正確,数据必须精确无误。,データは正確で誤りがあってはならない。,Data must be accurate and error-free.,为了确保实验结果的可靠性，数据采集必须精确无误。,実験結果の信頼性を確保するために、データ収集は正確でなければならない。
988,精通,jīng tōng,proficient,精通,她精通多国语言交流。,彼女は多言語のコミュニケーションに精通している。,She is proficient in multilingual communication.,他精通多国语言，能够在国际会议中自由交流和表达观点。,彼は多くの言語に精通しており、国際会議で自由に交流し意見を述べることができる。
989,精心,jīng xīn,with utmost care; fine; meticulous; detailed,入念,他精心准备了演讲稿。,彼は演説原稿を入念に準備した。,He carefully prepared the speech manuscript.,设计师对每一个细节都精心雕琢，力求呈现完美的作品。,デザイナーはあらゆる細部に細心の注意を払い、完璧な作品を表現しようとしている。
990,精益求精,jīng yì qiú jīng,to perfect sth that is already outstanding (idiom); constantly improving,より良く,我们应精益求精不断提升。,私たちはより良くするために絶えず努力すべきだ。,We should constantly strive for perfection.,虽然已经取得一定成绩，他仍然精益求精，不断追求更高的目标。,すでに一定の成果を得ているが、彼はなおも向上心を持ち、より高い目標を追求し続けている。
991,精致,jīng zhì,delicate; fine; exquisite; refined,精巧,这件工艺品非常精致。,この工芸品は非常に精巧だ。,This craftwork is very exquisite.,这家餐厅以精致的装潢和细致的服务赢得了顾客的喜爱。,このレストランは精巧な内装と細やかなサービスで顧客の支持を得ている。
992,经费,jīng fèi,funds; expenditure; CL:笔[bi3],経費,项目经费已经全部到位。,プロジェクトの経費はすでに全額揃っている。,The project funds have all been secured.,项目经费充足，为研究团队提供了必要的物资和设备支持。,プロジェクトの経費は十分で、研究チームに必要な物資と設備の支援を提供している。
993,经纬,jīng wěi,warp and woof; longitude and latitude; main points,経緯,事情的经纬还需调查。,物事の経緯はまだ調査が必要だ。,The details of the matter still need investigation.,地理学中，地图上的经纬线帮助我们确定位置和方向。,地理学では、地図上の経緯線が位置と方向の特定に役立っている。
994,茎,jīng,stalk; stem; CL:条[tiao2],茎,植物的茎部非常坚韧。,植物の茎は非常に丈夫だ。,The stem of the plant is very tough.,植物的茎不仅支撑着叶子，还负责运输养分和水分。,植物の茎は葉を支えるだけでなく、養分と水分の輸送も担っている。
995,井,jǐng,warn; well; surname Jing; CL:口[kou3],井戸,村子中央有一口古井。,村の中央に古い井戸がある。,There is an ancient well in the center of the village.,村子里有一口古井，几代人都依赖它取水生活。,村には古い井戸があり、何代にもわたって生活用水の確保に頼ってきた。
996,警告,jǐng gào,to warn; to admonish,警告,警方发布了安全警告。,警察は安全警告を発した。,The police issued a safety warning.,警方发布了紧急警告，提醒市民提高防范意识，注意安全。,警察は緊急警告を発し、市民に防犯意識を高め安全に注意するよう呼びかけた。
997,警惕,jǐng tì,to be on the alert; vigilant; alert; on guard; to warn,警戒,居民对火灾保持警惕。,住民は火災に警戒している。,Residents remain vigilant against fire.,面对潜在的危险，我们必须保持高度警惕，及时采取应对措施。,潜在的な危険に直面して、私たちは高い警戒を保ち、迅速に対策を講じなければならない。
998,颈椎,jǐng zhuī,cervical vertebra; the seven cervical vertebrae in the neck of humans and most mammals,頸椎,颈椎病需要及时治疗。,頸椎症は早めの治療が必要だ。,Cervical spondylosis requires timely treatment.,长时间伏案工作容易导致颈椎疲劳和不适，需注意姿势调整。,長時間机に向かって仕事をすると頸椎が疲労し不快感を覚えやすいため、姿勢の調整に注意が必要だ。
999,境界,jìng jiè,boundary; state; realm,境地,他达到了艺术的境界。,彼は芸術の境地に達した。,He has reached the realm of art.,艺术家的作品达到了新的境界，展现出深厚的文化底蕴和独特风格。,芸術家の作品は新たな境地に達し、深い文化的底流と独特の風格を示している。
1000,敬礼,jìng lǐ,salute,敬礼,士兵们向国旗敬礼。,兵士たちは国旗に敬礼した。,The soldiers saluted the national flag.,军人在国庆仪式上向国旗敬礼，表达对祖国的忠诚和热爱。,軍人は建国記念式典で国旗に敬礼し、祖国への忠誠と愛情を表した。
1001,敬业,jìng yè,to be dedicated to one's work; to respect one's work;,勤勉,他工作非常敬业。,彼は仕事に非常に熱心です。,He is very dedicated to his work.,她以高度的敬业精神投入到每一个项目，确保工作的质量和效率达到最佳状态。,彼女は高度な職業意識をもってすべてのプロジェクトに取り組み、仕事の質と効率が最良の状態に達するようにしている。
1002,竞赛,jìng sài,race; competition; CL:个,競技,学校举办了数学竞赛。,学校は数学コンテストを開催しました。,The school held a math competition.,这次国际数学竞赛吸引了来自全球数百名顶尖选手参加，竞争异常激烈。,今回の国際数学競技会には世界中から数百名のトップ選手が参加し、競争は非常に激しかった。
1003,竞选,jìng xuǎn,to take part in an election; to run for office,立候補,他决定参加市长竞选。,彼は市長選に出馬することを決めました。,He decided to run for mayor.,他决定参加市长竞选，提出了一系列改善城市环境的具体方案。,彼は市長選に出馬することを決め、都市環境を改善する一連の具体的な計画を提示した。
1004,镜头,jìng tóu,camera shot (in a movie etc); scene,レンズ,镜头捕捉了精彩瞬间。,カメラは素晴らしい瞬間を捉えました。,The camera captured a wonderful moment.,导演巧妙地运用镜头语言，成功地展现了主人公内心复杂的情感变化。,監督は巧みにカメラワークを駆使して、主人公の内面の複雑な感情の変化を見事に表現した。
1005,纠纷,jiū fēn,a dispute; entanglement (law),紛争,邻里之间发生了纠纷。,近所の間でトラブルが起きました。,A dispute occurred among neighbors.,邻里之间的纠纷因为及时沟通而得到了有效的解决，没有升级为更严重的矛盾。,近隣同士のトラブルは、適時のコミュニケーションによって効果的に解決され、より深刻な対立に発展しなかった。
1006,纠正,jiū zhèng,to correct; to make right,訂正,老师及时纠正了错误。,先生はタイムリーに間違いを訂正しました。,The teacher corrected the mistakes in time.,老师耐心地纠正了学生们在发音上的错误，帮助他们更准确地掌握汉语表达。,先生は学生たちの発音の誤りを根気よく訂正し、彼らがより正確に中国語の表現を習得できるよう助けた。
1007,酒精,jiǔ jīng,alcohol; ethanol CH3CH2OH; ethyl alcohol; also written 乙醇; grain alcohol,アルコール,酒精可以消毒杀菌。,アルコールは消毒・殺菌ができます。,Alcohol can disinfect and sterilize.,警方检测到司机体内酒精含量超标，依法对其进行了处罚以保障交通安全。,警察は運転手の体内のアルコール濃度が基準を超えていることを検出し、交通安全を守るために法に基づいて処罰した。
1008,就近,jiù jìn,nearby; in a close neighborhood,近く,我选择就近上学。,私は近くの学校に通うことを選びました。,I chose to attend a nearby school.,为了方便居民，就近在社区内设立了多个医疗服务点，提升了医疗资源的利用效率。,住民の便宜を図るために、コミュニティ内に複数の医療サービス拠点を設置し、医療資源の利用効率を高めた。
1009,就业,jiù yè,looking for employment; getting a job; to start a career,就職,大学毕业后顺利就业。,大学卒業後、順調に就職しました。,He found a job smoothly after graduating from university.,政府出台了一系列政策，鼓励高校毕业生积极就业，促进社会经济的稳定发展。,政府は一連の政策を打ち出し、大学卒業生の積極的な就職を促進して社会経済の安定的な発展を図っている。
1010,就职,jiù zhí,take office; assume a post,就任,他于昨日正式就职。,彼は昨日正式に就任しました。,He officially took office yesterday.,他在完成学业后顺利就职于一家知名跨国公司，开启了职业生涯的新篇章。,彼は学業を終えた後、順調に有名な多国籍企業に就職し、職業人生の新たな章を開いた。
1011,救济,jiù jì,emergency relief; to help the needy with cash or goods,救済,政府提供紧急救济。,政府は緊急救済を提供しています。,The government provides emergency relief.,在自然灾害发生后，政府迅速组织救济物资，帮助受灾群众渡过难关。,自然災害発生後、政府は迅速に救済物資を組織し、被災した住民が困難を乗り越えるのを支援した。
1012,居民,jū mín,resident; inhabitant;,住民,居民积极参与社区活动。,住民は積極的に地域活動に参加しています。,Residents actively participate in community activities.,社区居民积极参与环境保护活动，共同营造了一个绿色宜居的生活环境。,地域の住民は積極的に環境保護活動に参加し、共に緑豊かで住みやすい生活環境を作り上げた。
1013,居住,jū zhù,to reside; to dwell; to live in a place; resident in,居住,他们长期居住在北京。,彼らは長期間北京に住んでいます。,They have lived in Beijing for a long time.,随着城市的发展，越来越多的人选择在市中心居住，享受便利的生活条件。,都市の発展に伴い、ますます多くの人々が市中心部に居住を選び、便利な生活条件を享受している。
1014,拘留,jū liú,to detain (a prisoner); to keep sb in custody,拘留,警方依法拘留嫌疑人。,警察は法に基づいて容疑者を拘留しました。,The police detained the suspect according to the law.,因涉嫌违法行为，警方依法对嫌疑人进行了拘留，展开进一步调查。,違法行為の疑いがあるため、警察は法に基づき容疑者を拘留し、さらに捜査を進めている。
1015,拘束,jū shù,to restrict; to restrain; constrained; awkward; ill at ease; uncomfortable; reticent,束縛,拘束感让他难以自由。,束縛感が彼の自由を妨げています。,The feeling of restraint makes it hard for him to be free.,面对陌生的环境，他表现得有些拘束，但很快就适应了新的工作氛围。,見知らぬ環境に直面して彼は少し緊張していたが、すぐに新しい職場の雰囲気に慣れた。
1016,鞠躬,jū gōng,to bow,お辞儀,他鞠躬致谢观众。,彼はお辞儀をして観客に感謝しました。,He bowed to thank the audience.,在传统节日的仪式上，年轻人向长者鞠躬以示尊敬和感恩之情。,伝統的な祭りの儀式で、若者は年長者に敬意と感謝の気持ちを表すためにお辞儀をした。
1017,局部,jú bù,part; local,部分,局部地区出现停电。,一部の地域で停電が起きました。,There was a power outage in some areas.,医生重点关注患者的局部症状，制定了针对性的治疗方案以促进康复。,医師は患者の局所的な症状に重点を置き、回復を促進するための的確な治療計画を立てた。
1018,局面,jú miàn,aspect; phase; situation,局面,局面正在逐渐改善。,状況は徐々に改善しています。,The situation is gradually improving.,当前经济局面复杂多变，企业需要灵活调整策略以应对市场挑战。,現在の経済状況は複雑かつ変動的であり、企業は市場の挑戦に対応するため柔軟に戦略を調整する必要がある。
1019,局势,jú shì,situation; state (of affairs),情勢,国际局势复杂多变。,国際情勢は複雑で変化が激しいです。,The international situation is complex and ever-changing.,国际局势紧张，各国纷纷加强外交沟通以避免冲突升级。,国際情勢が緊迫する中、各国は衝突のエスカレートを避けるために外交的な対話を強化している。
1020,局限,jú xiàn,limit,制限,视野存在一定局限。,視野には一定の限界があります。,There are certain limitations in the field of vision.,科学研究总是受到技术和资金的局限，突破瓶颈需要多方面的支持。,科学研究は常に技術や資金の制約を受けており、ブレークスルーを達成するには多方面からの支援が必要である。
1021,举动,jǔ dòng,act; action; activity; move; movement,行動,他的举动令人怀疑。,彼の行動は疑わしいです。,His actions are suspicious.,他在会议上的每一个举动都显示出自信和专业，赢得了同事们的尊重。,彼は会議での一つひとつの行動から自信と専門性が感じられ、同僚たちの尊敬を勝ち取った。
1022,举世瞩目,jǔ shì zhǔ mù,attract worldwide attention,世界注目,新科技引起举世瞩目。,新しい技術は世界中の注目を集めています。,The new technology has attracted worldwide attention.,这项突破性的科技成果一经发布，立即成为举世瞩目的焦点，引发广泛关注。,この画期的な科学技術の成果が発表されるや否や、世界中の注目を集め、広く関心を呼んだ。
1023,举足轻重,jǔ zú qīng zhòng,a foot's move sways the balance (idiom); to hold the balance of power; to play the decisive role,重大,他在团队中举足轻重。,彼はチームの中で重要な役割を果たしています。,He plays a crucial role in the team.,作为团队的核心成员，他在项目中举足轻重，决定了整体进展的成败。,チームの中核メンバーとして、彼はプロジェクトにおいて重要な役割を果たし、全体の進展の成否を左右した。
1024,咀嚼,jǔ jué,to chew,咀嚼,仔细咀嚼食物有益健康。,食べ物をよく噛むことは健康に良いです。,Chewing food carefully is beneficial to health.,在品尝美食时，细细咀嚼不仅能更好地感受味道，还能促进消化。,美味しい料理を味わうとき、よく咀嚼することで味をより深く感じるだけでなく、消化も促進される。
1025,沮丧,jǔ sàng,dispirited; dejected; dismayed,落胆,考试失败让他沮丧。,試験に失敗して彼は落ち込みました。,He was depressed after failing the exam.,经历了挫折和失败后，他一度感到沮丧，但最终重新振作起来继续前行。,挫折や失敗を経験した後、彼は一時落胆したが、最終的には再び奮起して前進し続けた。
1026,剧本,jù běn,"script for play, opera, movie etc; screenplay",脚本,导演仔细修改剧本。,監督は脚本を丁寧に修正しました。,The director carefully revised the script.,这部电影的剧本结构紧凑，情节跌宕起伏，深受观众喜爱。,この映画の脚本は構成が緻密で、ストーリーが波乱に富み、観客に大変好評だった。
1027,剧烈,jù liè,violent; acute; severe; fierce,激烈,比赛过程异常剧烈。,試合の過程は非常に激しかったです。,The competition process was extremely intense.,由于剧烈的运动强度，他的心跳加快，呼吸也变得急促起来。,激しい運動強度のため、彼の心拍数は上がり、呼吸も速くなった。
1028,据悉,jù xī,according to reports; it is reported (that),伝えられる,据悉会议明天举行。,聞くところによると会議は明日開催されます。,It is reported that the meeting will be held tomorrow.,据悉，公司将在下个月推出一款全新的智能手机，备受市场期待。,聞くところによると、会社は来月新しいスマートフォンを発売する予定で、市場から大いに期待されている。
1029,聚精会神,jù jīng huì shén,to concentrate one's attention (idiom),集中,他聚精会神听讲。,彼は集中して講義を聞いています。,He is listening attentively.,学生们聚精会神地听讲，争取在考试中取得优异的成绩。,学生たちは集中して授業を聞き、試験で優秀な成績を収めることを目指している。
1030,卷,juǎn,to roll up,巻く,风卷起黄叶满地。,風が吹いて黄色い葉が地面に舞っています。,"The wind blows, scattering yellow leaves all over the ground.",他拿起几卷文件，准备整理归档，以便后续查阅使用。,彼は数巻の書類を手に取り、整理してファイルにまとめ、後で参照しやすいように準備した。
1031,倔强,jué jiàng,stubborn; obstinate; unbending;,頑固,他性格倔强不服输。,彼は性格が頑固で負けず嫌いです。,He has a stubborn personality and hates to lose.,尽管面临重重困难，他依然倔强地坚持自己的理想和信念。,数々の困難に直面しても、彼は頑固に自分の理想と信念を貫き続けた。
1032,决策,jué cè,strategic decision; decision-making; policy decision; to determine policy,意思決定,领导层做出重要决策。,指導層は重要な決定を下しました。,The leadership made an important decision.,企业高层通过科学的决策，有效地推动了公司业务的持续发展。,企業の上層部は科学的な意思決定を通じて、会社の事業の持続的な発展を効果的に推進した。
1033,绝望,jué wàng,desperation; forlorn; hopeless,絶望,她曾一度陷入绝望。,彼女は一時絶望に陥ったことがあります。,She once fell into despair.,面对连续的失败，他一度陷入绝望，但朋友的鼓励让他重新振作起来。,連続する失敗に直面して一時絶望に陥ったが、友人の励ましで再び奮起した。
1034,觉悟,jué wù,consciousness; awareness; Buddhist enlightenment (Sanskrit: cittotpāda),自覚,提高觉悟才能进步。,意識を高めてこそ進歩できます。,Only by raising awareness can one make progress.,经过深入学习，他的思想觉悟得到了显著提升，积极参与社会公益活动。,深く学習した結果、彼の思想的な自覚は著しく向上し、積極的に社会公益活動に参加している。
1035,觉醒,jué xǐng,to awaken; to come to realize; awakened to the truth; the truth dawns upon one; scales fall from the eyes; to become aware,覚醒,社会觉醒推动变革。,社会の覚醒が変革を促進します。,Social awakening drives reform.,经过多次反思，他终于觉醒，认识到改变自己生活方式的重要性。,何度も内省を重ねて、彼はついに目覚め、自分の生活様式を変えることの重要性を認識した。
1036,军队,jūn duì,"army troops; CL:支[zhi1] ,个",軍隊,军队正在进行演习。,軍隊は現在演習を行っています。,The military is conducting exercises.,军队在灾害救援中发挥了重要作用，保障了受灾群众的生命安全。,軍隊は災害救援において重要な役割を果たし、被災者の生命の安全を確保した。
1037,君子,jūn zǐ,nobleman; person of noble character;,紳士,他是个真正的君子。,彼は本当の紳士です。,He is a true gentleman.,君子以诚待人，注重修身养性，追求道德和智慧的提升。,君子は誠実に人に接し、修身養性を重んじ、道徳と知恵の向上を追求する。
1038,卡通,kǎ tōng,cartoon,漫画,孩子们喜欢看卡通。,子供たちはアニメを見るのが好きです。,Children like watching cartoons.,这部卡通片不仅内容生动有趣，还富含丰富的教育意义，深受孩子们喜爱。,このアニメは内容が生き生きとして面白いだけでなく、豊かな教育的意義も含んでおり、子供たちに大変好かれている。
1039,开采,kāi cǎi,to extract (ore or other resource from a mine); to exploit; to mine,採掘,矿山开始开采煤炭。,鉱山は石炭の採掘を始めました。,The mine started coal mining.,矿业公司计划在该地区开采新的矿藏，以满足日益增长的资源需求。,鉱業会社はこの地域で新しい鉱脈を採掘する計画を立てており、増大する資源需要に応えようとしている。
1040,开除,kāi chú,to expel,解雇,他因违规被开除。,彼は規則違反で解雇されました。,He was dismissed for violating the rules.,由于严重违反公司规定，他被决定开除出公司，失去了宝贵的职业机会。,会社の規則を重大に違反したため、彼は解雇され、貴重な職業機会を失った。
1041,开阔,kāi kuò,wide; open (spaces); to open up,広々,视野开阔心情好。,視野が広いと気分が良いです。,A broad field of vision makes one feel good.,宽阔的视野和开阔的心胸有助于我们更好地接受新事物和挑战。,広い視野と心の広さは、私たちが新しい事物や挑戦をよりよく受け入れるのに役立つ。
1042,开朗,kāi lǎng,spacious and well-lit; open and clear; to open out (onto a wider vista); optimistic; cheerful; carefree; easy-going; open-minded,明朗,她性格开朗乐观。,彼女は明るく楽観的な性格です。,She has a cheerful and optimistic personality.,她性格开朗，善于与人沟通，深受同事和朋友们的喜欢。,彼女は明るい性格で人とのコミュニケーションが得意であり、同僚や友人から大変好かれている。
1043,开明,kāi míng,enlightened; open-minded; enlightenment,開明,领导者应当开明。,リーダーは開明的であるべきです。,Leaders should be open-minded.,领导者应该具备开明的思想，能够包容不同的意见和建议。,リーダーは開明的な考えを持ち、異なる意見や提案を受け入れることができなければならない。
1044,开辟,kāi pì,to open up; to set up; to start; to build,開拓,新技术开辟了市场。,新技術は市場を切り開きました。,New technology has opened up the market.,科学家们开辟了新的研究领域，推动了相关学科的快速发展。,科学者たちは新しい研究分野を開拓し、関連学科の急速な発展を促進した。
1045,开拓,kāi tuò,to break new ground (for agriculture); to open up (a new seam); to develop (border regions); fig. to open up (new horizons),開拓,他们开拓了荒地。,彼らは荒地を開拓しました。,They developed the wasteland.,企业家不断开拓市场，寻找新的商机，实现了业绩的稳步增长。,企業家は絶えず市場を開拓し、新たなビジネスチャンスを探し、業績の着実な成長を実現した。
1046,开展,kāi zhǎn,(begin to) develop; unfold; to start; to launch; to open; to carry out,展開,活动正在积极开展。,活動は積極的に展開されています。,The activities are being actively carried out.,学校积极开展各类文化活动，丰富了学生的课余生活和精神世界。,学校は積極的にさまざまな文化活動を展開し、学生の余暇生活と精神世界を豊かにしている。
1047,开支,kāi zhī,expenditures; pay; expenses; CL:笔[bi3],支出,家庭开支逐年增加。,家庭の支出は年々増えています。,Household expenses increase year by year.,公司每月的开支包括员工工资、办公费用以及市场推广费用等多个方面。,会社の毎月の支出は、従業員の給与、事務費用、市場プロモーション費用など多方面に及ぶ。
1048,刊登,kān dēng,to carry a story; to publish (in a newspaper or magazine),掲載,报纸刊登了报道。,新聞は報道を掲載しました。,The newspaper published the report.,这篇重要的论文被权威刊物刊登后，引起了学术界的广泛关注和讨论。,この重要な論文は権威ある刊行物に掲載されてから、学術界の広範な関心と議論を呼んだ。
1049,刊物,kān wù,publication,刊物,学术刊物内容丰富。,学術雑誌の内容は豊富です。,The academic journal contains rich content.,他经常订阅专业刊物，及时了解行业最新动态和前沿技术。,彼は専門の刊行物を頻繁に購読し、業界の最新動向や最先端技術をタイムリーに把握している。
1050,勘探,kān tàn,exploration,探査,地质队进行勘探工作。,地質隊は探査作業を行っています。,The geological team is conducting exploration work.,地质学家利用先进设备进行矿产勘探，发现了潜在的资源储备。,地質学者は先進的な装置を用いて鉱産資源の探査を行い、潜在的な資源の埋蔵を発見した。
1051,侃侃而谈,kǎn kǎn ér tán,to speak frankly with assurance;,滔滔不绝,他侃侃而谈历史趣闻。,彼は歴史の面白い話を堂々と語った。,He spoke confidently about interesting historical anecdotes.,他在会议上侃侃而谈，深入浅出地分析了当前经济形势的复杂变化。,彼は会議で自信満々に話し、現在の経済情勢の複雑な変化をわかりやすく分析した。
1052,砍伐,kǎn fá,to hew; to cut down,伐木,禁止非法砍伐森林。,違法な森林伐採は禁止されている。,Illegal logging of forests is prohibited.,为了保护森林资源，政府决定严格禁止非法砍伐行为。,森林資源を保護するために、政府は違法な伐採行為を厳しく禁止することを決定した。
1053,看待,kàn dài,to look upon; to regard,看法,我们应正确看待失败。,私たちは失敗を正しく受け止めるべきだ。,We should view failure correctly.,我们应该用辩证的眼光来看待历史问题，避免片面理解。,私たちは歴史問題を弁証法的な視点で捉え、偏った理解を避けるべきだ。
1054,慷慨,kāng kǎi,vehement; fervent; generous; giving; liberal,大方,她慷慨捐助贫困学生。,彼女は貧しい学生に惜しみなく寄付した。,She generously donated to poor students.,他总是以慷慨的态度帮助有需要的人，赢得了大家的尊敬。,彼はいつも寛大な態度で困っている人を助け、皆の尊敬を勝ち得ている。
1055,抗议,kàng yì,protest,抗议,市民集会抗议污染事件。,市民たちは汚染事件に抗議して集会を開いた。,Citizens gathered to protest the pollution incident.,市民们自发组织抗议，表达对环境污染问题的强烈不满。,市民たちは自発的に抗議を組織し、環境汚染問題に対する強い不満を表明した。
1056,考察,kǎo chá,to inspect; to observe and study; on-the-spot investigation,调研,专家组考察生态环境。,専門家チームが生態環境を調査した。,The expert group inspected the ecological environment.,考察团队深入乡村，详细了解当地的经济发展现状与挑战。,調査チームは村落に深く入り込み、現地の経済発展の現状と課題を詳しく把握した。
1057,考古,kǎo gǔ,archaeology,考古,考古发现揭示古文明。,考古学の発見が古代文明を明らかにした。,Archaeological discoveries revealed ancient civilizations.,考古学家在遗址中发现了许多珍贵文物，揭示了古代文明的秘密。,考古学者は遺跡で多くの貴重な文物を発見し、古代文明の秘密を明らかにした。
1058,考核,kǎo hé,to examine; to check up on; to assess; to review; appraisal; review; evaluation,考核,公司严格考核员工表现。,会社は社員の業績を厳格に評価している。,The company strictly assesses employee performance.,公司对新员工进行了严格的考核，以确保其专业能力符合要求。,会社は新入社員に対して厳格な評価を行い、その専門能力が基準を満たしていることを確認した。
1059,考验,kǎo yàn,to test; to put to the test,考验,逆境是人生的考验。,逆境は人生の試練である。,Adversity is a test in life.,这次挑战是对他意志和能力的严峻考验，必须全力以赴才能成功。,今回の挑戦は彼の意志と能力に対する厳しい試練であり、成功するためには全力を尽くさなければならない。
1060,靠拢,kào lǒng,to draw close to,靠近,双方关系日益靠拢。,双方の関係は日々近づいている。,The relationship between both sides is increasingly converging.,随着理念的改变，企业逐渐向环保方向靠拢，积极履行社会责任。,理念の変化に伴い、企業は徐々に環境保護の方向に接近し、積極的に社会的責任を果たしている。
1061,磕,kē,to tap; knock,磕碰,不小心磕破了玻璃。,不注意でガラスを割ってしまった。,I accidentally chipped the glass.,他不小心磕到了桌角，手指上立刻出现了一个小伤口。,彼は不注意で机の角にぶつかり、指にすぐに小さな傷ができた。
1062,科目,kē mù,subject,科目,数学是重要的科目。,数学は重要な科目だ。,Mathematics is an important subject.,这学期我选择了数学、物理和化学三个核心科目进行深入学习。,今学期、私は数学、物理、化学の3つの主要科目を選んで深く学習している。
1063,可观,kě guān,considerable,可观,销售额增长十分可观。,売上高の増加は非常に顕著だ。,The sales growth is very considerable.,今年公司的利润增长幅度非常可观，超出了预期目标。,今年の会社の利益増加幅は非常に大きく、予想目標を超えた。
1064,可口,kě kǒu,tasty; to taste good,美味,这道菜味道非常可口。,この料理は味がとても美味しい。,This dish tastes very delicious.,这道菜色香味俱佳，口感鲜美，可口极了，深受大家喜爱。,この料理は見た目も香りも味も優れており、食感も美味しくてとても食べやすく、皆に大変好まれている。
1065,可恶,kě wù,repulsive; vile; hateful; abominable,可恶,他那种行为真可恶。,彼のあの行動は本当に憎らしい。,His behavior is really hateful.,他的行为非常可恶，严重违反了社会道德和法律规范。,彼の行為は非常に憎むべきものであり、社会道徳と法規を深刻に違反している。
1066,可行,kě xíng,feasible,可行,方案经过讨论很可行。,その案は議論を経て実行可能となった。,The plan became feasible after discussion.,经过仔细论证，这个方案被认为是切实可行的解决办法。,綿密な検討の結果、この案は実際に実行可能な解決策とみなされた。
1067,渴望,kě wàng,to thirst for; to long for,渇望,她渴望实现梦想。,彼女は夢の実現を切望している。,She longs to realize her dreams.,她渴望通过不断努力，实现自己成为作家的梦想。,彼女は絶え間ない努力を通じて、自分が作家になるという夢を叶えたいと切望している。
1068,克制,kè zhì,to restrain; to control; restraint; self-control;,克制,他努力克制自己的情绪。,彼は自分の感情を必死に抑えている。,He is trying hard to control his emotions.,面对诱惑，他能够严格克制自己，保持理智和冷静。,誘惑に直面しても、彼は厳しく自制し、理性と冷静さを保つことができる。
1069,刻不容缓,kè bù róng huǎn,to brook no delay; to demand immediate action,紧迫,问题刻不容缓需解决。,問題は一刻の猶予も許さず解決が必要だ。,The problem must be solved urgently without delay.,环境保护问题刻不容缓，必须立即采取有效措施加以解决。,環境保護問題は一刻の猶予も許さず、直ちに効果的な対策を講じる必要がある。
1070,客户,kè hù,client; customer,顧客,客户满意是我们的目标。,顧客の満足が私たちの目標だ。,Customer satisfaction is our goal.,公司始终坚持以客户为中心，不断提升服务质量和满意度。,会社は常に顧客中心主義を貫き、サービスの質と満足度の向上に努めている。
1071,课题,kè tí,task; problem; issue,课题,科研课题取得突破。,研究課題で突破口を開いた。,The research project achieved a breakthrough.,研究课题的选择直接影响项目的成败和学术价值。,研究課題の選択はプロジェクトの成否と学術的価値に直接影響を与える。
1072,啃,kěn,to gnaw; to nibble; to bite,啃咬,小狗啃玩具玩得开心。,子犬はおもちゃをかじって楽しんでいる。,The puppy happily chews on the toy.,小孩用力啃着手中的苹果，津津有味地享受着美味。,子どもは力いっぱい手に持ったリンゴをかじり、美味しそうに味わっている。
1073,恳切,kěn qiè,earnest; sincere,诚恳,他恳切请求大家谅解。,彼は皆に理解を求めて懇切にお願いした。,He earnestly asked everyone for understanding.,他恳切地请求大家给予帮助和支持，表达了真诚的心意。,彼は皆に助けと支援を誠心誠意に求め、真摯な気持ちを表した。
1074,坑,kēng,pit; to defraud,坑洞,路上出现了大坑。,道に大きな穴ができていた。,There was a big pothole on the road.,施工现场存在许多坑洼，工人们必须格外小心以防意外发生。,工事現場には多くの穴や凹みがあり、作業員は事故防止のため特に注意する必要がある。
1075,空洞,kōng dòng,cavity; empty; vacuous,空洞,他的理由听起来空洞。,彼の理由は聞くと空虚に感じられる。,His reasons sound hollow.,他的讲话内容空洞，没有实质性的观点，难以引起共鸣。,彼の話の内容は中身がなく、実質的な見解がなく、共感を呼びにくい。
1076,空前绝后,kōng qián jué hòu,unprecedented and never to be duplicated; the first and the last; unmatched; unique,空前絶後,这次成功空前绝后。,今回の成功は前例のないものだ。,This success is unprecedented.,这项发明堪称空前绝后，对科技发展具有重要意义。,この発明は前代未聞で、科学技術の発展に重要な意義を持っている。
1077,空想,kōng xiǎng,daydream; fantasy; to fantasize,幻想,不要沉溺于空想中。,空想に溺れてはいけない。,Do not indulge in fantasies.,空想虽然美好，但只有脚踏实地才能实现真正的梦想。,空想は美しいが、地に足をつけてこそ本当の夢を実現できる。
1078,空虚,kōng xū,hollow; emptiness; meaningless,虚空,内心感到莫名空虚。,心の中に理由のわからない虚しさを感じる。,I feel an inexplicable emptiness inside.,经历了挫折后，他感到内心空虚，需要重新寻找生活的意义。,挫折を経験した後、彼は心の空虚さを感じ、人生の意味を再び探す必要がある。
1079,孔,kǒng,aperture; opening; hole,孔,墙上有个小孔漏风。,壁に小さな穴があって風が漏れている。,There is a small hole in the wall letting in wind.,墙上的孔洞需要及时修补，以防止雨水渗透造成损坏。,壁の穴は雨水の浸透による損傷を防ぐため、早急に修理する必要がある。
1080,恐怖,kǒng bù,terrible; frightful; frightening; terror; terrorist,恐怖,电影情节极具恐怖感。,映画のストーリーは非常に恐怖感がある。,The movie plot is very terrifying.,恐怖电影通过紧张的情节和音效，成功营造出令人毛骨悚然的氛围。,ホラー映画は緊張感あふれる筋書きと音響効果によって、背筋が凍るような雰囲気を見事に作り出している。
1081,恐吓,kǒng hè,to threaten; to menace,威胁,他用言语恐吓对方。,彼は言葉で相手を脅した。,He intimidated the other party with words.,罪犯试图用恐吓手段迫使证人改变证词，但最终未能得逞。,犯人は脅迫手段で証人に証言を変えさせようとしたが、結局成功しなかった。
1082,恐惧,kǒng jù,fear; dread; phobia,恐惧,面对困难不要恐惧。,困難に直面しても恐れてはいけない。,Do not be afraid when facing difficulties.,面对未知的危险，人们常常会产生强烈的恐惧心理反应。,未知の危険に直面すると、人々はしばしば強い恐怖心理反応を起こす。
1083,空白,kòng bái,blank space,空白,试卷上留下空白处。,試験用紙に空欄が残っている。,There are blank spaces left on the test paper.,这份报告中有一页空白，需要补充相关的数据和分析内容。,この報告書の中に空白のページがあり、関連するデータと分析内容を補う必要がある。
1084,空隙,kòng xì,crack; gap between two objects; gap in time between two events,隙間,书页间有细小空隙。,本のページの間に細かい隙間がある。,There are tiny gaps between the pages of the book.,两块石头之间的空隙里，生长着顽强的小植物。,二つの石の間の隙間に、逞しい小さな植物が生えている。
1085,口气,kǒu qì,tone of voice; the way one speaks; manner of expression; tone,口气,他说话的口气很和善。,彼の話し方はとても親しみやすい。,His tone of speaking is very friendly.,他说话的口气非常诚恳，让人感受到他的真诚和善意。,彼の話し方の口調は非常に誠実で、彼の真心と善意を感じさせる。
1086,口腔,kǒu qiāng,oral cavity,口腔,口腔健康需每日护理。,口腔の健康は毎日のケアが必要だ。,Oral health requires daily care.,口腔卫生对预防牙齿疾病起着至关重要的作用。,口腔衛生は歯の病気予防において極めて重要な役割を果たす。
1087,口头,kǒu tóu,oral; verbal,口头,这是一次口头承诺。,これは口頭での約束だ。,This is a verbal promise.,这项协议目前只是口头承诺，尚未形成书面合同。,この協定は現在口頭の約束にすぎず、まだ書面契約にはなっていない。
1088,口音,kǒu yīn,accent,口音,他的口音带有地方特色。,彼のアクセントには地方の特色がある。,His accent has regional characteristics.,不同地区的口音差异明显，反映了丰富的文化多样性。,地域によって口調の違いが明らかで、多様な文化の豊かさを反映している。
1089,扣,kòu,"to fasten; to button; button; buckle; knot; to arrest; to confiscate; to deduct (money); discount; to knock; to smash, spike or dunk (a ball); to cover (with a bowl etc); fig. to tag a label on sb;",扣除,工资中扣除相关税费。,給料から関連する税金が差し引かれる。,Relevant taxes are deducted from the salary.,因发现账目有误，公司决定扣下部分款项进行核查。,帳簿に誤りが見つかったため、会社は一部の資金を差し押さえて調査を行うことにした。
1090,哭泣,kū qì,to weep;,哭泣,孩子因疼痛不停哭泣。,子どもは痛みで泣き止まない。,The child keeps crying because of the pain.,听到噩耗后，她忍不住在角落里默默地哭泣起来。,悪い知らせを聞いて、彼女は隅でこっそりと泣き始めた。
1091,枯萎,kū wěi,to wilt; to wither; wilted; withered; drained; enervated; exhausted;,枯萎,花因缺水开始枯萎。,花は水不足で枯れ始めた。,The flowers began to wither due to lack of water.,由于长时间缺水，花园里的植物渐渐枯萎，亟需浇水。,長時間の水不足のため、庭の植物がだんだん枯れてきていて、水やりが急務だ。
1092,枯燥,kū zào,dry and dull; uninteresting; dry-as-dust,枯燥,学习内容过于枯燥乏味。,学習内容があまりにも退屈で面白くない。,The study material is too dull and boring.,这本书内容枯燥乏味，难以激发读者的阅读兴趣。,この本は内容が退屈で味気なく、読者の読む意欲をかき立てにくい。
1093,苦尽甘来,kǔ jìn gān lái,"bitterness finishes, sweetness begins (idiom); the hard times are over, the good times just beginning",苦尽甘来,经历磨难后苦尽甘来。,苦難を経験した後、苦しみの後に甘さが来る。,"After experiencing hardships, sweetness follows bitterness.",经历了长期的艰苦奋斗后，终于迎来了苦尽甘来的美好时刻。,長期の辛い努力を経て、ついに苦労の末の幸福な時を迎えた。
1094,苦涩,kǔ sè,bitter and astringent; pained; agonized;,苦涩,这段回忆带着苦涩。,この思い出はほろ苦さを帯びている。,This memory carries a hint of bitterness.,这杯药水味道苦涩，但对治疗疾病非常有效。,この薬の味は苦いが、病気の治療には非常に効果的だ。
1095,挎,kuà,"to carry (esp. slung over the arm, shoulder or side)",挎包,她挎着一个漂亮包包。,彼女はきれいなバッグを肩にかけている。,She is carrying a beautiful bag over her shoulder.,她挎着一个时尚的包包，走在街头引人注目。,彼女はおしゃれなバッグを肩にかけて、街を歩いていて目立っている。
1096,跨,kuà,to step across; to stride over; to straddle; to span,跨越,技术跨越了多个领域。,技術は複数の分野をまたいでいる。,The technology spans multiple fields.,这座桥跨越了宽阔的河流，连接了南北两岸的重要交通要道。,この橋は広い川を跨ぎ、南北両岸を結ぶ重要な交通路となっている。
1097,快活,kuài huo,happy; cheerful,快活,假期生活十分快活。,休暇の生活はとても楽しい。,Holiday life is very enjoyable.,假期里，我们在乡村度过了快活而宁静的时光。,休暇中、私たちは田舎で楽しく穏やかな時間を過ごした。
1098,宽敞,kuān chang,spacious; wide,宽敞,新房间宽敞明亮。,新しい部屋は広くて明るい。,The new room is spacious and bright.,新装修的客厅宽敞明亮，给人一种舒适愉悦的感觉。,新しく改装されたリビングは広々として明るく、快適で楽しい印象を与える。
1099,宽容,kuān róng,lenient; tolerant; indulgent; charitable; to forgive;,宽容,他对错误表现宽容。,彼は間違いに対して寛容な態度を示した。,He showed a tolerant attitude toward mistakes.,他为人宽容，善于理解和包容不同的意见和观点。,彼は寛容な人柄で、異なる意見や見解を理解し受け入れるのが上手だ。
1100,款待,kuǎn dài,to entertain; to treat cordially,招待,主人热情款待客人。,主人は客人を熱心にもてなした。,The host warmly entertained the guests.,酒店对贵宾们进行了热情款待，确保他们拥有难忘的体验。,ホテルは来賓に対して熱心にもてなし、忘れられない体験を提供した。
1101,款式,kuǎn shì,pattern; style; design; CL:种[zhong3],様式,这款式融合传统与现代。,このスタイルは伝統と現代を融合している。,This style combines tradition and modernity.,这款新设计的服装款式融合了传统与现代元素，深受年轻消费者喜爱。,この新しくデザインされた服の款式は伝統と現代の要素を融合させており、若い消費者に非常に好まれている。
1102,筐,kuāng,basket; CL:只[zhi1],かご,农民用筐装满新鲜蔬菜。,農民はかごに新鮮な野菜をいっぱいに詰めた。,The farmers filled baskets with fresh vegetables.,农民们把刚收割的稻谷放进竹制的筐里，准备运回仓库。,農民たちは収穫したばかりの稲を竹製の筐に入れて、倉庫に運ぶ準備をしている。
1103,况且,kuàng qiě,moreover; besides; in addition; furthermore,まして,况且他经验丰富，不容小觑。,それに彼は経験豊富で、侮れない。,"Moreover, he is experienced and not to be underestimated.",他不仅工作能力强，况且为人诚实可靠，是团队中的骨干成员。,彼は仕事の能力が高いだけでなく、況且誠実で信頼できる人柄で、チームの中核メンバーである。
1104,旷课,kuàng kè,to play truant; to cut classes,欠席,学生旷课影响学习成绩。,学生の欠席は学業成績に影響を与える。,Students skipping classes affects their academic performance.,学生因为旷课过多，被学校警告并要求家长配合监管。,学生は授業を無断欠席しすぎたため、学校から警告を受け、保護者に協力して管理するよう求められた。
1105,框架,kuàng jià,frame; framework; fig. pattern; outline; organizing plan,枠組み,项目框架需要详细规划。,プロジェクトの枠組みは詳細に計画する必要がある。,The project framework needs detailed planning.,这个项目的整体框架已经搭建完成，接下来将进入细节设计阶段。,このプロジェクトの全体の枠組みはすでに完成しており、次は細部の設計段階に入る。
1106,矿产,kuàng chǎn,minerals;,鉱産,该地区矿产资源丰富。,この地域は鉱産資源が豊富だ。,The region is rich in mineral resources.,我国丰富的矿产资源为工业发展提供了坚实的基础保障。,我が国の豊富な鉱産資源は工業の発展に堅実な基盤を提供している。
1107,亏待,kuī dài,to treat sb unfairly,不当に扱う,不应亏待任何员工。,どの従業員も不当に扱ってはならない。,No employee should be treated unfairly.,作为朋友，我们不应该亏待彼此，而是要相互支持和理解。,友人として、お互いを亏待（不当に扱う）してはいけず、互いに支え合い理解し合うべきだ。
1108,亏损,kuī sǔn,deficit; (financial) loss,損失,公司今年亏损严重。,会社は今年大きな赤字を出した。,The company suffered heavy losses this year.,由于市场需求下降，公司今年第一季度出现了较大亏损。,市場の需要減少により、会社は今年の第一四半期に大きな赤字を出した。
1109,捆绑,kǔn bǎng,to bind,縛る,合同捆绑多项条款。,契約は複数の条項が束ねられている。,The contract bundles multiple clauses.,有些商家通过捆绑销售的方式，促使消费者购买更多产品。,一部の商家は捆绑販売の方法で、消費者により多くの商品を購入させている。
1110,扩充,kuò chōng,to expand,拡充,企业计划扩充市场份额。,企業は市場シェアの拡大を計画している。,The company plans to expand its market share.,为了满足不断增长的客户需求，企业计划进一步扩充生产线。,絶えず増加する顧客のニーズを満たすために、企業は生産ラインをさらに拡充する計画だ。
1111,扩散,kuò sàn,to spread; to proliferate; to diffuse; spread; proliferation; diffusion,拡散,信息在网络上迅速扩散。,情報はネット上で迅速に拡散する。,Information spreads rapidly on the internet.,病毒在空气中的快速扩散引起了公共卫生部门的高度重视。,ウイルスが空気中に急速に拡散したことで、公衆衛生部門は高度に注目している。
1112,扩张,kuò zhāng,expansion; dilation; to expand (e.g. one's power or influence); to broaden,拡大,公司积极扩张国际业务。,会社は積極的に国際業務を拡大している。,The company is actively expanding its international business.,随着公司的不断发展，业务范围也在逐步扩张到国际市场。,会社の絶え間ない発展に伴い、業務範囲も徐々に国際市場に拡張している。
1113,啦,lā,a phrase-final particle,（語気助詞）,好了啦，别再争论了。,もういいよ、これ以上議論しないで。,"Alright, stop arguing anymore.",我们一到公园，孩子们就兴奋地叫啦，开始玩耍了。,私たちが公園に着くと、子どもたちはわあっと叫びながら、遊び始めた。
1114,喇叭,lǎ ba,"horn (automobile, alarm siren, musical etc) which produces a sound; loudspeaker; brass wind instrument; trumpet; suona 鎖锁呐[suo3 na4]",ラッパ,喇叭声音响彻整个广场。,スピーカーの音が広場全体に響き渡った。,The loudspeaker's sound echoed throughout the square.,街道口的喇叭声此起彼伏，提醒行人注意交通安全。,街角のクラクションの音が次々と鳴り響き、歩行者に交通安全を注意喚起している。
1115,蜡烛,là zhú,"candle; CL:根[gen1] ,支[zhi1]",ろうそく,蜡烛照亮了黑暗房间。,ろうそくが暗い部屋を照らした。,The candle illuminated the dark room.,停电后，房间里点燃了几根蜡烛，营造出温馨的氛围。,停電後、部屋の中に数本のろうそくが灯され、温かみのある雰囲気を作り出した。
1116,来历,lái lì,history; antecedents; origin,来歴,他的来历令人好奇。,彼の来歴は興味をそそる。,His background is intriguing.,他讲述了自己神秘的来历，引起了大家的极大兴趣。,彼は自分の神秘的な来歴を語り、皆の大きな興味を引いた。
1117,来源,lái yuán,source (of information etc); origin,由来,这个习俗来源于古代。,この習慣は古代に由来する。,This custom originates from ancient times.,这次研究的资料来源广泛，确保了结论的科学性和准确性。,今回の研究資料は幅広く収集されており、結論の科学性と正確性が保証されている。
1118,栏目,lán mù,a column (in a newspaper or on a news website),コーナー,新闻栏目每天更新内容。,ニュースコーナーは毎日内容を更新する。,The news segment updates its content daily.,新闻栏目每天都会及时更新，报道最新的社会热点事件。,ニュース欄目は毎日タイムリーに更新され、最新の社会ホットな事件を報道している。
1119,懒惰,lǎn duò,idle; lazy,怠惰,懒惰会阻碍个人成长。,怠惰は個人の成長を妨げる。,Laziness hinders personal growth.,他的懒惰习惯严重影响了工作效率，导致项目进展缓慢。,彼の怠惰な習慣は仕事の効率に深刻な影響を与え、プロジェクトの進行を遅らせている。
1120,狼狈,láng bèi,in a difficult situation; to cut a sorry figure; scoundrel! (derogatory),困窮,他陷入了狼狈境地。,彼は困った状況に陥った。,He fell into an embarrassing predicament.,面对突发状况，他感到十分狼狈，不知如何应对。,突発的な状況に直面し、彼は非常に狼狈して、どう対応すべきか分からなかった。
1121,狼吞虎咽,láng tūn hǔ yàn,to wolf down one's food (idiom); to devour ravenously; to gorge oneself;,むさぼり食う,他们狼吞虎咽地吃完晚餐。,彼らはがつがつと夕食を食べ終えた。,They devoured their dinner greedily.,孩子们放学后狼吞虎咽地吃着零食，显得特别饿。,子どもたちは放課後にむさぼるようにお菓子を食べ、とても空腹そうだった。
1122,捞,lāo,to fish up; to dredge up,すくい上げる,渔夫捞起了沉没的渔网。,漁師は沈んだ漁網を引き上げた。,The fisherman pulled up the sunken fishing net.,渔民们辛苦地在海里捞起了大量的海产品，准备出售。,漁師たちは一生懸命に海で大量の海産物をすくい上げ、販売の準備をしている。
1123,唠叨,láo dao,to prattle; to chatter; talkative; garrulous; to nag,くどくど言う,老人喜欢唠叨家人健康。,老人は家族の健康についてよく愚痴を言う。,The elderly often nag about their family's health.,老人总是喜欢唠叨家里的事情，让人又爱又烦。,老人はいつも家のことをくどくどと話し、愛おしくもありうっとうしくもある。
1124,牢固,láo gù,firm; secure,丈夫,这座桥结构牢固耐用。,この橋の構造は頑丈で耐久性がある。,The structure of this bridge is sturdy and durable.,这座桥的结构设计非常牢固，能够承受极大的压力。,この橋の構造設計は非常に堅固で、大きな圧力にも耐えられる。
1125,牢骚,láo sāo,discontent; complaint,不満,员工有些牢骚不得不听。,従業員の不満を少し聞かなければならなかった。,Had to listen to some employee complaints.,员工们对管理层有不少牢骚，希望改善工作环境。,従業員たちは経営陣に対して多くの不満を持っており、職場環境の改善を望んでいる。
1126,乐趣,lè qù,delight; pleasure; joy,楽しみ,阅读带来无穷乐趣。,読書は無限の楽しみをもたらす。,Reading brings endless joy.,读书不仅增长知识，还能带来无穷的乐趣和满足感。,読書は知識を増やすだけでなく、無限の楽しみと満足感ももたらす。
1127,乐意,lè yì,to be willing to do sth; to be ready to do sth; to be happy to do sth; content; satisfied,喜んで,他乐意帮助有困难的人。,彼は困っている人を喜んで助ける。,He is willing to help those in difficulty.,我很乐意帮助你解决这个难题，别客气随时找我。,私は喜んであなたのこの難問の解決を手伝うので、遠慮せずいつでも声をかけてほしい。
1128,雷达,léi dá,radar (loanword),レーダー,雷达探测远方来袭目标。,レーダーは遠くから来る攻撃目標を探知する。,The radar detects incoming targets from afar.,雷达系统能够精准地探测到远距离的目标物体位置。,レーダーシステムは遠距離の目標物の位置を正確に探知できる。
1129,类似,lèi sì,similar; analogous,類似,这两种现象非常类似。,この二つの現象は非常に似ている。,These two phenomena are very similar.,这种植物的叶子形状类似于枫叶，但颜色更加深绿。,この植物の葉の形はカエデの葉に似ているが、色はもっと濃い緑色だ。
1130,冷酷,lěng kù,grim; unfeeling; callous,冷酷,他的态度显得冷酷无情。,彼の態度は冷酷で無情に見える。,His attitude appears cold and ruthless.,面对质疑，他依然表现出冷酷的态度，毫不动摇。,疑問に直面しても、彼は冷酷な態度を示し、全く動揺しなかった。
1131,冷落,lěng luò,desolate; unfrequented; to treat sb coldly; to snub; to cold shoulder;,冷遇,新员工遭到冷落忽视。,新入社員は冷遇され無視された。,The new employee was neglected and ignored.,因为长时间被忽视，他感到十分冷落和失落。,長時間無視されたため、彼は非常に冷落され失望していると感じた。
1132,冷却,lěng què,to cool off; cooling,冷却,机器运行后需要冷却。,機械は稼働後に冷却が必要だ。,The machine needs cooling after operation.,机器运行时产生的热量通过冷却系统及时排出，防止过热。,機械の運転中に発生する熱は冷却システムによって速やかに排出され、過熱を防いでいる。
1133,愣,lèng,to look distracted; to stare blankly; distracted; blank; (coll.) unexpectedly,ぼんやり,他愣了一下，没有反应。,彼は一瞬ぼんやりして反応しなかった。,He was stunned for a moment and did not respond.,他听到突如其来的声音，愣了一下，随即回头查看情况。,彼は突然の音を聞いてぼんやりし、一瞬後ろを振り返って状況を確認した。
1134,黎明,lí míng,dawn; daybreak,黎明,黎明时分景色格外宁静。,夜明けの時刻は特に景色が静かだ。,The scenery at dawn is especially tranquil.,黎明时分，远处的山峦渐渐显现出轮廓，景色壮丽。,黎明の頃、遠くの山々が徐々に輪郭を現し、景色は壮麗だった。
1135,理睬,lǐ cǎi,to heed; to pay attention to,相手にする,他不理睬无关的批评。,彼は関係ない批判を無視した。,He ignored irrelevant criticism.,他的话很尖锐，但我选择不理睬，保持冷静应对。,彼の言葉は鋭かったが、私は無視して冷静に対処することを選んだ。
1136,理所当然,lǐ suǒ dāng rán,as it should be by rights (idiom); proper and to be expected as a matter of course; inevitable and right,当然のこと,努力成功是理所当然。,努力して成功するのは当然のことだ。,It is natural to succeed through hard work.,为了保护环境，减少污染是理所当然的责任和义务。,環境を保護するために、汚染を減らすことは当然の責任と義務である。
1137,理直气壮,lǐ zhí qì zhuàng,in the right and self-confident (idiom); bold and confident with justice on one's side; to have the courage of one's convictions; just and forceful,堂々と,他理直气壮地表达观点。,彼は理路整然と自分の意見を述べた。,He expressed his views confidently and logically.,在讨论会上，他理直气壮地阐述了自己的观点，没有丝毫退让。,討論会で彼は正当な理由を持って自分の意見を堂々と述べ、一切譲歩しなかった。
1138,理智,lǐ zhì,reason; intellect; rationality,理性,遇事要保持理智冷静。,困ったときは理性と冷静さを保つべきだ。,One should remain rational and calm when facing difficulties.,面对复杂的情况，我们需要保持理智，做出合理判断。,複雑な状況に直面したとき、私たちは理知的であり、合理的な判断を下す必要がある。
1139,礼节,lǐ jié,etiquette,礼儀,社交场合讲究基本礼节。,社交の場では基本的な礼儀を重んじる。,Basic etiquette is important in social occasions.,在国际交往中，遵守基本的礼节是建立友好关系的前提。,国際交流において、基本的な礼節を守ることは友好関係を築く前提である。
1140,礼尚往来,lǐ shàng wǎng lái,lit. proper behavior is based on reciprocity (idiom); fig. to return politeness for politeness;,礼儀は相互,礼尚往来促进友好关系。,礼儀の返礼は友好関係を促進する。,Reciprocity in courtesy promotes friendly relations.,礼尚往来是中华民族的传统美德，强调互相尊重与回报。,礼尚往来は中華民族の伝統的な美徳であり、互いの尊重と報恩を強調している。
1141,里程碑,lǐ chéng bēi,milestone,里程標,这次突破是历史里程碑。,今回の突破は歴史的なマイルストーンだ。,This breakthrough is a historic milestone.,这项科技发明被誉为现代工业发展的里程碑，意义重大。,この科学技術の発明は現代工業発展のマイルストーンと称され、その意義は重大だ。
1142,例外,lì wài,(make an) exception,例外,规则严格，没有例外情况。,規則は厳格で例外はない。,The rules are strict with no exceptions.,公司规定员工迟到三次以上为例外，需要进行特别处理。,会社は従業員が3回以上遅刻した場合を例外と規定し、特別な処理が必要とされる。
1143,利害,lì hài,pros and cons; advantages and disadvantages; gains and losses,利害,权衡利害后做出决定。,利害をよく考えて決定を下す。,Make decisions after weighing pros and cons.,了解项目的利害关系，有助于制定更加合理的管理方案。,プロジェクトの利害関係を理解することは、より合理的な管理計画を策定するのに役立つ。
1144,力求,lì qiú,to make every effort to; striving to do one's best;,力を尽くす,他力求完成任务完美。,彼は任務を完璧に遂行しようと努めている。,He strives to complete the task perfectly.,为了达到最佳效果，团队成员力求在细节上做到完美无缺。,最高の効果を得るために、チームメンバーは細部において完璧を目指している。
1145,力所能及,lì suǒ néng jí,as far as one's capabilities extend (idiom); to the best of one's ability; within one's powers,力の及ぶ範囲,帮助他人应力所能及。,他人を助けるのはできる範囲で行うべきだ。,Helping others should be done within one's capacity.,这份工作虽然困难，但属于力所能及的范围，我会认真完成。,この仕事は難しいが、自分の能力の範囲内なので、真剣にやり遂げるつもりだ。
1146,力争,lì zhēng,to work hard for; to do all one can; to contend strongly,努力争う,团队力争夺取冠军。,チームは優勝を目指して努力している。,The team is striving to win the championship.,各部门力争在年底前完成既定的业绩目标，确保公司发展稳定。,各部署は年末までに定められた業績目標の達成を力争して、会社の安定した発展を確保する。
1147,历代,lì dài,successive generations; successive dynasties; past dynasties,歴代,历代名将传承武艺精髓。,歴代の名将は武術の精髄を伝えてきた。,Famous generals throughout history have passed down the essence of martial arts.,历代帝王对这座古城的建设和保护都做出了巨大贡献。,歴代の皇帝はこの古都の建設と保護に大きな貢献をしてきた。
1148,历来,lì lái,always; throughout (a period of time); (of) all-time,これまでずっと,他历来坚持公平正义。,彼は一貫して公平と正義を守ってきた。,He has always upheld fairness and justice.,这条河流历来是当地居民生活和农业灌溉的重要水源。,この河川は昔から地元住民の生活と農業灌漑の重要な水源である。
1149,立场,lì chǎng,position; standpoint; CL:个,立場,在辩论中保持中立立场。,討論では中立の立場を保つ。,Maintain a neutral stance in debates.,在争论中，他始终坚持自己的立场，不轻易妥协。,議論の中で彼は終始自分の立場を堅持し、容易に妥協しなかった。
1150,立方,lì fāng,cube,立方体,这块石头呈现完美立方。,この石は完璧な立方体の形をしている。,This stone presents a perfect cube shape.,这个容器的容量是一个立方米，足以储存大量液体。,この容器の容量は1立方メートルで、多量の液体を貯蔵するのに十分である。
1151,立交桥,lì jiāo qiáo,overpass; flyover,立体交差,立交桥缓解交通拥堵。,立体交差橋は交通渋滞を緩和する。,The overpass alleviates traffic congestion.,这座城市的新立交桥有效地缓解了交通拥堵的问题。,この都市の新しい立交橋は交通渋滞の問題を効果的に緩和した。
1152,立体,lì tǐ,three-dimensional; solid; stereoscopic,立体的,立体模型展示建筑结构。,立体模型は建築構造を展示する。,The three-dimensional model displays the architectural structure.,这幅画采用了立体的表现手法，给人强烈的视觉冲击。,この絵は立体的な表現手法を用いており、強烈な視覚的衝撃を与える。
1153,立足,lì zú,to stand; to have a footing; to be established; to base oneself on,立足点,企业应立足市场需求。,企業は市場の需要に立脚すべきだ。,Enterprises should be based on market demand.,我们应该立足本职工作，努力提高专业能力。,私たちは自分の本職に立脚し、専門能力の向上に努めるべきだ。
1154,粒,lì,"grain; granule; classifier for small round things (peas, bullets, peanuts, pills, grains etc)",颗粒,沙粒在阳光下闪烁。,砂粒が日光の下できらめく。,The grains of sand sparkle under the sunlight.,每一粒沙子都在阳光下闪烁着微弱的光芒。,一粒一粒の砂は太陽の下でかすかな輝きを放っている。
1155,廉洁,lián jié,honest; not coercive; honesty; integrity; incorruptible,廉洁,廉洁自律是官员准则。,廉潔で自律することは役人の規範である。,Integrity and self-discipline are the principles for officials.,作为公务员，必须保持廉洁，拒绝任何形式的贿赂。,公務員として、廉潔を保ち、あらゆる形態の賄賂を拒否しなければならない。
1156,联欢,lián huān,have a get-together,联欢会,学校举办春节联欢。,学校は春節の祝賀会を開催する。,The school holds a Spring Festival gala.,春节联欢晚会是全国人民喜爱的传统节目。,春節の連歓晩会は全国民に愛される伝統的な番組だ。
1157,联络,lián luò,communication; to get in touch with; to contact; connection (math.),連絡,请尽快联络相关部门。,できるだけ早く関係部署に連絡してください。,Please contact the relevant department as soon as possible.,我们通过电子邮件和电话保持密切联络，确保项目进展顺利。,私たちは電子メールと電話で密接に連絡を取り合い、プロジェクトの順調な進行を確保している。
1158,联盟,lián méng,alliance; union; coalition,同盟,国家联盟促进和平发展。,国家連盟は平和と発展を促進する。,The national alliance promotes peace and development.,多个国家组成了经济合作联盟，共同推动区域发展。,複数の国が経済協力連盟を結成し、共に地域の発展を推進している。
1159,联想,lián xiǎng,to associate with something in thinking; abbr. for 聯想集联想集团[Lian2 xiang3 Ji2 tuan2],連想する,听音乐引发美好联想。,音楽を聴くと美しい連想が引き起こされる。,Listening to music triggers beautiful associations.,他的发言引发了人们对未来科技发展的联想。,彼の発言は人々に未来の科学技術の発展についての連想を引き起こした。
1160,连年,lián nián,successive years; over many years,連年,连年丰收带来喜悦。,連年の豊作が喜びをもたらす。,Consecutive years of good harvest bring joy.,这场干旱已经连续连年，严重影响了农业生产。,この干ばつは何年も連年続き、農業生産に深刻な影響を与えている。
1161,连锁,lián suǒ,chain,連鎖,连锁反应影响经济稳定。,連鎖反応が経済の安定に影響を与える。,Chain reactions affect economic stability.,这家连锁超市在全国拥有数百家分店，服务覆盖广泛。,このチェーンスーパーは全国に数百の支店を持ち、広範囲にサービスを提供している。
1162,连同,lián tóng,together with; along with,連同,连同材料一并提交。,資料とともに一緒に提出してください。,Please submit it together with the materials.,会议连同材料一起发送给了所有参与者，方便他们提前准备。,会議は資料とともにすべての参加者に送られ、事前準備がしやすくなった。
1163,良心,liáng xīn,conscience,良心,良心驱使他帮助他人。,良心に駆られて彼は他人を助けた。,"Driven by conscience, he helped others.",他的良心让他最终决定坦白自己的错误。,彼の良心が彼に最終的に自分の過ちを白状する決断をさせた。
1164,晾,liàng,to dry in the air,干す,阳光下晾衣服很快。,日光の下で洗濯物を干すと早く乾く。,Clothes dry quickly when hung under the sunlight.,天气晴朗的时候，村民们喜欢把刚洗的衣服晾在阳光下。,天気が晴れている時、村人たちは洗ったばかりの服を日光の下に干すのが好きだ。
1165,谅解,liàng jiě,(reach) an understanding,谅解,请求对方谅解误会。,誤解について相手の理解を求める。,Request the other party to understand the misunderstanding.,经过沟通，双方终于达成了谅解，避免了冲突升级。,話し合いの結果、双方はようやく了解に達し、衝突のエスカレートを避けた。
1166,辽阔,liáo kuò,vast; extensive,広大,辽阔草原景色壮观。,広大な草原の景色は壮観だ。,The vast grassland scenery is magnificent.,这片辽阔的草原是许多野生动物的栖息地。,この広大な草原は多くの野生動物の生息地である。
1167,列举,liè jǔ,a list; to list; to enumerate,列挙,请列举具体案例说明。,具体的な事例を挙げて説明してください。,Please list specific cases to explain.,他在演讲中列举了多个成功的案例来支持自己的观点。,彼は演説で複数の成功例を列挙して自分の見解を支持した。
1168,临床,lín chuáng,clinical,臨床,临床试验验证药效。,臨床試験で薬効を検証する。,Clinical trials verify the efficacy of the medicine.,这家医院的临床研究取得了显著的突破，备受业内关注。,この病院の臨床研究は顕著な突破を遂げ、業界内で注目されている。
1169,淋,lín,to drain; to drench; to drip; diseases of the bladder,濡れる,淋雨后衣服全湿透。,雨に濡れて服がびっしょり濡れた。,"After being rained on, the clothes were completely soaked.",大雨淋湿了他的衣服，让他感冒了好几天。,大雨に濡れて彼の服がびしょ濡れになり、数日間風邪を引いた。
1170,吝啬,lìn sè,stingy; mean; miserly,けち,他为人吝啬不愿分享。,彼はケチで分け合おうとしない。,He is stingy and unwilling to share.,他因为吝啬，不愿意为员工提供合理的福利待遇。,彼はけちで、従業員に適切な福利厚生を提供することを嫌がっている。
1171,伶俐,líng lì,clever; witty; intelligent,賢い,孩子伶俐反应很快。,子供は利口で反応が速い。,The child is clever and reacts quickly.,小女孩非常伶俐，能很快学会新的知识和技能。,その少女は非常に利発で、新しい知識や技能をすぐに習得できる。
1172,凌晨,líng chén,early in the morning,明け方,凌晨时分城市很静。,深夜の時間帯は街がとても静かだ。,The city is very quiet in the early morning hours.,他经常在凌晨写作，因为那个时间段最安静。,彼はよく凌晨（深夜）に執筆する。なぜならその時間帯が最も静かだからだ。
1173,灵感,líng gǎn,inspiration; insight; a burst of creativity in scientific or artistic endeavor,ひらめき,灵感促使他完成作品。,ひらめきが彼に作品完成を促した。,Inspiration prompted him to complete the work.,艺术家的灵感常常来自于生活中的点滴感受。,芸術家のインスピレーションはしばしば生活のささいな感覚から生まれる。
1174,灵魂,líng hún,soul; spirit,魂,音乐触动人的灵魂。,音楽は人の魂に触れる。,Music touches the human soul.,音乐是人类灵魂的语言，能够传递深刻的情感。,音楽は人間の魂の言語であり、深い感情を伝えることができる。
1175,灵敏,líng mǐn,smart; clever; sensitive; keen; quick; sharp,敏感,灵敏嗅觉帮助侦查。,鋭敏な嗅覚が捜査を助ける。,A keen sense of smell aids the investigation.,这只猫的听觉非常灵敏，能够察觉到很远的声音。,この猫は聴覚が非常に敏感で、遠くの音を察知できる。
1176,零星,líng xīng,fragmentary; random; bits and pieces; sporadic,断続的,零星雨点打在窗上。,まばらな雨粒が窓に当たる。,Scattered raindrops hit the window.,农民们利用零星的时间修整农具，准备下一个季节的耕作。,農民たちは零細な時間を利用して農具の手入れをし、次の季節の耕作に備えている。
1177,领会,lǐng huì,to understand; to comprehend; to grasp,理解する,他领会了老师的意思。,彼は先生の意図を理解した。,He comprehended the teacher's meaning.,通过仔细阅读，我们才能真正领会文章的深层含义。,注意深く読むことで、初めて文章の深層的な意味を理解できる。
1178,领事馆,lǐng shì guǎn,consulate,領事館,领事馆协助公民出国。,領事館は市民の海外渡航を支援する。,The consulate assists citizens in traveling abroad.,领事馆为在国外的公民提供紧急援助和相关服务。,領事館は海外にいる市民に緊急援助や関連サービスを提供している。
1179,领土,lǐng tǔ,territory,領土,国家保护领土完整。,国家は領土の完全性を守る。,The country protects territorial integrity.,国家的领土完整是维护主权的重要基础。,国家の領土の完全性は主権を維持するための重要な基盤である。
1180,领悟,lǐng wù,to understand; to comprehend,悟る,他终于领悟人生真谛。,彼はついに人生の真理を悟った。,He finally realized the true meaning of life.,经过多次思考，他终于领悟到成功的真正含义。,何度も考えた末に、彼はついに成功の真の意味を悟った。
1181,领先,lǐng xiān,to lead; to be in front,先行する,该队领先对手三分。,そのチームは相手に3点差でリードしている。,The team is leading the opponent by three points.,在这次比赛中，他凭借出色的表现领先其他选手。,今回の試合で、彼は優れたパフォーマンスで他の選手に先行した。
1182,领袖,lǐng xiù,"leader; CL:个,位[wei4] ,名[ming2]",指導者,领袖引领民族复兴。,指導者は民族の復興を導く。,The leader guides the national rejuvenation.,他是一位具有远见卓识的领袖，带领团队不断创新发展。,彼は先見の明に富む指導者であり、チームを率いて絶えず革新と発展を遂げている。
1183,溜,liū,to slip away; to escape in stealth; to skate,滑る,孩子溜冰技术高超。,子供はスケートの技術が優れている。,The child has excellent skating skills.,孩子们趁大人不注意，偷偷溜出家门去玩耍。,子供たちは大人の注意を盗んでこっそりと家を抜け出して遊びに行った。
1184,流浪,liú làng,to drift about; to wander; to roam; nomadic; homeless; unsettled (e.g. population); vagrant,放浪,流浪者在街头徘徊。,ホームレスが街頭をうろついている。,The homeless wander on the streets.,他因失业而流浪街头，生活异常艰难。,彼は失業のために路上をさまよい、生活が非常に困難になった。
1185,流露,liú lù,to express; to reveal (one's thoughts or feelings),現れる,他的情绪无意流露。,彼の感情は無意識に表れた。,His emotions were unintentionally revealed.,她的脸上流露出真诚的微笑，让人感到温暖。,彼女の顔には誠実な微笑みが溢れており、人々に温かさを感じさせる。
1186,流氓,liú máng,rogue; hoodlum; gangster; immoral behavior,不良分子,警方打击流氓犯罪。,警察は不良犯罪を取り締まる。,The police crack down on hooligan crimes.,警方加大力度打击流氓行为，维护社会秩序。,警察は不良行為の取り締まりを強化し、社会秩序を維持している。
1187,流通,liú tōng,to circulate,流通,货币流通促进经济发展。,通貨の流通は経済発展を促進する。,Currency circulation promotes economic development.,货币的流通速度影响着整个经济体系的稳定性。,通貨の流通速度は経済全体の安定性に影響を与える。
1188,留恋,liú liàn,reluctant to leave; to hate to have to go; to recall fondly,名残惜しい,离别时他留恋故乡。,別れの時、彼は故郷を名残惜しんだ。,"At parting, he was reluctant to leave his hometown.",他对故乡的美景依依留恋，难以割舍。,彼は故郷の美しい景色に名残惜しさを感じ、なかなか離れられない。
1189,留念,liú niàn,to keep as a souvenir; to recall fondly,記念,合影留念纪念友谊。,記念写真を撮って友情を記念する。,Take a group photo to commemorate friendship.,毕业典礼上，师生们合影留念，纪念这难忘的时刻。,卒業式で、先生と生徒たちは記念写真を撮り、この忘れられない瞬間を記念した。
1190,留神,liú shén,to take care; to be careful,注意する,开车时要留神路况。,運転中は道路状況に注意しなければならない。,You must pay attention to road conditions while driving.,在野外行走时，要特别留神脚下的小路，避免跌倒。,野外を歩くときは、足元の小道に特に注意して転倒を避けるべきだ。
1191,聋哑,lóng yǎ,deaf and dumb; deaf-mute; surdimutism,聾唖,聋哑学校提供特殊教育。,聾唖学校は特別な教育を提供する。,The school for the deaf and mute provides special education.,学校为聋哑学生提供了专门的辅助教学设施和课程。,学校は聴覚障害・言語障害のある学生に対して専門の補助教育施設とコースを提供している。
1192,隆重,lóng zhòng,grand; prosperous; ceremonious; solemn,盛大,隆重仪式吸引众人。,盛大な式典が多くの人を引きつけた。,The grand ceremony attracted many people.,公司为庆祝成立十周年，举办了一场隆重的庆典活动。,会社は設立10周年を祝して、盛大な祝典行事を開催した。
1193,垄断,lǒng duàn,enjoy market dominance; monopolize,独占,垄断市场阻碍竞争。,市場の独占は競争を妨げる。,Monopolizing the market hinders competition.,大型企业垄断市场，导致中小企业发展受限。,大企業が市場を独占し、中小企業の発展を制限している。
1194,笼罩,lǒng zhào,to envelop; to shroud,覆う,浓雾笼罩整个城市。,濃い霧が街全体を覆っている。,Thick fog envelops the entire city.,晨雾笼罩着整个山谷，景色如梦似幻。,朝の霧が谷全体を覆い、景色はまるで夢のようだ。
1195,搂,lǒu,to hold or embrace in one's arms,抱く,母亲搂着熟睡的孩子。,母親は眠っている子供を抱きしめている。,The mother is holding her sleeping child.,他紧紧搂住孩子，表达了浓浓的父爱。,彼は子供をしっかりと抱きしめ、深い父性愛を表現した。
1196,炉灶,lú zào,stove,かまど,老式炉灶燃烧木柴。,昔ながらのかまどで薪を燃やす。,The old-fashioned stove burns firewood.,传统的炉灶不仅是做饭的工具，也是家人团聚的象征。,伝統的な炉灶は料理の道具であるだけでなく、家族の団欒の象徴でもある。
1197,轮船,lún chuán,steamship; CL:艘[sou1],汽船,轮船穿越大西洋航行。,船は大西洋を横断して航行する。,The ship sails across the Atlantic Ocean.,这艘轮船将于明天凌晨抵达目的港。,この輪船は明日の早朝に目的地の港に到着する予定だ。
1198,轮廓,lún kuò,an outline; silhouette,輪郭,画家描绘人物轮廓。,画家は人物の輪郭を描く。,The painter sketches the outline of the figure.,他用简洁的线条勾勒出人物的轮廓，富有艺术感。,彼は簡潔な線で人物の輪郭を描き、芸術的な感覚にあふれている。
1199,轮胎,lún tāi,tire; pneumatic tire,タイヤ,轮胎磨损需及时更换。,タイヤの摩耗は早めに交換が必要だ。,Worn tires need to be replaced promptly.,轮胎的质量直接关系到汽车行驶的安全性。,タイヤの品質は自動車の走行安全性に直接関係している。
1200,论坛,lùn tán,forum (for discussion),論壇,学者在论坛上激辩。,学者たちはフォーラムで激しく議論した。,Scholars debated fiercely at the forum.,国际论坛为各国专家提供了交流与合作的平台。,国際フォーラムは各国の専門家に交流と協力のプラットフォームを提供している。
1201,论证,lùn zhèng,to prove a point; proof; to expound on; demonstrate or prove (through argument),論証,他用数据论证观点。,彼はデータを使って意見を論証する。,He uses data to support his viewpoint.,这篇论文通过严密的逻辑论证，成功地驳斥了对方的错误观点。,この論文は綿密な論証を通じて、相手の誤った見解を見事に論破した。
1202,啰唆,luō suo,to grumble,口うるさい,她总是啰唆不停。,彼女はいつもくどくどと話し続ける。,She is always nagging nonstop.,他讲话总是很啰唆，让人听了感到烦躁不安。,彼は話すときいつもくどくどしていて、聞いているとイライラする。
1203,络绎不绝,luò yì bù jué,continuously; in an endless stream (idiom),絶え間ない,游客络绎不绝参观。,観光客がひっきりなしに訪れる。,Tourists visit continuously.,节日里，游客们络绎不绝地涌入这座古老的城市。,祭日の間、観光客たちが途切れることなくこの古い街に押し寄せた。
1204,落成,luò chéng,to complete a construction project,完成,新楼已顺利落成。,新しい建物は順調に完成した。,The new building has been successfully completed.,新建的图书馆已经落成，即将对公众开放。,新しく建てられた図書館は完成し、まもなく一般に開放される。
1205,落实,luò shí,practical; workable; to implement; to carry out; to decide,実行,政策必须有效落实。,政策は必ず効果的に実施されなければならない。,Policies must be effectively implemented.,政府部门必须切实落实环保政策，保护生态环境。,政府部門は環境保護政策を確実に実施し、生態環境を守らなければならない。
1206,屡次,lv3 cì,repeatedly; time and again,繰り返し,他屡次强调安全。,彼は何度も安全を強調した。,He repeatedly emphasized safety.,他屡次违反公司规定，最终被解除劳动合同。,彼はたびたび会社の規則を破り、最終的に雇用契約を解除された。
1207,履行,lv3 xíng,to fulfill (one's obligations); to carry out (a task); to implement (an agreement); to perform,履行,合同义务必须履行。,契約の義務は必ず履行しなければならない。,Contractual obligations must be fulfilled.,作为一名公民，应该认真履行自己的义务和责任。,一市民として、自分の義務と責任を真剣に履行すべきである。
1208,掠夺,lvè duó,to plunder; to rob; also written 略略夺,略奪,敌军掠夺村庄资源。,敵軍は村の資源を略奪した。,The enemy troops plundered the village's resources.,历史上的侵略者曾掠夺过这片土地的丰富资源。,歴史上の侵略者はこの土地の豊かな資源を略奪したことがある。
1209,嘛,ma,(modal particle to express that something is obvious),〜よね,这件事很重要嘛。,このことはとても重要だよ。,This matter is very important.,你嘛，别总是担心未来，放轻松一点吧。,君さあ、いつも未来のことばかり心配しないで、もう少しリラックスしなよ。
1210,麻痹,má bì,paralysis; palsy; numbness; to benumb,麻痺,长时间工作导致麻痹。,長時間の作業が麻痺を引き起こした。,Long hours of work caused numbness.,长期的工作压力导致他神经麻痹，反应迟钝。,長期間の仕事のストレスで彼は神経が麻痺し、反応が鈍くなった。
1211,麻木,má mù,numb; insensitive; apathetic,麻痺感,手指突然感到麻木。,指が突然しびれを感じた。,The finger suddenly felt numb.,手指冻得麻木，几乎失去了知觉。,指が凍えて麻木し、ほとんど感覚を失っていた。
1212,麻醉,má zuì,anesthesia; fig. to poison (sb's mind),麻酔,手术前需注射麻醉。,手術前に麻酔を注射する必要がある。,Anesthesia needs to be injected before surgery.,手术前，医生给患者注射了麻醉剂以减轻疼痛。,手術前に医者は患者に麻酔薬を注射して痛みを和らげた。
1213,码头,mǎ tóu,dock; pier; wharf; CL:个,埠頭,货物在码头装卸。,貨物は埠頭で積み下ろしされる。,Goods are loaded and unloaded at the dock.,货船停靠在码头，工人们忙着装卸货物。,貨物船が埠頭に停泊し、作業員たちは忙しく荷物の積み下ろしをしていた。
1214,蚂蚁,mǎ yǐ,ant;,アリ,蚂蚁搬运食物忙碌。,アリが食べ物を運ぶのに忙しい。,Ants are busy transporting food.,蚂蚁沿着树干排成一列，忙着寻找食物。,アリが木の幹に沿って列を作り、食べ物を探して忙しく動いている。
1215,埋伏,mái fú,ambush,待ち伏せ,敌人埋伏在山谷。,敵は谷に待ち伏せしている。,The enemy is ambushed in the valley.,敌军在森林里埋伏，等待时机发动突然袭击。,敵軍は森の中に伏兵を潜ませ、機会を待って急襲を仕掛けた。
1216,埋没,mái mò,oblivion,埋没,人才被埋没无人识。,才能が埋もれて誰にも認められない。,Talents are buried and unrecognized.,许多有才华的艺术家因缺乏机会而被埋没了。,多くの才能ある芸術家が機会不足のために埋もれてしまった。
1217,埋葬,mái zàng,to bury,埋葬,先人被安详地埋葬。,先祖は安らかに埋葬された。,The ancestors were peacefully buried.,村民们为逝去的英雄举行了隆重的埋葬仪式。,村人たちは亡くなった英雄のために盛大な埋葬式を行った。
1218,脉搏,mài bó,a pulse (both medical and figurative),脈拍,医生监测病人脉搏。,医者は患者の脈拍を監視する。,The doctor monitors the patient's pulse.,医生通过测量脉搏判断患者的身体状况。,医者は脈搏を測ることで患者の体調を判断した。
1219,迈,mài,take a step,大股で歩く,他迈步走进会议室。,彼は歩みを進めて会議室に入った。,He stepped into the conference room.,他迈着坚定的步伐，走向未来的目标。,彼はしっかりとした足取りで未来の目標に向かって歩いている。
1220,埋怨,mán yuàn,to complain,不満を言う,她经常埋怨工作忙。,彼女は仕事が忙しいとよく不平を言う。,She often complains about being busy at work.,不要总是埋怨环境不好，关键是要改变自己。,いつも環境の悪さを嘆くのではなく、重要なのは自分を変えることだ。
1221,慢性,màn xìng,slow and patient; chronic (disease); slow to take effect (e.g. a slow poison),慢性,慢性疾病需长期治疗。,慢性疾患は長期治療が必要だ。,Chronic diseases require long-term treatment.,慢性疾病需要长期治疗和细心护理。,慢性疾患は長期の治療と細心の看護を必要とする。
1222,漫长,màn cháng,very long; endless,長く続く,等待时间漫长无尽。,待ち時間は長くて終わりがない。,The waiting time is long and endless.,这段旅程虽然漫长，但风景非常美丽。,この旅程は長かったが、景色は非常に美しかった。
1223,漫画,màn huà,caricature; cartoon; Japanese manga,漫画,他喜欢阅读漫画书。,彼は漫画本を読むのが好きだ。,He likes reading comic books.,他喜欢阅读各种类型的漫画，尤其是科幻题材的。,彼はさまざまな種類の漫画を読むのが好きで、特にSFジャンルを好む。
1224,蔓延,màn yán,to extend; to spread,蔓延,病毒迅速蔓延全国。,ウイルスは全国に急速に蔓延した。,The virus spread rapidly across the country.,火灾后的浓烟在天空中迅速蔓延开来。,火災後の濃い煙が空に素早く広がった。
1225,忙碌,máng lù,busy; bustling,多忙,他每天都很忙碌。,彼は毎日とても忙しい。,He is very busy every day.,她每天忙碌于工作和家庭，几乎没有休息时间。,彼女は毎日仕事と家庭で忙しく、ほとんど休む時間がない。
1226,盲目,máng mù,blind; aimless,盲目的,盲目跟风容易失败。,盲目的に流行に従うと失敗しやすい。,Blindly following trends can easily lead to failure.,盲目的跟风投资往往带来严重的经济损失。,盲目的な流行投資は往々にして深刻な経済的損失をもたらす。
1227,茫茫,máng máng,boundless; vast and obscure,広大な,茫茫沙漠无边无际。,果てしない広大な砂漠。,The vast desert stretches endlessly.,茫茫大海让人感到渺小和无助。,広大な大海原は人に小ささと無力さを感じさせる。
1228,茫然,máng rán,ignorant; to have no knowledge of sth,呆然とする,听到消息他茫然失措。,知らせを聞いて彼は茫然自失した。,He was stunned and at a loss upon hearing the news.,听到突如其来的消息，他茫然不知所措。,突然の知らせを聞いて、彼は茫然としてどうしていいかわからなかった。
1229,冒充,mào chōng,to feign; to pretend to be; to pass oneself off as,偽る,他冒充专家骗取信任。,彼は専門家を装って信頼を騙し取った。,He impersonated an expert to deceive trust.,骗子冒充银行工作人员骗取了客户的钱财。,詐欺師が銀行の職員を装い、顧客の金銭を騙し取った。
1230,冒犯,mào fàn,to offend;,冒犯する,请勿冒犯他人感情。,他人の感情を冒さないでください。,Please do not offend others' feelings.,他的言行冒犯了很多同事，导致关系紧张。,彼の言動は多くの同僚を冒とくし、人間関係が緊張した。
1231,茂盛,mào shèng,lush,茂盛,花园里的树木茂盛。,庭の木々は茂っている。,The trees in the garden are lush.,春天来临时，花园里的植物茂盛生长，生机盎然。,春が来ると庭の植物は茂盛に生長し、生き生きとしている。
1232,媒介,méi jiè,media; medium,媒介,语言是文化的媒介。,言語は文化の媒介である。,Language is the medium of culture.,传媒是现代社会信息传播的重要媒介之一。,メディアは現代社会における情報伝達の重要な媒介の一つである。
1233,枚,méi,"classifier for coins, rings, badges, pearls, sporting medals, rockets, satellites etc",枚（量詞）,我买了三枚邮票。,私は切手を三枚買った。,I bought three stamps.,这枚奖牌代表了他多年来的努力和成就。,この一枚のメダルは彼の長年の努力と成果を象徴している。
1234,美观,měi guān,pleasing to the eye; beautiful; artistic,見た目が良い,设计不仅实用还美观。,デザインは実用的であるだけでなく美しい。,The design is not only practical but also beautiful.,设计师注重产品的美观和实用性。,デザイナーは製品の美観と実用性を重視している。
1235,美满,měi mǎn,happy; blissful,円満,他们拥有美满家庭。,彼らは幸せな家庭を持っている。,They have a happy family.,他们过着幸福美满的生活，感情非常稳定。,彼らは幸せで満ち足りた生活を送り、感情も非常に安定している。
1236,美妙,měi miào,beautiful; wonderful; splendid,素晴らしい,音乐会气氛美妙动人。,コンサートの雰囲気は素晴らしく感動的だった。,The concert atmosphere was wonderful and moving.,音乐会现场的氛围美妙动人，让人难以忘怀。,コンサートの会場の雰囲気は美しく感動的で、忘れがたいものだった。
1237,萌芽,méng yá,sprout; germ of a plant,萌芽,新思想正处萌芽阶段。,新しい思想はまだ萌芽段階にある。,New ideas are still in the budding stage.,创新的思想在年轻人中开始萌芽并迅速传播。,革新的な考えが若者の間で芽生え、急速に広まっている。
1238,猛烈,měng liè,fierce; violent (criticism etc),猛烈,风暴猛烈袭击海岸。,嵐が激しく海岸を襲った。,The storm fiercely struck the coast.,烈火猛烈燃烧，消防员奋力扑救避免灾难扩大。,激しい炎が猛然と燃え上がり、消防士たちは必死に消火して災害の拡大を防いだ。
1239,眯,mī,to narrow one's eyes; (Dialect) to nap; to take a nap,細める,他眯眼观察远方。,彼は目を細めて遠くを観察した。,He squinted to observe the distance.,他在阳光下眯着眼睛，享受温暖的午后时光。,彼は日差しの中で目を細めて、暖かい午後のひとときを楽しんでいた。
1240,弥补,mí bǔ,to complement; to make up for a deficiency,補う,努力学习弥补不足。,努力して不足を補う。,Work hard to make up for shortcomings.,公司采取多种措施弥补产品质量上的不足。,会社は製品の品質不足を補うために様々な対策を講じた。
1241,弥漫,mí màn,"to pervade; to fill the air; diffuse; everywhere present; about to inundate (water); permeated by (smoke); filled with (dust); to saturate (the air with fog, smoke etc)",充満する,烟雾弥漫整个房间。,煙が部屋全体に立ち込めている。,Smoke is spreading throughout the room.,花香弥漫在整个房间，让人心旷神怡。,花の香りが部屋中に満ちあふれ、人を爽やかな気分にさせる。
1242,谜语,mí yǔ,riddle; conundrum,なぞなぞ,小孩喜欢猜谜语。,子供はなぞなぞをするのが好きだ。,Children like to guess riddles.,老师给学生出了一道有趣的谜语，激发他们的思考能力。,先生は生徒に面白いなぞなぞを出し、彼らの思考力を刺激した。
1243,迷惑,mí huo,to puzzle; to confuse; to baffle,迷う,复杂说明让人迷惑。,複雑な説明で人は混乱する。,Complex explanations confuse people.,他的言论让很多人感到迷惑，不知道该相信谁。,彼の発言は多くの人を惑わせ、誰を信じればいいかわからなくなった。
1244,迷人,mí rén,fascinating; enchanting; charming; tempting,魅力的,她的笑容非常迷人。,彼女の笑顔はとても魅力的だ。,Her smile is very charming.,她有一双迷人的眼睛，让人一见难忘。,彼女は魅力的な目を持っていて、一目で忘れられない。
1245,迷信,mí xìn,superstition,迷信,不要盲目迷信传说。,伝説を盲目的に迷信してはいけない。,Do not blindly believe in superstitions about legends.,迷信思想在某些地区仍然有很大的影响力。,迷信思想は一部の地域で依然として大きな影響力を持っている。
1246,密度,mì dù,density; thickness,密度,材料密度影响强度。,材料の密度は強度に影響する。,The density of the material affects its strength.,空气中的颗粒物密度过高，会影响呼吸健康。,空気中の粒子の密度が高すぎると、呼吸の健康に影響を及ぼす。
1247,密封,mì fēng,seal up,密封,文件必须密封保存。,書類は必ず密封して保存しなければならない。,Documents must be sealed and stored properly.,为了防止空气进入，瓶口必须密封严实。,空気の侵入を防ぐために、瓶口はしっかりと密封しなければならない。
1248,棉花,mián hua,cotton,綿花,棉花是重要纺织原料。,綿は重要な繊維原料である。,Cotton is an important textile raw material.,本地农民种植了大量的棉花，促进了经济发展。,地元の農民は大量の綿花を栽培し、経済発展に寄与した。
1249,免得,miǎn de,so as not to; so as to avoid,〜しないように,早点出发免得迟到。,早めに出発して遅刻しないようにしよう。,Leave early to avoid being late.,早点完成作业，免得临时赶工影响质量。,早めに宿題を終わらせて、急いでやって品質に影響が出るのを避けよう。
1250,免疫,miǎn yì,immunity (to disease),免疫,疫苗提高人体免疫。,ワクチンは人体の免疫力を高める。,Vaccines enhance the body's immunity.,接种疫苗可以增强人体的免疫能力，预防疾病。,ワクチン接種は人体の免疫力を高め、病気を予防することができる。
1251,勉励,miǎn lì,to encourage,勧励,老师勉励学生努力学习。,先生は学生たちに努力して勉強するよう励ました。,The teacher encouraged the students to study hard.,他每天都勉励自己克服困难，努力实现人生的目标。,彼は毎日自分を励まし、困難を克服して人生の目標を達成しようと努力している。
1252,勉强,miǎn qiǎng,to do with difficulty; to force sb to do sth; reluctant; barely enough,強いる,他勉强接受了这个任务。,彼は無理にその任務を引き受けた。,He reluctantly accepted the task.,虽然身体不舒服，他还是勉强完成了今天的工作任务。,体調が優れなかったが、それでも無理して今日の仕事をやり遂げた。
1253,面貌,miàn mào,appearance; face; features; CL:个,顔つき,她的面貌清秀动人。,彼女の顔立ちは清楚で魅力的だ。,Her appearance is delicate and charming.,经过多年的发展，这个城市的面貌焕然一新，充满现代气息。,長年の発展を経て、この都市の様相は一新され、現代的な雰囲気に満ちている。
1254,面子,miàn zi,outer surface; outside; honor; reputation; face (as in 'losing face'); self-respect; feelings; (medicinal) powder,面子,他很在乎自己的面子。,彼は自分の面子をとても気にしている。,He cares a lot about his face/reputation.,为了不给家里丢面子，他决定努力工作，取得更好的成绩。,家の面目を失わないように、彼は努力して良い成績を収めることに決めた。
1255,描绘,miáo huì,to describe; to portray,描写,画家细致描绘风景。,画家は風景を細かく描写した。,The painter depicted the scenery in detail.,这幅画细致地描绘了江南水乡的美丽风光和独特文化。,この絵は江南水郷の美しい風景と独特な文化を細かく描写している。
1256,瞄准,miáo zhǔn,to aim (a weapon at a target); fig. to aim (for a higher standard);,狙う,士兵瞄准目标开枪。,兵士は目標を狙って発砲した。,The soldier aimed at the target and fired.,狙击手仔细瞄准目标，确保每一发子弹都能命中要害。,狙撃手は慎重に目標を狙い、すべての弾丸が急所に命中するようにしている。
1257,渺小,miǎo xiǎo,minute; tiny; negligible; insignificant,小さい,我们在宇宙中显得渺小。,私たちは宇宙の中でとても小さく見える。,We appear insignificant in the universe.,相比于浩瀚的宇宙，人类显得极其渺小而脆弱。,広大な宇宙と比べると、人類は非常に小さくて脆弱に見える。
1258,藐视,miǎo shì,to despise; to look down on;,軽視,他藐视别人的意见。,彼は他人の意見を軽蔑している。,He despises others' opinions.,他对传统观念的藐视导致了许多误解和冲突。,彼は伝統的な考え方を軽視したため、多くの誤解と衝突を引き起こした。
1259,灭亡,miè wáng,to be destroyed; to become extinct; to perish; to die out; to destroy; to exterminate,滅亡,古代王朝最终灭亡了。,古代の王朝は最終的に滅亡した。,The ancient dynasty eventually perished.,如果人类不保护环境，许多物种将面临灭亡的危险。,もし人類が環境を守らなければ、多くの種が絶滅の危機に直面するだろう。
1260,蔑视,miè shì,to loathe; to despise; contempt,軽蔑,他蔑视那些懒惰的人。,彼は怠け者を軽蔑している。,He scorns those who are lazy.,他对别人的努力总是抱有蔑视的态度，难以赢得朋友的尊重。,彼は他人の努力をいつも軽蔑する態度で接し、友人の尊敬を得ることが難しい。
1261,民间,mín jiān,among the people; popular; folk; non-governmental; involving people rather than governments,民間,民间艺术传承丰富。,民間芸術は豊かな伝承がある。,Folk art has a rich heritage.,民间艺术是一个国家文化传承的重要组成部分，具有独特魅力。,民間芸術は一国の文化継承の重要な一部であり、独特の魅力を持っている。
1262,民主,mín zhǔ,democracy,民主,民主制度保障自由。,民主制度は自由を保障する。,The democratic system guarantees freedom.,民主制度的建立为人民参与国家管理提供了合法渠道。,民主制度の確立は、国民が国家運営に参加する正当な道を提供した。
1263,敏捷,mǐn jié,nimble; quick; shrewd,敏捷,猫的动作非常敏捷。,猫の動きは非常に敏捷だ。,The cat's movements are very agile.,他的反应非常敏捷，能够迅速应对各种突发状况。,彼の反応は非常に敏捷で、様々な突発状況に迅速に対処できる。
1264,敏锐,mǐn ruì,keen; sharp; acute,鋭敏,他有敏锐的观察力。,彼は鋭い観察力を持っている。,He has keen observational skills.,她有敏锐的洞察力，能够准确把握市场的变化趋势。,彼女は鋭い洞察力を持ち、市場の変化の傾向を正確に把握できる。
1265,名次,míng cì,position in a ranking of names,順位,比赛中他获得第一名次。,試合で彼は一位を獲得した。,He won first place in the competition.,经过激烈的比赛，他终于获得了第一名次的好成绩。,激しい試合の末、彼はついに第一位の好成績を収めた。
1266,名额,míng é,fixed number of people; quota,定員,本次活动名额有限。,今回のイベントは定員が限られている。,The quota for this event is limited.,本次比赛的报名名额有限，大家要抓紧时间报名参加。,今回の大会の参加枠は限られているので、皆早めに申し込む必要がある。
1267,名副其实,míng fù qí shí,"not just in name only, but also in reality (idiom)",名実ともに,他是名副其实的专家。,彼は名実ともに専門家だ。,He is a genuine expert.,他不仅名副其实地成为了行业专家，还积极推动技术创新。,彼は名実共に業界の専門家となっただけでなく、積極的に技術革新を推進している。
1268,名誉,míng yù,fame; reputation; honor; honorary; emeritus (of retired professor),名誉,获得奖项是他的名誉。,賞を獲得することは彼の名誉だ。,Receiving the award is his honor.,维护个人的名誉是每一个人应当重视的社会责任。,個人の名誉を守ることは、誰もが重視すべき社会的責任である。
1269,明明,míng míng,obviously; plainly; undoubtedly; definitely,明らかに,明明他没错，还是被责备。,明らかに彼は悪くないのに、責められた。,"Even though he was clearly not at fault, he was blamed.",明明是他的错误，却试图推卸责任，令人难以接受。,明らかに彼の過ちなのに、責任を転嫁しようとしており、受け入れがたい。
1270,明智,míng zhì,sensible; wise; judicious; sagacious;,賢明,这是一个明智的决定。,これは賢明な決定だ。,This is a wise decision.,在复杂的局势下，保持明智的判断尤为重要。,複雑な状況下では、明智な判断を保つことが特に重要である。
1271,命名,mìng míng,to give a name to; to dub; to christen; to designate; named after; naming,命名,新产品已正式命名。,新製品は正式に命名された。,The new product has been officially named.,新研发的产品被命名为“未来之星”，寓意着无限可能。,新たに開発された製品は「未来の星」と命名され、無限の可能性を意味している。
1272,摸索,mō suo,to feel about; to grope about; to fumble; to do things slowly,模索,团队在摸索最佳方案。,チームは最良の方案を模索している。,The team is exploring the best solution.,在黑暗中摸索前进，我们终于找到了正确的方向。,暗闇の中を手探りで進み、ついに正しい方向を見つけた。
1273,摩擦,mó cā,friction; rubbing; chafing; fig. disharmony; conflict; same as 磨擦,摩擦,两国间存在一些摩擦。,両国間にはいくつかの摩擦が存在する。,There are some frictions between the two countries.,两国在贸易问题上的摩擦一度导致谈判陷入僵局。,両国は貿易問題で摩擦があり、一時交渉は膠着状態に陥った。
1274,模范,mó fàn,model; fine example,模範,他是学生们的模范。,彼は学生たちの模範だ。,He is a model for the students.,他是我们学习的模范，无论工作还是生活都值得我们借鉴。,彼は私たちの学ぶべき模範であり、仕事も生活も参考に値する。
1275,模式,mó shì,mode; method,模式,公司采用新的运营模式。,会社は新しい運営モデルを採用した。,The company adopted a new operating model.,现代企业的发展模式越来越注重创新与可持续发展。,現代企業の発展モデルはますますイノベーションと持続可能な発展を重視している。
1276,模型,mó xíng,model; mould; matrix; pattern,模型,设计师制作了汽车模型。,デザイナーは自動車の模型を制作した。,The designer made a car model.,设计师利用三维模型模拟产品的外观和结构，提高设计效率。,デザイナーは3Dモデルを使って製品の外観と構造をシミュレートし、設計効率を向上させている。
1277,磨合,mó hé,to break in; to wear in,調整,团队正在磨合新成员。,チームは新メンバーとの調整を進めている。,The team is working on integrating new members.,新员工需要一段时间与团队磨合，才能更好地完成工作任务。,新入社員はチームと馴染むのに時間が必要で、そうして初めて仕事をうまくこなせる。
1278,膜,mó,membrane; film,膜,细胞膜保护着细胞。,細胞膜は細胞を保護している。,The cell membrane protects the cell.,细胞膜是保护细胞内部环境的重要结构，具有选择透过性。,細胞膜は細胞内部環境を保護する重要な構造であり、選択的透過性を持っている。
1279,魔鬼,mó guǐ,devil,悪魔,故事里出现了魔鬼形象。,物語には悪魔の姿が登場した。,A devil figure appeared in the story.,面对生活中的魔鬼般的挑战，他始终保持乐观和坚强的心态。,人生の悪魔のような挑戦に直面しても、彼は常に楽観的で強い心を保っている。
1280,魔术,mó shù,magic,手品,魔术表演吸引了观众。,マジックショーは観客を引きつけた。,The magic performance attracted the audience.,魔术师通过巧妙的手法，让观众目不转睛地观看表演。,マジシャンは巧妙な手法で観客を釘付けにし、パフォーマンスを見せている。
1281,抹杀,mǒ shā,to erase; to cover traces; to obliterate evidence; to expunge; to blot out; to suppress,抹殺,历史事实不能被抹杀。,歴史的事実は抹消されてはならない。,Historical facts must not be erased.,历史事实不能被抹杀，每一段经历都是宝贵的财富。,歴史的事実は抹消できず、すべての経験は貴重な財産である。
1282,墨水儿,mò shuǐ r,ink; CL:瓶[ping2],インク,墨水儿快用完了。,インクがもうすぐなくなる。,The ink is almost used up.,学生用墨水儿写字时，不小心洒了一滴在作业本上。,学生はインクで字を書いているときに、誤って宿題のノートに一滴こぼしてしまった。
1283,莫名其妙,mò míng qí miào,unfathomable mystery (idiom); subtle and ineffable; unable to make head or tail of it; boring (e.g. movie),不可解,他的举动让人莫名其妙。,彼の行動は人を不可解にさせる。,His actions make people puzzled.,他说的话让人感到莫名其妙，完全无法理解他的用意。,彼の言ったことは不可解で、全く彼の意図が理解できなかった。
1284,默默,mò mò,in silence; not speaking,黙々と,他默默完成了工作。,彼は黙って仕事を終えた。,He quietly completed the work.,她默默地付出，从不要求任何回报，令人感动不已。,彼女は黙って尽くし、一切の見返りを求めず、人々を感動させている。
1285,谋求,móu qiú,to seek; to strive for,企てる,公司谋求市场扩张。,会社は市場拡大を目指している。,The company seeks market expansion.,公司谋求长期发展，积极开拓国内外市场。,会社は長期的な発展を目指し、国内外の市場開拓に積極的に取り組んでいる。
1286,模样,mú yàng,look; style; appearance; approximation; about; CL:个,様子,他看上去有不同的模样。,彼は違った様子に見える。,He looks different.,她的模样清秀可人，给人留下了深刻的印象。,彼女の容貌は清楚で愛らしく、人に深い印象を残した。
1287,母语,mǔ yǔ,native language; mother language,母語,母语是学习的基础。,母語は学習の基礎だ。,The mother tongue is the foundation of learning.,母语是一个人文化认同的重要标志，学习外语不能忽视母语的基础。,母語は個人の文化的アイデンティティの重要な指標であり、外国語学習は母語の基礎を無視してはならない。
1288,沐浴,mù yù,to take a bath; to bathe; to immerse,浴びる,他沐浴在阳光下。,彼は陽光の下で浴びている。,He is basking in the sunlight.,清晨沐浴在阳光下，感受大自然的温暖和宁静。,朝日を浴びて、自然の温かさと静けさを感じる。
1289,目睹,mù dǔ,to witness; to see at first hand; to see with one's own eyes,目撃,我亲眼目睹了事故。,私は事故を自分の目で目撃した。,I witnessed the accident with my own eyes.,他亲眼目睹了那场历史性的事件，感触尤为深刻。,彼はその歴史的な事件を実際に目撃し、特に深い感銘を受けた。
1290,目光,mù guāng,sight; vision; view; gaze; look,視線,他的目光充满坚定。,彼の目つきは決然としている。,His gaze is full of determination.,她的目光坚定而自信，显示出强烈的事业心。,彼女の目つきはしっかりとして自信に満ちており、強い仕事への意欲を示している。
1291,拿手,ná shǒu,expert in; good at,得意技,他做菜特别拿手。,彼は料理が特に得意だ。,He is especially good at cooking.,烹饪是他的拿手好戏，每次家宴都能带来惊喜。,料理は彼の得意技であり、毎回の家宴で驚きをもたらす。
1292,纳闷儿,nà mèn r,puzzled; bewildered,疑問に思う,我对他的态度纳闷儿。,私は彼の態度に戸惑っている。,I am puzzled by his attitude.,听到这个消息后，他忍不住纳闷儿，心中充满疑惑。,この知らせを聞いて、彼は思わず首をかしげ、心の中は疑問でいっぱいだった。
1293,耐用,nài yòng,durable,耐久,这种材料非常耐用。,この材料は非常に耐久性がある。,This material is very durable.,这种材料不仅外观漂亮，而且非常耐用，适合长期使用。,この素材は見た目が美しいだけでなく、とても耐久性があり、長期使用に適している。
1294,南辕北辙,nán yuán běi zhé,to act in a way that defeats one's purpose (idiom);,方向違い,他的计划简直南辕北辙。,彼の計画はまったく見当違いだ。,His plan is completely misguided.,他的计划南辕北辙，结果完全违背了最初的目标。,彼の計画は南辕北辙（方向が正反対）で、結果は最初の目標と全く違ってしまった。
1295,难得,nán dé,seldom; rare; hard to come by,貴重,这是一次难得的机会。,これはめったにないチャンスだ。,This is a rare opportunity.,在如此忙碌的生活中，能够有一次难得的假期实属幸运。,こんなに忙しい生活の中で、めったにない休暇が取れるのは本当に幸運だ。
1296,难堪,nán kān,hard to take; embarrassed,気まずい,尴尬的场面让人难堪。,気まずい場面は人を困らせる。,An awkward situation makes people uncomfortable.,他的失误让大家感到难堪，气氛一度变得尴尬。,彼のミスで皆が居心地悪く感じ、雰囲気が一時気まずくなった。
1297,难能可贵,nán néng kě guì,rare and commendable; estimable,称賛に値する,他的努力难能可贵。,彼の努力は称賛に値する。,His efforts are commendable.,他在困难面前坚持不懈，展现出难能可贵的精神品质。,彼は困難に直面しても諦めず、価値ある精神的資質を示した。
1298,恼火,nǎo huǒ,to get angry; irritated; to annoy; to aggravate; annoying,怒る,他因为误会而恼火。,彼は誤解のために腹を立てた。,He was annoyed because of a misunderstanding.,遇到不公平的待遇后，他感到非常恼火，决定采取行动。,不公平な扱いを受けて、彼は非常に腹を立て、行動を起こすことに決めた。
1299,内涵,nèi hán,meaning; content; essential properties implied or reflected by a notion; intention; connotation; self-possessed,内面,作品富有深刻内涵。,作品は深い内涵に富んでいる。,The work is rich in profound meaning.,这部文学作品内涵丰富，值得读者反复品味和思考。,この文学作品は内包が豊かで、読者が何度も味わい考える価値がある。
1300,内幕,nèi mù,inside story; non-public information; behind the scenes; internal,内幕,这件事有不为人知的内幕。,この件には知られざる内幕がある。,There are unknown inside stories behind this matter.,这起事件的内幕被媒体曝光，引发了社会的广泛关注。,この事件の内幕がメディアに暴露され、社会の広範な関心を引き起こした。
1301,内在,nèi zài,intrinsic; innate,内在,内在动力推动发展,内在の動力が発展を促進する,Intrinsic motivation drives development,艺术作品的内在价值往往比表面的形式更加深刻且难以言喻。,芸術作品の内在的な価値は、表面的な形式よりも深遠で言い表しがたいことが多い。
1302,能量,néng liàng,energy; capabilities,エネルギー,能量转换成机械力,エネルギーが機械力に変換される,Energy is converted into mechanical force,科学家们正在研究如何有效地利用太阳能的能量来解决能源危机。,科学者たちは太陽エネルギーを効果的に利用してエネルギー危機を解決する方法を研究している。
1303,拟定,nǐ dìng,to draw up; to draft; to formulate,策定,拟定详细计划方案,詳細な計画案を作成する,Draft a detailed plan,政府拟定了一系列新的政策，以促进经济的持续健康发展。,政府は経済の持続的かつ健全な発展を促進するために一連の新しい政策を策定した。
1304,逆行,nì xíng,to go the wrong way; to go against one-way traffic regulation;,逆行,车辆逆行被处罚,車両の逆走は罰せられる,Vehicles driving in the wrong direction are punished,在紧急情况下，车辆逆行可能会导致严重的交通事故。,緊急時には車両の逆走が深刻な交通事故を引き起こす可能性がある。
1305,年度,nián dù,"year (e.g. school year, fiscal year)",年度,年度报告已完成,年次報告書が完成した,The annual report has been completed,公司的年度报告详细分析了过去一年内的市场表现和财务状况。,会社の年次報告書は、過去1年間の市場の動向と財務状況を詳細に分析している。
1306,捏,niē,to pinch (with one's fingers); to knead; to make up,つまむ,他捏紧了拳头,彼は拳をぎゅっと握った,He clenched his fist tightly,小孩子喜欢用手指捏软软的橡皮泥来发挥创造力。,子供は手で柔らかい粘土を捏ねて創造力を発揮するのが好きだ。
1307,凝固,níng gù,to freeze; to solidify; to congeal; fig. with rapt attention,凝固,液体迅速凝固成块,液体が急速に固まって塊になる,The liquid quickly solidifies into a block,当温度降低时，液体会逐渐凝固成坚硬的固体。,温度が下がると、液体は徐々に凝固して硬い固体になる。
1308,凝聚,níng jù,to condense; to coagulate; coacervation (i.e. form tiny droplets); aggregation; coherent,凝集,团队凝聚力强大,チームの結束力が強い,The team has strong cohesion,团队成员之间的紧密合作能够凝聚出强大的战斗力。,チームメンバー間の緊密な協力は強力な戦闘力を凝聚させることができる。
1309,凝视,níng shì,gaze,凝視,他凝视远方思考,彼は遠くをじっと見つめて考えた,"He stared into the distance, thinking",他凝视着远方的山峰，沉思着未来的计划。,彼は遠くの山々をじっと見つめながら、未来の計画について思案していた。
1310,拧,níng,to pinch; wring,ねじる,拧开瓶盖很费力,瓶の蓋をひねって開けるのは大変だ,It is hard to twist open the bottle cap,拧干湿毛巾后，把它挂在通风处晾干。,濡れたタオルを絞ってから、風通しの良い場所にかけて乾かす。
1311,宁肯,nìng kěn,would rather...; it would be better...; would prefer,むしろ,宁肯失败也坚持,失敗してもあえて頑張る,Would rather fail than give up,宁肯冒险失败，也不愿意错失这次宝贵的机会。,失敗を冒してでも、この貴重な機会を逃したくない。
1312,宁愿,nìng yuàn,would rather; better,むしろ,宁愿等待不放弃,待つことを選び、諦めない,Prefer to wait rather than give up,他宁愿一个人努力，也不愿依赖别人来完成任务。,彼は一人で努力することを望み、他人に頼って仕事を終わらせることは望まない。
1313,扭转,niǔ zhuǎn,to reverse; to turn around (an undesirable situation),転換,扭转局势需策略,状況を好転させるには戦略が必要だ,Turning the situation around requires strategy,通过不断调整策略，我们成功地扭转了公司的颓势。,絶え間ない戦略の調整により、我々は会社の衰退局面を見事に逆転させた。
1314,纽扣儿,niǔ kòu r,button,ボタン,纽扣儿掉了一个,ボタンが一つ取れた,One button fell off,这件衬衫的纽扣儿掉了，需要马上缝上以免丢失。,このシャツのボタンが取れたので、すぐに縫い付けて失くさないようにしなければならない。
1315,农历,nóng lì,the traditional Chinese calendar; the lunar calendar,旧暦,农历新年气氛浓,旧暦の新年の雰囲気が濃厚だ,The atmosphere of the Lunar New Year is strong,中国的春节是根据农历来确定日期的传统节日。,中国の春節は農暦に基づいて日付が決まる伝統的な祝日である。
1316,浓厚,nóng hòu,"dense; thick (fog, clouds etc); to have a strong interest in; deep; fully saturated (color)",濃厚,浓厚兴趣促学习,強い興味が学習を促進する,Strong interest promotes learning,他对历史文化有浓厚的兴趣，经常阅读相关书籍。,彼は歴史文化に強い興味を持ち、関連書籍をよく読んでいる。
1317,奴隶,nú lì,slave,奴隷,历史上奴隶制度,歴史上の奴隷制度,Slavery in history,在古代社会，奴隶的生活极其艰苦且缺乏自由。,古代社会では奴隷の生活は非常に過酷で自由がなかった。
1318,挪,nuó,to shift; to move,動かす,她挪动椅子坐下,彼女は椅子を動かして座った,She moved the chair and sat down,请把桌子稍微挪一下，好让更多人坐下。,もう少しテーブルを動かして、もっと多くの人が座れるようにしてください。
1319,虐待,nvè dài,to mistreat; to maltreat; to abuse; mistreatment; maltreatment,虐待,严禁对动物虐待,動物への虐待は厳禁だ,Animal abuse is strictly prohibited,任何形式的虐待行为都是法律所严厉禁止的。,あらゆる形態の虐待行為は法律で厳しく禁止されている。
1320,哦,ò,oh; ah,ああ,哦，我明白你的意思,ああ、あなたの言いたいことがわかった,"Oh, I understand what you mean",哦，我明白了你的意思，我们可以这样试试看。,ああ、あなたの意味が分かった。こうやって試してみよう。
1321,殴打,ōu dǎ,to beat up; to come to blows; battery (law),殴打,警方制止殴打行为,警察は暴行行為を制止した,The police stopped the assault,警方迅速介入，制止了现场的殴打事件。,警察は迅速に介入し、その場の暴行事件を制止した。
1322,偶像,ǒu xiàng,idol; false god,偶像,他是青年的偶像,彼は若者のアイドルだ,He is an idol for the youth,他把这位歌手当作自己的偶像，努力学习她的演唱技巧。,彼はその歌手を自分の偶像とし、彼女の歌唱技術を熱心に学んでいる。
1323,呕吐,ǒu tù,to vomit,吐く,病人突然呕吐不止,患者が突然吐き続けた,The patient suddenly vomited uncontrollably,他因为食物中毒而不断呕吐，情况十分严重。,彼は食中毒のため嘔吐を繰り返し、状態は非常に深刻だ。
1324,趴,pā,to lie on one's stomach,うつ伏せ,孩子趴在桌子上,子供は机にうつ伏せになった,The child lay face down on the table,小猫趴在阳光下，享受着温暖的午后时光。,子猫は日向にうつ伏せになり、暖かな午後の時間を楽しんでいる。
1325,徘徊,pái huái,to dither; to hesitate; to pace back and forth; by ext. to hover around; to linger,うろつく,他在街头徘徊不定,彼は街頭を迷いながら歩いた,He wandered uncertainly on the street,他在走廊里徘徊，显得既焦虑又犹豫不决。,彼は廊下をうろうろしており、焦りとためらいが見て取れた。
1326,排斥,pái chì,to reject; to exclude; to eliminate; to remove; to repel,排斥,排斥异己思想危险,異なる意見を排斥する思想は危険だ,The idea of excluding dissenting views is dangerous,新政策引起了部分群众的排斥和反对声音。,新政策は一部の市民から排斥や反対の声を引き起こした。
1327,排除,pái chú,to eliminate; to get rid of; to remove,排除,排除所有潜在风险,すべての潜在的リスクを排除する,Eliminate all potential risks,我们必须排除一切干扰，专心完成这项重要任务。,我々はあらゆる妨害を排除し、この重要な任務に専念しなければならない。
1328,排放,pái fàng,emission; discharge; exhaust (gas etc),排出,工厂排放污染物,工場は汚染物質を排出する,The factory emits pollutants,工厂必须严格控制废气的排放，保护环境安全。,工場は廃ガスの排出を厳格に管理し、環境の安全を守らなければならない。
1329,排练,pái liàn,to rehearse; rehearsal;,リハーサル,剧组排练到深夜,撮影チームは深夜までリハーサルした,The crew rehearsed until late at night,演员们每天都会进行长时间的排练，以确保演出完美无缺。,俳優たちは毎日長時間のリハーサルを行い、公演が完璧であることを保証している。
1330,派别,pài bié,denomination; group; school; faction; school of thought,派閥,党内派别纷争激烈,党内の派閥争いは激しい,Factional disputes within the party are intense,在政治斗争中，不同派别之间往往存在激烈的竞争。,政治闘争において、異なる派閥間には激しい競争が存在することが多い。
1331,派遣,pài qiǎn,to send (on a mission); to dispatch,派遣,公司派遣员工出差,会社は社員を出張に派遣した,The company dispatched employees on business trips,公司派遣了专业团队前往海外进行市场调研和合作洽谈。,会社は専門チームを派遣し、海外で市場調査や協力交渉を行った。
1332,攀登,pān dēng,to climb; to pull oneself up; to clamber; to scale; fig. to forge ahead in the face of hardships and danger,登る,他们攀登险峰成功,彼らは危険な峰を登り成功した,They successfully climbed the dangerous peak,他经过多次训练，终于成功攀登上了那座险峻的高峰。,彼は何度も訓練を重ねて、ついにあの険しい高峰を登頂することに成功した。
1333,盘旋,pán xuán,to spiral; to circle; to go around; to hover; to orbit,旋回,鹰在空中盘旋猎物,鷲が空中で獲物を旋回している,The eagle is circling its prey in the air,老鹰在空中盘旋，寻找着猎物的踪迹。,鷹が空中を旋回しながら獲物の痕跡を探している。
1334,判决,pàn jué,judgment (by a court of law),判決,法庭作出公正判决,裁判所は公正な判決を下した,The court made a fair judgment,法庭经过充分审理后，作出了公正的判决。,裁判所は十分な審理の後、公正な判決を下した。
1335,畔,pàn,bank; field-path,川辺,我们坐在河畔钓鱼,私たちは川辺に座って釣りをした,We sat by the riverbank fishing,河流畔的风景美丽而宁静，吸引了众多游客。,川辺の風景は美しく静かで、多くの観光客を惹きつけている。
1336,庞大,páng dà,huge; enormous; tremendous,巨大,庞大项目需协调,巨大なプロジェクトは調整が必要だ,A huge project requires coordination,该项目投资金额庞大，涉及多个国家和地区的合作。,このプロジェクトの投資額は膨大で、複数の国や地域の協力が関与している。
1337,抛弃,pāo qì,discard; dump; abandon,捨てる,他抛弃了旧观念,彼は古い考えを捨てた,He abandoned old ideas,他被朋友背叛后，心灰意冷，决定抛弃过去的一切。,彼は友人に裏切られ、心が冷え切って過去の全てを捨てる決意をした。
1338,泡沫,pào mò,foam; (soap) bubble; (economic) bubble,泡沫,经济泡沫终将破裂,経済のバブルはやがてはじける,The economic bubble will eventually burst,经济泡沫破裂后，市场陷入了长时间的低迷状态。,経済バブルがはじけた後、市場は長期間の低迷状態に陥った。
1339,培育,péi yù,to train; to breed,培育,科学培育新品种植物,科学的に新品種の植物を育てる,Scientifically cultivate new plant varieties,科学家们致力于培育出更适应环境变化的农作物品种。,科学者たちは環境変化により適応した農作物の品種を育成することに努めている。
1340,配备,pèi bèi,to allocate; to provide; to outfit with,配備,军队配备先进武器,軍隊は先進的な武器を装備している,The army is equipped with advanced weapons,新工厂配备了先进的设备，提高了生产效率和产品质量。,新しい工場には先進的な設備が配備され、生産効率と製品の品質が向上した。
1341,配偶,pèi ǒu,consort; mate; spouse,配偶,配偶支持事业发展,配偶者は事業の発展を支援する,The spouse supports career development,婚姻中，配偶之间的理解和支持至关重要。,結婚生活では、配偶者間の理解と支援が非常に重要である。
1342,配套,pèi tào,to form a complete set; coherent,完備,配套设施日益完善,関連施設がますます整備されている,Supporting facilities are increasingly improved,政府出台了一系列配套措施，促进经济结构的优化升级。,政府は一連の補完的な措置を打ち出し、経済構造の最適化とアップグレードを促進した。
1343,盆地,pén dì,basin (low-lying geographical feature); depression,盆地,盆地气候温暖湿润,盆地の気候は温暖で湿潤だ,The basin climate is warm and humid,这片盆地因其丰富的水资源和肥沃的土地而闻名。,この盆地は豊富な水資源と肥沃な土地で知られている。
1344,烹饪,pēng rèn,cooking; culinary arts,料理,他精通烹饪技巧,彼は料理の技術に精通している,He is proficient in cooking skills,她在烹饪比赛中凭借独特的调味技巧获得了冠军。,彼女は料理コンテストで独特な味付けの技術により優勝を獲得した。
1345,捧,pěng,to clasp; to cup the hands; to hold up with both hands; to offer (esp. in cupped hands); to praise; to flatter,手に持つ,她捧起鲜花微笑,彼女は花を両手で持って微笑んだ,She held the flowers and smiled,他双手捧着奖杯，激动地感谢所有支持他的人。,彼は両手でトロフィーを捧げ、支えてくれたすべての人に感激して感謝した。
1346,劈,pī,"to hack; to chop; to split open; see 噼劈啪, onomat. for crack, slap, clap, clatter etc",割る,他劈开了木头,彼は木を割った,He split the wood,工人们用斧头劈开了木材，准备建造新的房屋。,作業員たちは斧で木材を割り、新しい家を建てる準備をした。
1347,批发,pī fā,wholesale; bulk trade; distribution,卸売,批发市场货源充足,卸売市場は商品が十分にある,The wholesale market has sufficient goods,这家批发市场为小商贩提供了丰富的货源和优惠的价格。,この卸売市場は小商人に豊富な商品とお得な価格を提供している。
1348,批判,pī pàn,criticize; CL:个,批判,学者批判错误观点,学者は誤った見解を批判した,The scholar criticized the wrong viewpoint,批判不合理的现象是推动社会进步的重要力量。,不合理な現象を批判することは社会の進歩を促す重要な力である。
1349,疲惫,pí bèi,beaten; exhausted; tired,疲労,工作后感到疲惫,仕事の後で疲れを感じた,Felt tired after work,经过连续多日的工作，他感到身心疲惫，急需休息。,連日の仕事の後、彼は身も心も疲れ果てており、急いで休息が必要だ。
1350,疲倦,pí juàn,to tire; tired,倦怠,长途旅行使人疲倦,長距離旅行は人を疲れさせる,Long-distance travel makes people tired,长时间的学习使学生们感到极度疲倦，需要适当放松。,長時間の勉強で学生たちは非常に疲労し、適度なリラックスが必要だ。
1351,皮革,pí gé,leather; CL:张[zhang1],革,他设计了高端皮革制品。,彼は高級な革製品をデザインしました。,He designed high-end leather products.,这家工厂采用高质量的皮革制作手工皮包，保证产品的耐用性和美观性。,この工場は高品質の皮革を使って手作りの革製バッグを作り、製品の耐久性と美観を保証している。
1352,屁股,pì gu,buttocks; bottom; ass,尻,运动时他摔伤了屁股。,運動中に彼はお尻を打ってけがをしました。,He injured his buttocks when he fell during exercise.,他因为长时间坐着导致屁股感到麻木，必须起来活动一下。,彼は長時間座っていたためお尻がしびれてしまい、立ち上がって体を動かす必要がある。
1353,譬如,pì rú,for example; for instance; such as,例えば,譬如说，这种方法有效。,例えば、この方法は効果的です。,"For example, this method is effective.",譬如在学习语言时，多听多说是提高口语能力的关键。,例えば言語を学ぶとき、多く聞き多く話すことが会話能力を向上させる鍵である。
1354,偏差,piān chā,bias; deviation,偏差,数据存在明显的偏差。,データには明らかな偏りがあります。,There is an obvious bias in the data.,实验数据存在一定的偏差，需要进一步校正仪器以确保准确性。,実験データに一定の偏差があり、正確性を確保するために装置の校正をさらに行う必要がある。
1355,偏见,piān jiàn,prejudice,偏見,消除社会偏见非常重要。,社会的偏見をなくすことは非常に重要です。,Eliminating social prejudice is very important.,我们应该摒弃偏见，用开放的心态去理解不同的文化背景。,私たちは偏見を捨て、開かれた心で異なる文化的背景を理解すべきだ。
1356,偏僻,piān pì,remote; desolate; far from the city,辺鄙,他住在一个偏僻山区。,彼は偏僻な山間部に住んでいます。,He lives in a remote mountainous area.,那个偏僻的山村因为交通不便，经济发展相对滞后。,あの辺鄙な山村は交通が不便なため、経済発展が比較的遅れている。
1357,偏偏,piān piān,(indicates that sth turns out just the opposite of what one would expect or what would be normal); unfortunately; against expectations,あえて,他偏偏不同意我的意见。,彼はあえて私の意見に同意しませんでした。,He deliberately disagreed with my opinion.,他明明很忙，偏偏今天还答应帮我搬家，真是太感谢了。,彼は明らかに忙しいのに、あえて今日私の引っ越しを手伝うと約束してくれて、本当に感謝している。
1358,片断,piàn duàn,section; fragment; segment;,断片,记忆只剩下片断影像。,記憶は断片的な映像だけが残っています。,Only fragmented images remain in the memory.,电影中出现了许多精彩的片断，让观众印象深刻。,映画には多くの素晴らしい断片があり、観客に強い印象を与えた。
1359,片刻,piàn kè,short period of time; a moment,短時間,请稍候片刻再说。,少しの間お待ちください。,Please wait a moment.,请稍等片刻，我马上帮您查找相关资料。,少々お待ちください、すぐに関連資料をお探しします。
1360,漂浮,piāo fú,"to float; to hover; to drift (also fig., to lead a wandering life); to rove; showy; superficial",浮く,树叶在水面上漂浮。,木の葉が水面に浮かんでいます。,The leaves are floating on the water surface.,秋天的湖面上漂浮着几片落叶，景色十分静谧美丽。,秋の湖面には数枚の落ち葉が漂っていて、景色は非常に静かで美しい。
1361,飘扬,piāo yáng,wave; flutter; fly,はためく,国旗在风中飘扬。,国旗が風にたなびいています。,The national flag is fluttering in the wind.,国旗在风中飘扬，象征着国家的尊严和团结。,国旗が風になびき、国家の尊厳と団結を象徴している。
1362,撇,piē,to throw; to cast; left-slanting downward brush stroke (calligraphy);,投げる,他把球撇向远方。,彼はボールを遠くへ投げました。,He threw the ball far away.,他用笔撇去了多余的墨迹，使字迹显得更加工整。,彼は筆で余分な墨をはらい、文字がより整って見えるようにした。
1363,拼搏,pīn bó,to struggle; to wrestle,奮闘,他为梦想拼搏多年。,彼は夢のために何年も奮闘しました。,He has struggled for many years for his dream.,年轻人应该拼搏奋斗，不断追求自己的理想和目标。,若者は奮闘し続け、自分の理想と目標を絶えず追求すべきだ。
1364,拼命,pīn mìng,to do one's utmost; with all one's might; at all costs; (to work or fight) as if one's life depends on it,必死,他拼命完成了任务。,彼は必死に任務を完了しました。,He completed the task desperately.,为了完成项目，他拼命加班，几乎没有休息时间。,プロジェクトを完成させるために、彼は命がけで残業し、ほとんど休む時間がなかった。
1365,贫乏,pín fá,lack; incomplete,不足,知识储备十分贫乏。,知識の蓄えが非常に乏しいです。,The knowledge reserve is very poor.,这个地区的自然资源贫乏，制约了当地经济的发展。,この地域の自然資源は乏しく、地元経済の発展を制約している。
1366,贫困,pín kùn,impoverished; poverty,貧困,农村地区依然很贫困。,農村地域は依然として非常に貧困です。,Rural areas are still very poor.,政府出台了多项政策帮助贫困地区改善居民生活条件。,政府は貧困地域の住民の生活条件を改善するために複数の政策を打ち出した。
1367,频繁,pín fán,frequently; often,頻繁,交通事故频繁发生。,交通事故が頻繁に発生しています。,Traffic accidents occur frequently.,近年来，网络诈骗案件频繁发生，提醒大家提高警惕。,近年、ネット詐欺事件が頻繁に起きており、皆に警戒を強めるよう呼びかけている。
1368,频率,pín lv4,frequency,頻度,信号的频率很高。,信号の周波数は非常に高いです。,The signal frequency is very high.,无线电波的频率决定了信号的传输速度和范围。,無線電波の周波数が信号の伝送速度と範囲を決定する。
1369,品尝,pǐn cháng,to taste a small amount; to sample,味わう,她品尝了各种美食。,彼女はいろいろな美食を味わいました。,She tasted various delicacies.,品尝各地的美食是了解不同文化的一种有趣方式。,各地の美食を味わうことは異なる文化を理解する面白い方法の一つだ。
1370,品德,pǐn dé,moral character,品徳,品德教育至关重要。,品徳教育は非常に重要です。,Moral education is crucial.,良好的品德是一个人成长和成功的重要基础。,良い品徳は人の成長と成功の重要な基盤である。
1371,品质,pǐn zhì,quality,品質,产品品质影响销量。,製品の品質は販売量に影響します。,Product quality affects sales.,产品的品质直接影响消费者的购买意愿和品牌形象。,製品の品質は消費者の購買意欲とブランドイメージに直接影響する。
1372,品种,pǐn zhǒng,breed; variety; CL:个,品種,这种植物有多种品种。,この植物には多くの品種があります。,This plant has many varieties.,这家农场种植了多种农作物，品种丰富，产量稳定。,この農場は多種類の農作物を栽培しており、品種が豊富で生産量も安定している。
1373,屏幕,píng mù,"screen (TV, computer or movie);",画面,屏幕显示清晰画质。,画面は鮮明な画質を表示しています。,The screen displays clear image quality.,手机屏幕的分辨率越来越高，显示效果更加清晰细腻。,スマートフォンの画面解像度はどんどん高くなり、表示効果はより鮮明で繊細になっている。
1374,屏障,píng zhàng,protective screen,障壁,语言是文化的屏障。,言語は文化の壁となります。,Language is a barrier to culture.,心理屏障往往阻碍人们面对困难时的积极应对。,心理的な障壁はしばしば人が困難に直面したときの積極的な対応を妨げる。
1375,平凡,píng fán,commonplace; ordinary; mediocre,平凡,他过着平凡生活。,彼は平凡な生活を送っています。,He leads an ordinary life.,他虽然出身平凡，却凭借努力取得了非凡的成就。,彼は平凡な出身だが、努力によって非凡な成果を収めた。
1376,平面,píng miàn,plane (flat surface); print media,平面,设计图是二维平面。,設計図は二次元の平面です。,The design drawing is a two-dimensional plane.,设计师利用平面设计技巧，创造出视觉冲击力强的海报。,デザイナーは平面デザインの技術を利用して、視覚的に強いインパクトのあるポスターを作り出した。
1377,平坦,píng tǎn,level; even; smooth; flat,平坦,这条路非常平坦。,この道は非常に平坦です。,This road is very flat.,这条公路经过平坦的田野，适合高速行驶和运输。,この道路は平坦な田野を通っており、高速走行や輸送に適している。
1378,平行,píng xíng,parallel; of equal rank; simultaneous,平行,两条线平行延伸。,二本の線が平行に伸びています。,Two lines extend parallel.,这两条铁路平行铺设，极大地提升了运输效率。,この二本の鉄道は平行に敷設され、輸送効率を大幅に向上させた。
1379,平庸,píng yōng,mediocre; indifferent; commonplace,凡庸,他在工作中表现平庸。,彼は仕事で平凡な成績を示しました。,He showed mediocre performance at work.,他在工作中表现平庸，缺乏创新精神和主动性。,彼は仕事で平凡なパフォーマンスを示し、革新精神や自主性に欠けている。
1380,平原,píng yuán,field; plain; CL:个,平原,广阔的平原风景优美。,広大な平原の風景は美しいです。,The scenery of the vast plains is beautiful.,平原地区土壤肥沃，适合大规模农业生产和种植业发展。,平原地域は土壌が肥沃で、大規模な農業生産や園芸栽培に適している。
1381,评估,píng gū,to evaluate; to assess; assessment; evaluation,評価,专家正在评估项目。,専門家がプロジェクトを評価しています。,Experts are evaluating the project.,专家对项目的可行性进行了全面评估，提出了建设性的建议。,専門家はプロジェクトの実現可能性を全面的に評価し、建設的な提案をした。
1382,评论,píng lùn,to comment on; to discuss; comment; commentary; CL:篇[pian1],評論,他发表了书籍评论。,彼は書籍の評論を発表しました。,He published a book review.,这篇文章的评论反映了公众对政策变化的不同看法。,この記事のコメントは政策変更に対する世間の様々な見解を反映している。
1383,坡,pō,slope; CL:个,坂,爬坡时需要更多体力。,坂を登るときはより多くの体力が必要です。,More physical strength is needed when climbing a slope.,山坡上长满了野花，春天时景色特别美丽。,山の斜面には野花がびっしりと生えており、春には特に美しい景色となる。
1384,泼,pō,to splash; to spill; rough and coarse; brutish,撒く,他泼出了整杯水。,彼はコップ一杯の水をこぼしました。,He spilled a whole cup of water.,他一不小心把水泼到了衣服上，赶紧用毛巾擦干。,彼はうっかり水を服にこぼしてしまい、すぐにタオルで拭き取った。
1385,颇,pō,considerably; rather; inclined to one side,かなり,这次考试颇具挑战。,今回の試験はかなり挑戦的でした。,This exam was quite challenging.,这部电影颇受年轻观众的喜爱，票房表现优异。,この映画は若い観客にかなり好評で、興行成績も優れている。
1386,破例,pò lì,to make an exception,例外,他破例参加了会议。,彼は例外的に会議に参加しました。,He attended the meeting as an exception.,公司破例允许员工带宠物上班，以缓解大家的压力。,会社は例外的に従業員のペット同伴出勤を許可し、皆のストレスを緩和している。
1387,迫不及待,pò bù jí dài,impatient (idiom); in a hurry; itching to get on with it,待ちきれない,我迫不及待想见你。,私はあなたに会いたくてたまりません。,I can't wait to see you.,他迫不及待地想要展示自己的新作品，兴奋得睡不着觉。,彼は自分の新作を早く見せたくてたまらず、興奮して眠れなかった。
1388,迫害,pò hài,to persecute; persecution,迫害,历史上曾有严重迫害。,歴史上、深刻な迫害がありました。,There was severe persecution in history.,历史上许多无辜者遭受过政治迫害，令人深感痛惜。,歴史上、多くの無実の人々が政治的迫害を受け、非常に悲しいことである。
1389,魄力,pò lì,courage; daring; boldness; resolution; drive,決断力,他做事充满魄力。,彼は物事を行うときに力強さがあります。,He acts with great determination.,他在关键时刻展现出了极大的魄力，成功挽救了项目。,彼は重要な時に大きな決断力を示し、プロジェクトを見事に救った。
1390,扑,pū,to assault; to pounce; to rush at sth; to throw oneself on,扑,猫扑向了窗外的鸟。,猫は窓の外の鳥に飛びかかりました。,The cat pounced on the bird outside the window.,猫突然扑向玩具，动作敏捷而有力。,猫は突然おもちゃに飛びかかり、その動きは敏捷で力強かった。
1391,铺,pū,to spread; to extend; to pave; to lay,敷く,地毯铺在客厅中央。,カーペットがリビングの中央に敷かれています。,The carpet is laid in the center of the living room.,店主用彩色布铺满了摊位，吸引了许多顾客驻足观看。,店主はカラフルな布で屋台を覆い、多くの客を引きつけて立ち止まらせた。
1392,普及,pǔ jí,popular; to popularize; universal; ubiquitous; pervasive,普及,教育资源已经普及。,教育資源はすでに普及しています。,Educational resources have already been popularized.,随着教育资源的普及，农村孩子的学习条件得到了明显改善。,教育資源の普及に伴い、農村の子どもたちの学習環境が明らかに改善された。
1393,朴实,pǔ shí,plain; simple; guileless; down-to-earth; sincere and honest,素朴,他为人朴实真诚。,彼は人柄が素朴で誠実です。,He is simple and sincere as a person.,他的性格朴实真诚，深受同事和朋友的喜爱。,彼の性格は質朴で誠実であり、同僚や友人から深く愛されている。
1394,朴素,pǔ sù,plain and simple; unadorned; simple living; not frivolous,質素,她喜欢朴素的生活。,彼女は質素な生活が好きです。,She likes a simple life.,这位画家的作品风格朴素，体现了对自然的热爱。,この画家の作品のスタイルは素朴で、自然への愛情が表れている。
1395,瀑布,pù bù,waterfall,滝,瀑布声震耳欲聋。,滝の音は耳をつんざくようです。,The sound of the waterfall is deafening.,瀑布从悬崖上飞流直下，气势磅礴，令人震撼。,滝は崖から勢いよく流れ落ち、その壮大な様子は人々を圧倒する。
1396,凄凉,qī liáng,desolate,悲惨,冬天景色显得凄凉。,冬の景色は寂しげに見えます。,The winter scenery looks bleak.,冬天的荒村显得格外凄凉，只有风声在耳边呼啸。,冬の荒れた村は格別に寂しげで、耳元には風の音だけが鳴り響いている。
1397,期望,qī wàng,hope; expectation,期待,他对未来充满期望。,彼は未来に希望を抱いています。,He is full of hope for the future.,父母对孩子寄予厚望，希望他能够考取理想的大学。,両親は子どもに大きな期待を寄せ、理想の大学に合格することを望んでいる。
1398,期限,qī xiàn,time limit; deadline; allotted time,期限,项目已接近截止期限。,プロジェクトは締め切りに近づいています。,The project is approaching the deadline.,合同的付款期限是三十天，请务必按时完成付款。,契約の支払期限は30日であり、必ず期限内に支払いを完了してください。
1399,欺负,qī fu,to bully,いじめる,他从不欺负同学。,彼は決して同級生をいじめません。,He never bullies his classmates.,校园里禁止学生欺负同学，提倡互助友爱。,学校内で生徒が同級生をいじめることは禁止されており、助け合いと友情が奨励されている。
1400,欺骗,qī piàn,to deceive; to cheat,欺く,不要轻易欺骗别人。,他人を軽々しく騙さないでください。,Don't deceive others easily.,他用虚假的承诺欺骗了投资者，最终导致损失惨重。,彼は虚偽の約束で投資家を騙し、最終的に大きな損失を招いた。
1401,奇妙,qí miào,fantastic; wonderful,奇妙,他的想法非常奇妙。,彼の考えは非常に奇妙です。,His idea is very strange.,这部电影的情节非常奇妙，融合了现实与幻想，给观众带来了全新的体验。,この映画の筋書きは非常に奇妙で、現実と幻想を融合させて観客に新しい体験をもたらした。
1402,旗袍,qí páo,Chinese-style dress; cheongsam,旗袍,她穿着红色旗袍出席晚会。,彼女は赤いチャイナドレスを着てパーティーに出席しました。,She attended the party wearing a red qipao.,她穿着一袭红色的旗袍，在晚会上显得格外优雅和迷人。,彼女は赤い旗袍を身にまとい、パーティーでひときわ優雅で魅力的に見えた。
1403,旗帜,qí zhì,ensign; flag,旗帜,革命的旗帜高高飘扬。,革命の旗が高く翻っています。,The revolutionary flag is flying high.,在革命的进程中，红色旗帜象征着无产阶级的斗争精神和胜利。,革命の過程において、赤い旗帜はプロレタリアートの闘争精神と勝利の象徴である。
1404,歧视,qí shì,to discriminate against; discrimination,差別,社会应当杜绝歧视行为。,社会は差別行為を根絶すべきです。,Society should eliminate discriminatory behavior.,社会应该努力消除对少数民族的歧视，促进各族群的平等与和谐。,社会は少数民族に対する差別をなくし、各民族の平等と調和を促進するよう努めるべきである。
1405,齐全,qí quán,complete,完備,设备齐全保障生产安全。,設備が整っていて生産の安全を保障しています。,The equipment is complete to ensure production safety.,这家图书馆的藏书齐全，涵盖了各种学科和最新的研究成果。,この図書館の蔵書は充実しており、さまざまな学科と最新の研究成果を網羅している。
1406,齐心协力,qí xīn xié lì,to work with a common purpose (idiom); to make concerted efforts; to pull together; to work as one,協力,大家齐心协力完成任务。,みんなが心を一つにして協力し、任務を完了しました。,Everyone worked together with one heart to complete the task.,面对困难，大家齐心协力，最终克服了所有挑战，取得了成功。,困難に直面して、みんなが心を一つに力を合わせ、最終的にすべての挑戦を克服し成功を収めた。
1407,乞丐,qǐ gài,beggar,乞食,街上有许多乞丐求助。,通りには多くの物乞いが助けを求めています。,There are many beggars asking for help on the street.,街头的乞丐虽然生活艰难，但他们的眼神中依然充满了对未来的希望。,街頭の乞食は生活が厳しいが、その目には依然として未来への希望が満ちている。
1408,企图,qǐ tú,attempt; CL:种[zhong3],企図,他企图改变公司的政策。,彼は会社の方針を変えようと企てています。,He is attempting to change the company's policy.,他企图通过作弊来获得高分，但最终被老师发现并受到惩罚。,彼はカンニングで高得点を取ろうと企てたが、最終的に先生に見つかり罰を受けた。
1409,启程,qǐ chéng,to set out on a journey,出発,明天一早启程前往北京。,明日の早朝に北京へ出発します。,We will set off for Beijing early tomorrow morning.,清晨，我们整装待发，准备启程前往目的地开始新的旅程。,朝早く、私たちは準備を整え、目的地へ出発して新しい旅を始める準備をした。
1410,启蒙,qǐ méng,to instruct the young; to initiate; to awake sb from ignorance; to free sb from prejudice or superstition; primer; enlightened; the Enlightenment; Western learning from the late Qing dynasty;,啓蒙,这本书启蒙了我的思想。,この本は私の考えを啓蒙しました。,This book enlightened my thinking.,儿童时期的教育对于启蒙思想的形成起到了至关重要的作用。,子供の頃の教育は啓蒙思想の形成に極めて重要な役割を果たした。
1411,启事,qǐ shì,"announcement (written, on billboard, letter, newspaper or website); to post information; a notice",告示,公告栏贴出新的启事。,掲示板に新しいお知らせが貼り出されました。,A new notice was posted on the bulletin board.,公告栏上贴着一则启事，通知大家明天将停水维修。,掲示板にお知らせが貼られていて、明日水道が止まって修理が行われると通知している。
1412,启示,qǐ shì,enlightenment; revelation; apocalypse,啓示,经历给了我深刻的启示。,経験は私に深い啓示を与えました。,The experience gave me profound insights.,这次事故给我们带来了深刻的启示，提醒我们必须加强安全管理。,今回の事故は私たちに深刻な啓示をもたらし、安全管理を強化しなければならないことを思い起こさせた。
1413,岂有此理,qǐ yǒu cǐ lǐ,how can this be so? (idiom); preposterous; ridiculous; absurd,理不尽,他的行为岂有此理无法接受。,彼の行動はとんでもなく受け入れられません。,His behavior is outrageous and unacceptable.,他无理取闹，竟然当众指责领导，真是岂有此理！,彼は理不尽に騒ぎを起こし、なんと公然と上司を非難した。まったくもって言語道断だ！
1414,起草,qǐ cǎo,draft (a bill); draw up (plans),起草,律师正在起草合同文本。,弁護士が契約書の文面を起草しています。,The lawyer is drafting the contract text.,这份合同需要律师起草，确保所有条款符合法律规定。,この契約書は弁護士に草案を起草してもらい、すべての条項が法律に適合していることを保証する必要がある。
1415,起初,qǐ chū,originally; at first; at the outset,最初,起初大家都不理解他。,最初はみんな彼のことを理解していませんでした。,"At first, no one understood him.",起初他对这个项目并不感兴趣，但后来逐渐认识到其重要性。,最初彼はこのプロジェクトに興味がなかったが、後にその重要性を徐々に認識した。
1416,起伏,qǐ fú,to move up and down; to undulate; ups and downs,起伏,股票价格波动起伏较大。,株価の変動が大きいです。,The stock prices fluctuate greatly.,市场价格的起伏反映了供需关系的变化和经济环境的影响。,市場価格の上下変動は需要と供給の関係の変化や経済環境の影響を反映している。
1417,起哄,qǐ hòng,to heckle; rowdy jeering; to create a disturbance,起哄,观众开始起哄打断演讲。,観客が騒ぎ始めて演説を妨害しました。,The audience started to heckle and interrupted the speech.,在演唱会现场，部分观众起哄，影响了其他人的观看体验。,コンサート会場で、一部の観客が騒ぎを起こし、他の人の観覧体験に影響を与えた。
1418,起码,qǐ mǎ,at the minimum; at the very least,最低限度,这是完成任务的起码要求。,これは任務を完了するための最低限の要求です。,This is the minimum requirement to complete the task.,作为起码的尊重，我们应该认真听取别人的意见和建议。,最低限の尊重として、私たちは他人の意見や提案を真剣に聞くべきだ。
1419,起源,qǐ yuán,origin; to originate; to come from,起源,这项技术起源于古代中国。,この技術は古代中国に起源があります。,This technology originated in ancient China.,这项技术的起源可以追溯到二十世纪初的科学研究。,この技術の起源は20世紀初頭の科学研究に遡ることができる。
1420,器材,qì cái,equipment; material,器材,运动器材需要定期维护。,運動器具は定期的にメンテナンスが必要です。,Sports equipment needs regular maintenance.,实验室配备了先进的器材，能够支持各种复杂的科学实验。,実験室には先進的な機器が備えられており、さまざまな複雑な科学実験を支えることができる。
1421,器官,qì guān,organ (part of body tissue); apparatus,器官,心脏是人体重要的器官。,心臓は人体の重要な器官です。,The heart is an important organ of the human body.,人体的每个器官都有其独特的功能，缺一不可。,人体の各器官はそれぞれ独特の機能を持ち、どれも欠かせない。
1422,气概,qì gài,lofty quality; mettle; spirit,気概,他表现出非凡的英雄气概。,彼は非凡な英雄的気概を示しました。,He displayed extraordinary heroic spirit.,他在面对挫折时表现出坚强的气概，激励了身边的朋友。,彼は挫折に直面した際、強い気概を示し、周囲の友人を励ました。
1423,气功,qì gōng,"qigong, a system of deep breathing exercises",気功,每天练习气功有益健康。,毎日気功を練習することは健康に良いです。,Practicing qigong every day is beneficial to health.,气功不仅是一种锻炼身体的方法，还具有调节心理的作用。,気功は単なる身体の鍛錬法だけでなく、心理の調整にも効果がある。
1424,气魄,qì pò,spirit; boldness; positive outlook; imposing attitude,気魄,他的演讲充满了气魄。,彼の演説は気迫に満ちていました。,His speech was full of vigor.,这位领导人的气魄非凡，带领团队克服了重重困难。,この指導者の気魄は並外れており、チームを率いて多くの困難を克服した。
1425,气色,qì sè,complexion,顔色,她脸上的气色明显改善。,彼女の顔色は明らかに良くなりました。,The complexion on her face has obviously improved.,他最近气色很好，显然身体恢复得很不错。,彼は最近顔色が良く、明らかに体調がかなり回復している。
1426,气势,qì shì,momentum; manner; energy; look of great force or imposing manner; powerful,気勢,球队士气高涨气势如虹。,チームの士気は高く、勢いがあります。,The team's morale is high and momentum is strong.,在比赛中，运动员们展现出强大的气势，令观众热血沸腾。,試合で選手たちは強大な気勢を見せ、観客の血を沸き立たせた。
1427,气味,qì wèi,odor; scent,気味,空气中有淡淡的花香气味。,空気中にほのかな花の香りがします。,There is a faint floral fragrance in the air.,春天的花园里弥漫着各种花草的清新气味，让人心旷神怡。,春の庭園には様々な花草の爽やかな香りが漂い、心が晴れやかになる。
1428,气象,qì xiàng,meteorological feature; CL:个; meteorology; atmosphere or scene,気象,气象预报说明天有大雨。,気象予報は明日大雨が降ると伝えています。,The weather forecast indicates heavy rain tomorrow.,气象部门预测这周将有持续的降雨，提醒市民做好防范准备。,気象部門は今週は継続的な降雨があると予測し、市民に防災準備を呼びかけている。
1429,气压,qì yā,atmospheric pressure; barometric pressure,気圧,高气压带来晴朗的天气。,高気圧が晴れた天気をもたらします。,High pressure brings clear weather.,随着海拔的升高，气压逐渐降低，对人体产生一定影响。,標高が上がるにつれて気圧が徐々に低下し、人体に一定の影響を与える。
1430,气质,qì zhí,temperament; personality traits; manners,気質,她的气质优雅令人赞赏。,彼女の気質は優雅で称賛に値します。,Her temperament is elegant and admirable.,她的气质优雅大方，给人留下了深刻的印象。,彼女の気質は優雅で堂々としており、人に深い印象を残した。
1431,迄今为止,qì jīn wéi zhǐ,so far; up to now; still (not),現在まで,迄今为止成绩一直很好。,これまでのところ成績はずっと良いです。,"So far, the results have been very good.",迄今为止，这项技术已经取得了显著的进展和应用成果。,これまでのところ、この技術は顕著な進展と応用成果を上げている。
1432,掐,qiā,to pick (flowers); to pinch; to clutch; (slang) to fight,つまむ,她用手指掐住了花瓣。,彼女は指で花びらを摘みました。,She pinched the petals with her fingers.,他突然用手掐住了对方的手臂，试图阻止他离开。,彼は突然相手の腕をつまみ、離れようとするのを阻止しようとした。
1433,恰当,qià dàng,appropriate; suitable,適当,选择恰当的方法解决问题。,適切な方法を選んで問題を解決します。,Choose the appropriate method to solve the problem.,这种处理方法非常恰当，既解决了问题，又避免了冲突。,この処理方法は非常に適切で、問題を解決すると同時に衝突を避けた。
1434,恰到好处,qià dào hǎo chù,it's just perfect; it's just right,ちょうど良い,这句话恰到好处表达了意思。,この言葉は的確に意味を表現しています。,This sentence expresses the meaning perfectly.,她的演讲恰到好处，既生动又有说服力，赢得了观众的掌声。,彼女の演説は絶妙で、生き生きとして説得力があり、観客の拍手を勝ち取った。
1435,恰巧,qià qiǎo,fortunately; unexpectedly; by coincidence,ちょうど,他恰巧路过现场目击了事故。,彼はたまたま通りかかって事故を目撃しました。,He happened to pass by the scene and witnessed the accident.,我恰巧路过那里，见证了这场意外的发生过程。,私はたまたまそこを通りかかり、この事故の発生過程を目撃した。
1436,洽谈,qià tán,to discuss,交渉,双方代表正在洽谈合作细节。,双方の代表が協力の詳細を協議しています。,Representatives of both sides are negotiating the cooperation details.,双方代表在会议上进行了深入洽谈，达成了初步合作意向。,双方の代表は会議で深く交渉を行い、初歩的な協力の意向に達した。
1437,千方百计,qiān fāng bǎi jì,"lit. thousand ways, a hundred plans (idiom); by every possible means",あらゆる方法,我们千方百计争取项目成功。,私たちはあらゆる手段を尽くしてプロジェクトの成功を目指します。,We spare no effort to strive for the success of the project.,为了完成任务，他千方百计地寻找各种解决方案，最终成功了。,任務を達成するために、彼はあらゆる手段を尽くして様々な解決策を探し、最終的に成功した。
1438,牵,qiān,to pull (an animal on a tether); to lead along; to hold hands,引く,他牵着孩子过马路。,彼は子供の手を引いて道路を渡りました。,He held the child's hand and crossed the road.,她牵着孩子的手，慢慢地走在公园的小路上。,彼女は子供の手を引いて、公園の小道をゆっくり歩いた。
1439,牵扯,qiān chě,to involve; to implicate,牽連,这件事牵扯到多个部门。,この件は複数の部署が関わっています。,This matter involves multiple departments.,这件事情牵扯到多个部门，需要协调合作才能解决。,この件は複数の部門が関わっており、調整と協力がなければ解決できない。
1440,牵制,qiān zhì,to control; to curb; to restrict; to impede; to pin down (enemy troops),牽制,军队有效牵制了敌方行动。,軍隊は効果的に敵の行動を牽制しました。,The army effectively restrained the enemy's actions.,为了牵制对手的进攻，球队采取了更加积极的防守策略。,相手の攻撃を牽制するために、チームはより積極的な守備戦略を採用した。
1441,签署,qiān shǔ,to sign (an agreement),署名,双方代表正式签署协议。,双方の代表が正式に協定に署名しました。,Representatives of both sides officially signed the agreement.,双方代表在仪式上签署了合作协议，标志着新的合作阶段的开始。,双方の代表は式典で協力協定に署名し、新たな協力段階の始まりを示した。
1442,谦逊,qiān xùn,humble; humility; modesty,謙遜,他为人谦逊受人尊敬。,彼は謙虚な人柄で尊敬されています。,He is humble and respected.,他为人谦逊，从不夸耀自己的成就，赢得了大家的尊敬。,彼は謙虚で、自分の成果を決して誇示せず、皆の尊敬を勝ち取った。
1443,迁就,qiān jiù,to yield; to adapt to; to accommodate to (sth),譲歩,她不愿迁就别人的意见。,彼女は他人の意見に妥協したがりません。,She is unwilling to accommodate others' opinions.,为了避免冲突，他总是迁就别人的意见，很少坚持自己的看法。,衝突を避けるために、彼はいつも他人の意見に合わせて自分の考えをあまり主張しない。
1444,迁徙,qiān xǐ,to migrate; to move,移住,古代民族迁徙形成多元文化。,古代民族の移住が多文化を形成しました。,The migration of ancient peoples formed multiculturalism.,古代人类为了寻找更适合居住的环境不断迁徙和探索。,古代の人類はより適した居住環境を求めて絶えず移住と探検を続けた。
1445,前景,qián jǐng,foreground; vista; (future) prospects; perspective,将来,公司的前景非常广阔。,会社の将来性は非常に広がっています。,The company's prospects are very broad.,随着新政策的实施，公司的前景变得更加光明和充满希望。,新政策の実施に伴い、会社の将来展望はより明るく希望に満ちている。
1446,前提,qián tí,premise; precondition; prerequisite,前提,成功的前提是充分准备。,成功の前提は十分な準備です。,The prerequisite for success is thorough preparation.,项目的成功实施以科学的规划为前提，确保各环节紧密配合。,プロジェクトの成功した実施は科学的な計画を前提とし、各段階が密接に連携することを保証している。
1447,潜力,qián lì,potential; capacity,潜在力,年轻人有巨大的潜力等待开发。,若者には開発を待つ巨大な潜在力があります。,Young people have great potential waiting to be developed.,这位年轻人的潜力巨大，只要给予机会，未来一定不可限量。,この若者の潜在能力は非常に大きく、チャンスさえ与えられれば将来は計り知れない。
1448,潜水,qián shuǐ,to dive; to go under water; lurker (Internet slang for sb who reads forum posts but never replies),潜水,他喜欢潜水探索海底世界。,彼はダイビングが好きで海底の世界を探検します。,He likes diving to explore the underwater world.,他喜欢潜水运动，常常利用假期去海边探索海底世界。,彼はダイビングが好きで、休暇によく海辺に行って海底の世界を探検する。
1449,潜移默化,qián yí mò huà,imperceptible influence; to influence secretly,潜移默化,环境对人的影响潜移默化。,環境は人に潜移默化の影響を与えます。,The environment influences people subtly and imperceptibly.,良好的家庭环境对孩子的成长起到了潜移默化的积极影响。,良好な家庭環境は子供の成長に潜在的かつ無意識のうちに積極的な影響を与える。
1450,谴责,qiǎn zé,to denounce; to condemn; to criticize; condemnation; criticism,非難,社会谴责暴力行为不可接受。,社会は暴力行為を非難し、許容できません。,Society condemns violent behavior as unacceptable.,国际社会纷纷谴责这起侵犯人权的行为，呼吁立即停止暴力。,国際社会はこの人権侵害行為を非難し、直ちに暴力を停止するよう呼びかけている。
1451,抢劫,qiāng jié,to rob; looting,強盗,警方迅速破获抢劫案。,警察は迅速に強盗事件を解決した。,The police quickly solved the robbery case.,那名罪犯在银行抢劫时被警方及时逮捕，避免了更大的财产损失。,その犯罪者は銀行での強盗の際に警察に迅速に逮捕され、より大きな財産被害を防いだ。
1452,强制,qiáng zhì,to enforce; enforcement; forcibly; compulsory,強制,政府强制执行新法规。,政府は新しい規則を強制的に施行した。,The government enforced the new regulations compulsorily.,政府出台了强制环保措施，确保企业减少污染排放。,政府は企業の汚染排出削減を確保するために強制的な環境保護措置を導入した。
1453,强迫,qiǎng pò,to compel; to force,強迫,他被强迫签署协议。,彼は強制的に契約書に署名させられた。,He was forced to sign the agreement.,他被强迫签署了那份不公平的合同，感到非常无奈。,彼は不公平な契約書に強制的にサインさせられ、とても無力さを感じた。
1454,抢救,qiǎng jiù,rescue,救助,医护人员紧急抢救伤员。,医療スタッフは負傷者を緊急救助した。,Medical personnel urgently rescued the injured.,医生们全力抢救了那位车祸重伤的患者，最终成功挽回了生命。,医師たちは交通事故で重傷を負った患者の救命に全力を尽くし、最終的に命を救った。
1455,桥梁,qiáo liáng,bridge; fig. connection between two areas,橋梁,新桥梁连接两市中心。,新しい橋が二つの市の中心をつないでいる。,The new bridge connects the centers of the two cities.,这座桥梁不仅连接了两地，还促进了经济的快速发展。,この橋梁は二つの地域をつなぐだけでなく、経済の急速な発展も促進した。
1456,窍门,qiào mén,a trick; an ingenious method; know-how; the knack (of doing sth);,秘訣,成功有其独特窍门。,成功には独特のコツがある。,Success has its unique tricks.,掌握学习的窍门可以大大提高效率和效果。,学習のコツをつかむことで、効率と効果を大幅に向上させることができる。
1457,翘,qiào,to raise,持ち上げる,他翘起嘴角微笑。,彼は口角を上げて微笑んだ。,He curled his lips into a smile.,小猫用尾巴翘起，显得十分可爱和活泼。,子猫は尻尾をぴんと立て、とても可愛らしくて活発に見える。
1458,切实,qiè shí,feasible; earnestly; conscientiously; realistic; practical,確実に,切实解决群众问题。,住民の問題を確実に解決する。,Effectively solve the problems of the people.,我们应该切实落实环保政策，保护我们的生态环境。,私たちは環境保護政策を確実に実行し、私たちの生態環境を守らなければならない。
1459,锲而不舍,qiè ér bù shě,to chip away at a task and not abandon it (idiom); to chisel away at sth; to persevere; unflagging efforts,粘り強く,他锲而不舍地学习。,彼は粘り強く勉強している。,He studies persistently.,他以锲而不舍的精神克服了学习中的重重困难，最终取得了优异成绩。,彼は粘り強い精神で学習中の様々な困難を克服し、最終的に優れた成績を収めた。
1460,亲密,qīn mì,intimate; close;,親密,他们关系非常亲密。,彼らの関係は非常に親密だ。,They have a very close relationship.,他们之间的关系非常亲密，经常互相倾诉心事。,彼らの関係は非常に親密で、よくお互いに心の内を打ち明け合っている。
1461,亲热,qīn rè,affectionate; intimate; warm-hearted,親しみ,朋友间非常亲热。,友人同士はとても親しい。,Friends are very affectionate with each other.,夫妻俩在节日里表现得非常亲热，令人羡慕。,夫婦は祝日にとても親しげに振る舞い、周囲の羨望を集めていた。
1462,侵犯,qīn fàn,to infringe on; to encroach on; to violate,侵害,不得侵犯他人权益。,他人の権利を侵害してはならない。,One must not infringe on others' rights.,任何侵犯他人隐私的行为都是不可接受的，应当受到法律制裁。,他人のプライバシーを侵害する行為は決して許されず、法律による制裁を受けるべきだ。
1463,侵略,qīn lvè,invasion; encroachment,侵略,历史上多次遭受侵略。,歴史上、何度も侵略を受けてきた。,It has suffered invasions many times in history.,历史上多次的侵略战争给国家带来了深重的灾难。,歴史上の度重なる侵略戦争は国家に深刻な災難をもたらした。
1464,钦佩,qīn pèi,to admire; to look up to; to respect sb greatly,敬佩,我钦佩他的才华。,私は彼の才能を敬服している。,I admire his talent.,我非常钦佩他的坚持和勇气，堪称榜样。,私は彼の粘り強さと勇気を非常に尊敬しており、まさに模範と言える。
1465,勤俭,qín jiǎn,hardworking and frugal,勤倹,勤俭持家是美德。,勤勉で倹約することは美徳である。,Diligence and frugality are virtues.,勤俭节约是中华民族的传统美德，值得我们继承和发扬。,勤勉で倹約することは中国民族の伝統的な美徳であり、私たちが受け継ぎ発揚すべきものである。
1466,勤劳,qín láo,hardworking; industrious; diligent,勤勉,他勤劳工作无怨。,彼は文句を言わずに勤勉に働いている。,He works hard without complaint.,他以勤劳著称，工作从不懈怠，因此深受领导器重。,彼は勤勉で知られ、仕事を決して怠らず、リーダーから厚く信頼されている。
1467,倾听,qīng tīng,to listen attentively,傾聴,领导倾听员工意见。,リーダーは従業員の意見に耳を傾ける。,The leader listens to employees' opinions.,领导应当倾听员工的意见，才能做出更加科学合理的决策。,リーダーは従業員の意見に耳を傾けてこそ、より科学的かつ合理的な決定を下せる。
1468,倾向,qīng xiàng,trend; tendency; orientation,傾向,年轻人倾向于创新。,若者は革新を好む傾向がある。,Young people tend to be innovative.,年轻人倾向于接受新事物，具有较强的创新意识。,若者は新しいものを受け入れる傾向があり、強い革新意識を持っている。
1469,倾斜,qīng xié,to incline; to lean; to slant; to slope; to tilt,傾く,建筑物明显倾斜。,建物が明らかに傾いている。,The building is obviously tilted.,这栋建筑因为地基不稳，导致墙体轻微倾斜，需要及时修缮。,この建物は地盤が不安定なため、壁がわずかに傾いており、早急な修繕が必要だ。
1470,清澈,qīng chè,clear; limpid,澄んだ,湖水清澈见底。,湖の水は澄んでいて底まで見える。,The lake water is clear and you can see the bottom.,山泉水清澈见底，吸引了众多游客前来观赏。,山の泉の水は澄み切って底まで見え、多くの観光客を惹きつけている。
1471,清晨,qīng chén,early morning,早朝,清晨空气格外清新。,早朝の空気は特に新鮮だ。,The early morning air is especially fresh.,清晨的空气格外清新，让人精神焕发。,早朝の空気は特に新鮮で、人を元気づける。
1472,清除,qīng chú,eliminate; get rid of,除去,清除环境污染源。,環境汚染の原因を取り除く。,Eliminate sources of environmental pollution.,政府积极采取措施清除城市中的非法广告和垃圾。,政府は積極的に措置を講じて都市内の違法広告やごみを一掃している。
1473,清洁,qīng jié,clean; purity,清潔,保持室内环境清洁。,室内環境を清潔に保つ。,Keep the indoor environment clean.,保持环境清洁是每个公民应尽的责任和义务。,環境を清潔に保つことは、すべての市民が果たすべき責任と義務である。
1474,清理,qīng lǐ,clear; to put in order; to check up,整理,清理办公室桌面。,オフィスの机の上を片付ける。,Clean up the office desk.,志愿者们自发清理了社区的公共区域，环境焕然一新。,ボランティアたちは自発的に地域の公共エリアを清掃し、環境は一新された。
1475,清晰,qīng xī,clear; distinct,鮮明,图像非常清晰。,画像は非常に鮮明だ。,The image is very clear.,他讲解得非常清晰，使大家都能理解复杂的理论知识。,彼の説明は非常に明瞭で、皆が複雑な理論知識を理解できた。
1476,清醒,qīng xǐng,clear-headed; sober; awake,意識清醒,事故后他很快清醒。,事故の後、彼はすぐに正気に戻った。,He quickly regained consciousness after the accident.,经历了短暂的休息后，他迅速清醒过来，继续投入工作。,短い休憩を経て、彼はすぐに正気を取り戻し、仕事に戻った。
1477,清真,qīng zhēn,Islamic; Muslim; halal (of food); clean; pure,イスラム教,清真食品受欢迎。,ハラール食品は人気がある。,Halal food is popular.,这家餐厅专门提供清真食品，满足穆斯林的饮食需求。,このレストランはハラール食品を専門に提供し、ムスリムの食事ニーズに応えている。
1478,情报,qíng bào,(spy) intelligence; information-gathering,情報,情报部门秘密工作。,情報部門は秘密裏に活動している。,The intelligence department works secretly.,情报部门成功获取了重要的敌方军事动态，提前做出应对。,情報部門は重要な敵の軍事動態を入手し、事前に対応した。
1479,情节,qíng jié,plot; circumstances,情節,小说情节扣人心弦。,小説の筋は人の心を引きつける。,The novel's plot is gripping.,这部电影的情节跌宕起伏，扣人心弦，深受观众喜爱。,この映画のストーリーは起伏に富み、心を揺さぶり、観客に非常に好まれている。
1480,情理,qíng lǐ,reason; sense,道理,他说话很有情理。,彼の話し方は理にかなっている。,He speaks very reasonably.,在处理问题时，必须考虑情理，做到既合理又合情。,問題を処理する際には情理を考慮し、合理的かつ情にかなった対応をしなければならない。
1481,情形,qíng xíng,circumstances; situation; CL:个,状況,目前情形复杂多变。,現在の状況は複雑で変化が激しい。,The current situation is complex and ever-changing.,面对复杂的情形，他冷静分析，找到了最佳解决方案。,複雑な状況に直面し、彼は冷静に分析して最適な解決策を見つけた。
1482,晴朗,qíng lǎng,sunny and cloudless,晴れ,今天天气晴朗无云。,今日は晴れて雲一つない天気だ。,The weather is clear and cloudless today.,今天的天气晴朗，适合户外运动和郊游。,今日は晴れ渡っていて、屋外運動やピクニックに適している。
1483,请柬,qǐng jiǎn,invitation card; written invitation,招待状,请柬已经寄出。,招待状はすでに送られた。,The invitation has already been sent.,他亲自设计了请柬，邀请亲朋好友参加婚礼。,彼は自ら招待状をデザインし、親しい友人や家族を結婚式に招待した。
1484,请教,qǐng jiào,consult,教えを請う,他向老师请教问题。,彼は先生に質問を教えてもらった。,He asked the teacher for help with questions.,遇到不懂的问题，应该及时请教老师，避免错误积累。,わからない問題に直面したら、すぐに先生に尋ねて誤りの蓄積を避けるべきだ。
1485,请示,qǐng shì,ask for instructions,報告を求める,请示上级审批方案。,上司に計画の承認を請示する。,Request approval of the plan from superiors.,项目进展遇到困难，经理向上级请示下一步工作方案。,プロジェクトが困難に直面したため、マネージャーは上司に次の作業計画を伺った。
1486,请帖,qǐng tiě,invitation card; written invitation,招待状,收到婚礼请帖。,結婚式の招待状を受け取った。,Received a wedding invitation.,收到请帖后，他马上回复确认是否出席宴会。,招待状を受け取ると、すぐに出席の可否を返信した。
1487,丘陵,qiū líng,hills,丘陵,丘陵地带风景优美。,丘陵地帯の風景は美しい。,The scenery in the hilly area is beautiful.,丘陵地带的农业发展受地形限制，需要采取特殊的耕作方法。,丘陵地帯の農業発展は地形に制約されており、特殊な耕作方法を採用する必要がある。
1488,区分,qū fēn,to differentiate; to find differing aspects,区別,要学会区分真假。,真偽を見分けることを学ばなければならない。,You must learn to distinguish between true and false.,我们应该学会区分事实和观点，避免被误导。,私たちは事実と意見を区別することを学び、誤った誘導を避けるべきだ。
1489,区域,qū yù,area; region; district,区域,开发新区城市区域。,新しい都市区域を開発する。,Develop new urban areas.,该区域经济发展迅速，吸引了大量外来投资。,この地域は経済発展が急速で、多くの外部投資を引きつけている。
1490,屈服,qū fú,to surrender; to yield,屈服,敌军最终屈服投降。,敵軍は最終的に屈服して降伏した。,The enemy army ultimately surrendered.,面对强大的压力，他没有屈服，始终坚持自己的信念。,強大なプレッシャーに直面しても彼は屈せず、信念を貫き通した。
1491,曲折,qū zhé,complicated; winding,曲折,人生经历曲折复杂。,人生経験は曲折に富んでいる。,Life experiences are full of twists and turns.,这条道路曲折复杂，司机需要格外小心驾驶。,この道路は曲がりくねって複雑で、運転手は特に注意して運転する必要がある。
1492,驱逐,qū zhú,to expel; to deport; banishment,追放,非法移民被驱逐出境。,不法移民は国外追放された。,Illegal immigrants were deported.,政府决定驱逐非法入境者，维护国家安全和社会秩序。,政府は違法入国者を追放し、国家の安全と社会秩序を維持することを決定した。
1493,渠道,qú dào,irrigation ditch; medium or channel of communication,経路,销售渠道多样化。,販売チャネルは多様化している。,Sales channels are diversified.,通过多种渠道获取信息，有助于全面了解市场动态。,多様なルートを通じて情報を入手することは、市場の動向を全面的に把握するのに役立つ。
1494,取缔,qǔ dì,"to ban; to prohibit (publications, customs etc); to outlaw; to suppress (violators)",取り締まり,政府取缔非法集资。,政府は違法な資金集めを取り締まった。,The government cracked down on illegal fundraising.,政府取缔了多家非法经营的企业，净化了市场环境。,政府は多くの違法営業企業を取り締まり、市場環境を浄化した。
1495,曲子,qǔ zi,poem for singing; tune; music; CL:支[zhi1],曲,他弹奏优美曲子。,彼は美しい曲を演奏した。,He played a beautiful tune.,这首曲子旋律优美，深受广大音乐爱好者喜爱。,この曲は旋律が美しく、多くの音楽愛好家に愛されている。
1496,趣味,qù wèi,fun; interest; delight; taste; liking; preference,趣味,读书是他的趣味。,読書は彼の趣味だ。,Reading is his hobby.,阅读不同类型的书籍可以拓宽趣味，丰富生活。,様々な種類の本を読むことで趣味を広げ、生活を豊かにできる。
1497,圈套,quān tào,trap; snare; trick,罠,小心敌人的圈套。,敵の罠に注意しなさい。,Be careful of the enemy's trap.,他巧妙地设计了圈套，成功诱使对手上钩。,彼は巧みに罠を仕掛け、見事に相手を引っ掛けた。
1498,全局,quán jú,overall situation,全体,制定全局发展战略。,全体の発展戦略を策定する。,Formulate a comprehensive development strategy.,领导者应具备全局观念，统筹兼顾各方面利益。,リーダーは全体観念を持ち、各方面の利益を統合的に考慮すべきだ。
1499,全力以赴,quán lì yǐ fù,do at all costs; make an all-out effort,全力投球,比赛中全力以赴。,試合では全力を尽くす。,Give your all in the competition.,面对挑战，他总是全力以赴，毫不懈怠地追求目标。,挑戦に直面すると、彼はいつも全力を尽くし、決して怠らず目標を追求する。
1500,拳头,quán tou,fist; clenched fist; competitive (product); superior quality; CL: 个,拳,他的拳头很有力。,彼の拳はとても力強い。,His fist is very powerful.,他握紧拳头，准备迎接即将到来的比赛挑战。,彼は拳を握りしめ、これから始まる試合の挑戦に備えた。
1501,权衡,quán héng,to weigh; to consider; to assess; to balance; to trade-off,衡量,权衡利弊，作出决定。,利害を天秤にかけて、決定を下す。,Weigh the pros and cons and make a decision.,在做出最终决定之前，我们必须权衡各种利弊，确保选择最优方案。,最終決定を下す前に、私たちは様々な利害を慎重に比較し、最良の案を選択しなければならない。
1502,权威,quán wēi,authority; authoritative; power and prestige,権威,专家的权威不容质疑。,専門家の権威は疑問視される余地がない。,The authority of experts is beyond question.,他在学术界具有很高的权威，许多年轻学者都尊敬他的观点。,彼は学術界で非常に高い権威を持っており、多くの若い学者が彼の意見を尊敬している。
1503,犬,quǎn,dog,犬,忠诚的犬守护主人。,忠実な犬が主人を守る。,A loyal dog guards its owner.,这只犬经过严格训练，已经能够完成复杂的救援任务。,この犬は厳しい訓練を経て、複雑な救助任務を遂行できるようになった。
1504,缺口,quē kǒu,nick; jag; gap; shortfall,欠損,市场上出现缺口需求。,市場に需要の隙間が現れた。,A gap in demand has appeared in the market.,市场上的人才缺口越来越大，企业急需引进高素质的专业人才。,市場における人材の不足がますます深刻になり、企業は質の高い専門人材の導入を急いでいる。
1505,缺席,quē xí,absence; absent,欠席,他因病缺席会议。,彼は病気のため会議を欠席した。,He was absent from the meeting due to illness.,由于身体不适，他连续多次缺席了重要的会议和培训。,体調不良のため、彼は重要な会議と研修を連続して欠席した。
1506,缺陷,quē xiàn,a defect; a flaw,欠陥,产品存在设计缺陷。,製品には設計上の欠陥がある。,The product has design defects.,这款新产品在设计上存在一些缺陷，需要及时改进以满足用户需求。,この新製品は設計にいくつかの欠陥があり、ユーザーの要求を満たすために早急な改良が必要だ。
1507,瘸,qué,lame,跛行,老人因伤瘸着走路。,老人はけがのため足を引きずって歩いている。,The old man is limping because of an injury.,他小时候因为一次事故导致腿部瘸了，但依然积极面对生活挑战。,彼は子供の頃の事故で足を引きずるようになったが、それでも積極的に生活の挑戦に立ち向かっている。
1508,确保,què bǎo,to ensure; to guarantee,確保,确保数据安全无误。,データの安全性と正確性を確保する。,Ensure data security and accuracy.,公司采取多项措施，确保产品质量达到国际标准。,会社は複数の対策を講じて、製品の品質が国際基準に達することを保証している。
1509,确立,què lì,to establish; to institute,確立,确立新的管理制度。,新しい管理制度を確立する。,Establish a new management system.,经过反复讨论，团队终于确立了项目的核心目标和实施方案。,何度も議論を重ねた末、チームはついにプロジェクトの核心目標と実施計画を確立した。
1510,确切,què qiè,definite; exact; precise,確実,提供确切的信息。,正確な情報を提供する。,Provide accurate information.,请提供确切的数据，以便我们做出科学合理的分析和判断。,科学的かつ合理的な分析と判断を行うために、正確なデータを提供してください。
1511,确信,què xìn,to be convinced; to be sure; to firmly believe; to be positive that; definite news,確信,他确信自己的判断。,彼は自分の判断を確信している。,He is confident in his own judgment.,他确信自己的选择是正确的，因此毫不犹豫地坚持了下来。,彼は自分の選択が正しいと確信していたので、ためらうことなくそれを貫いた。
1512,群众,qún zhòng,mass; multitude; the masses,群衆,群众积极参与活动。,大衆は積極的に活動に参加している。,The masses actively participate in the activities.,群众的支持是改革顺利推进的重要保障，必须高度重视民意反馈。,群衆の支持は改革を順調に推進するための重要な保障であり、民意のフィードバックを重視しなければならない。
1513,染,rǎn,to dye; to catch (a disease); to acquire (bad habits etc); to contaminate; to add colour washes to a painting,染める,染发成为时尚趋势。,ヘアカラーリングがファッショントレンドになっている。,Hair dyeing has become a fashion trend.,环境污染严重，许多河流被有害物质染黑，生态系统面临威胁。,環境汚染が深刻で、多くの河川が有害物質で黒ずみ、生態系が脅かされている。
1514,嚷,rǎng,blurt out; to shout,叫ぶ,孩子在街上嚷嚷。,子供が街で騒いでいる。,The child is shouting in the street.,他在会议上嚷嚷着表达自己的不满，场面一度非常混乱。,彼は会議で不満を叫びながら表現し、現場は一時非常に混乱した。
1515,让步,ràng bù,to concede; to give in; to yield; a concession,譲歩,双方最终做出让步。,双方は最終的に譲歩した。,Both sides finally made concessions.,为了达成共识，双方都做出了让步，会议最终取得了积极成果。,合意を得るために、双方とも譲歩し、会議は最終的に積極的な成果を収めた。
1516,饶恕,ráo shù,forgiveness; spare,寛恕,他请求饶恕过错。,彼は過ちの許しを請うた。,He asked for forgiveness for his mistakes.,他诚恳地请求对方饶恕自己的过失，希望能够重新开始合作。,彼は誠心誠意相手に自分の過失を許してほしいと願い、再び協力を始めたいと思っている。
1517,扰乱,rǎo luàn,to disturb; to perturb; to harass,混乱,噪音扰乱了秩序。,騒音が秩序を乱した。,The noise disturbed the order.,这场突发事件严重扰乱了城市的正常秩序，引起了广泛关注。,この突発事件は都市の通常秩序を深刻に乱し、広範な注目を集めた。
1518,惹祸,rě huò,stirring up trouble; to invite disaster,災いを招く,他的行为惹祸上身。,彼の行動が災いを招いた。,His behavior brought trouble upon himself.,他的一时冲动惹祸上身，导致公司蒙受了巨大的经济损失。,彼の一時の衝動が災いを招き、会社に多大な経済的損失をもたらした。
1519,热泪盈眶,rè lèi yíng kuàng,eyes brimming with tears of excitement (idiom); extremely moved,涙があふれる,感动得热泪盈眶。,感動して涙があふれた。,Moved to tears.,看到久别重逢的亲人，她忍不住热泪盈眶，感动得说不出话来。,久しぶりに再会した親族を見て、彼女は思わず涙が溢れ、感動で言葉が出なかった。
1520,热门,rè mén,popular; hot; in vogue,人気,这本书非常热门。,この本は非常に人気がある。,This book is very popular.,这部电影凭借独特的剧情和精湛的演技，成为今年的热门作品。,この映画は独特なストーリーと卓越した演技で、今年の人気作品となった。
1521,人道,rén dào,"human sympathy; humanitarianism; humane; the 'human way', one of the stages in the cycle of reincarnation (Buddhism); sexual intercourse",人道,应当尊重人道原则。,人道の原則を尊重すべきだ。,Humanitarian principles should be respected.,在灾难面前，国际社会应共同遵守人道主义原则，提供必要援助。,災害の前に、国際社会は共に人道主義の原則を守り、必要な援助を提供すべきだ。
1522,人格,rén gé,personality; integrity; dignity,人格,他的人格魅力非凡。,彼の人格的魅力は並外れている。,His personal charisma is extraordinary.,他的高尚人格和无私精神赢得了同事们的广泛尊敬。,彼の高潔な人格と無私の精神は同僚たちの広い尊敬を勝ち取った。
1523,人工,rén gōng,artificial; manpower; manual work,人工,人工智能发展迅速。,人工知能は急速に発展している。,Artificial intelligence is developing rapidly.,为了节约成本，公司决定采用人工智能技术替代部分人工操作。,コストを節約するために、会社は人工知能技術を採用して一部の手作業を代替することに決めた。
1524,人家,rén jia,"other; other people; him(her, them); I",家,人家都很友好。,みんなとても親切だ。,Everyone is very friendly.,人家虽然不富裕，但他们的生活充满了温馨与幸福。,あの家は裕福ではないが、生活は温かさと幸福に満ちている。
1525,人间,rén jiān,man's world; the world,人間,人间充满了温情。,人の世は温かさに満ちている。,The human world is full of warmth.,在人间经历了种种磨难后，他终于找到了属于自己的幸福。,この世で様々な苦難を経験した後、彼はついに自分の幸せを見つけた。
1526,人士,rén shì,person; figure; public figure,人物,各界人士齐聚一堂。,各界の人々が一堂に会した。,People from all walks of life gathered together.,社会各界人士积极参与了此次环保公益活动，表现出高度责任感。,社会の各界の人々が積極的にこの環境保護の公益活動に参加し、高い責任感を示した。
1527,人为,rén wéi,artificial; man-made; having human cause or origin; human attempt or effort,人為的,这是人为造成的错误。,これは人為的に引き起こされたミスだ。,This is a mistake caused by human error.,很多问题都是人为因素导致的，我们需要采取有效措施加以防范。,多くの問題は人為的な要因によって引き起こされており、私たちは効果的な対策を講じて防止する必要がある。
1528,人性,rén xìng,human nature; humanity; human; the totality of human attributes,人間性,人性复杂而多变。,人間性は複雑で多様だ。,Human nature is complex and variable.,人性中的善良和同情心是促进社会和谐的重要基石。,人間性の中の善良さと同情心は、社会の調和を促進する重要な基盤である。
1529,人质,rén zhì,hostage,人質,人质安全已获保证。,人質の安全はすでに保証された。,The safety of the hostages has been guaranteed.,警方成功解救了被劫持的人质，避免了一场严重的危机。,警察は人質を無事に救出し、深刻な危機を回避した。
1530,仁慈,rén cí,benevolent; charitable; kind; kindly; kindness; merciful,仁慈,他以仁慈待人。,彼は慈悲深く人に接する。,He treats people with kindness.,他的仁慈和宽容使得团队成员之间的关系更加融洽。,彼の慈悲深さと寛容さがチームメンバー間の関係をより円滑にした。
1531,忍耐,rěn nài,to show restraint; to repress (anger etc); to exercise patience,忍耐,忍耐是成功的关键。,忍耐は成功の鍵だ。,Patience is the key to success.,面对重重困难，她展现出了极强的忍耐力和坚定的信念。,多くの困難に直面して、彼女は非常に強い忍耐力と揺るぎない信念を示した。
1532,忍受,rěn shòu,to bear; to endure,耐える,她忍受了巨大痛苦。,彼女は大きな苦痛に耐えた。,She endured great pain.,他无法忍受长期的压力，最终选择了辞职离开公司。,彼は長期にわたるプレッシャーに耐えられず、最終的に辞職して会社を去ることを選んだ。
1533,任命,rèn mìng,to appoint and nominate,任命,他被任命为经理。,彼はマネージャーに任命された。,He was appointed as manager.,公司正式任命她为新任总经理，负责全面管理和运营工作。,会社は正式に彼女を新任の総経理に任命し、全面的な管理と運営を担当させた。
1534,任性,rèn xìng,willful; headstrong; uninhibited,わがまま,孩子任性难以管教。,子供はわがままで手に負えない。,The child is willful and hard to discipline.,他的任性行为给团队带来了不少麻烦，需要及时加以纠正。,彼のわがままな行動はチームに多くのトラブルをもたらし、早急に訂正する必要がある。
1535,任意,rèn yì,arbitrary; at will; at random,勝手に,不能任意更改计划。,計画を勝手に変更してはいけない。,You must not arbitrarily change the plan.,未经许可，他擅自任意更改了项目计划，导致进度严重延误。,許可なく彼は独断でプロジェクト計画を変更し、進捗が大幅に遅れた。
1536,任重道远,rèn zhòng dào yuǎn,"a heavy load and a long road; fig. to bear heavy responsibilities through a long struggle (cf Confucian Analects, 8.7)",使命重大,任重道远需坚持。,重い任務を背負い、道は遠いので努力が必要だ。,"With heavy responsibilities and a long road ahead, perseverance is needed.",作为科研人员，我们肩负着任重道远的使命，必须不断努力创新。,研究者として、私たちは重い責任があり遠い道の使命を背負い、絶えず努力して革新しなければならない。
1537,认定,rèn dìng,to maintain (that sth is true); to determine (a fact); determination (of an amount); of the firm opinion; to believe firmly; to set one's mind on; to identify with,確信する,我认定他无罪。,私は彼が無罪だと確信している。,I am convinced that he is innocent.,经过调查，他认定这起事故是由于设备故障引起的。,調査の結果、彼はこの事故が設備の故障によって引き起こされたと断定した。
1538,认可,rèn kě,to approve; approval; acknowledgment; OK,承認,社会对他的认可。,社会からの彼への認知。,Society's recognition of him.,社会普遍认可他的贡献，授予他多项荣誉称号。,社会は彼の貢献を広く認め、彼に多くの栄誉称号を授与した。
1539,仍旧,réng jiù,still (remaining); to remain (the same); yet,依然,他仍旧坚持理想。,彼は依然として理想を貫いている。,He still坚持s his ideals.,尽管经历了挫折，他仍旧保持乐观积极的心态面对未来。,挫折を経験したにもかかわらず、彼は依然として楽観的で積極的な心態を持って未来に臨んでいる。
1540,日新月异,rì xīn yuè yì,"daily renewal, monthly change (idiom); every day sees new developments; rapid progress",日進月歩,科技日新月异发展。,科学技術は日々進歩している。,Technology develops rapidly day by day.,科技的发展日新月异，给我们的生活带来了翻天覆地的变化。,科学技術の発展は日進月歩で、私たちの生活に大きな変革をもたらしている。
1541,日益,rì yì,day by day; more and more; increasingly; more and more with each passing day,日増しに,环境日益恶化严重。,環境はますます深刻に悪化している。,The environment is deteriorating increasingly seriously.,随着经济的不断发展，人们的生活水平也在日益提高。,経済の絶え間ない発展に伴い、人々の生活水準も日々向上している。
1542,容貌,róng mào,one's appearance; one's aspect; looks; features,容貌,她容貌端庄秀丽。,彼女は端正で美しい容貌をしている。,She has a dignified and beautiful appearance.,她的容貌清秀端庄，给人留下了深刻的第一印象。,彼女の容貌は清楚で端正であり、強い第一印象を残した。
1543,容纳,róng nà,to hold; to contain; to accommodate; to tolerate (different opinions),収容,学校可容纳千人。,学校は千人を収容できる。,The school can accommodate a thousand people.,这个会议室能够容纳五十人，适合举办中型规模的活动。,この会議室は50人を収容でき、中規模のイベントの開催に適している。
1544,容器,róng qì,receptacle; vessel,容器,请使用密封容器。,密封容器を使用してください。,Please use a sealed container.,科学家们设计了一种新型容器，可以有效保存易挥发的化学品。,科学者たちは新型の容器を設計し、揮発性の化学物質を効果的に保存できるようにした。
1545,容忍,róng rěn,to put up with; to tolerate,我慢する,他能容忍批评。,彼は批判を容認できる。,He can tolerate criticism.,在激烈的竞争环境中，领导者必须学会容忍不同的意见和声音。,激しい競争環境の中で、リーダーは異なる意見や声を容認することを学ばなければならない。
1546,溶解,róng jiě,dissolve; solution,溶解,盐迅速溶解于水。,塩は水に素早く溶ける。,Salt dissolves quickly in water.,盐在水中能够迅速溶解，形成均匀的盐水溶液。,塩は水中で素早く溶解し、均一な塩水溶液を形成する。
1547,荣幸,róng xìng,honored,光栄,能与您共事荣幸。,あなたと共に働けることを光栄に思います。,It is an honor to work with you.,能够参加此次国际会议，我感到非常荣幸和自豪。,今回の国際会議に参加できて非常に光栄で誇りに思う。
1548,荣誉,róng yù,honor; credit; glory; (honorable) reputation,名誉,赢得了巨大的荣誉。,大きな栄誉を勝ち取った。,Won great honor.,他因在科研领域的突出贡献，获得了多项国家级荣誉称号。,彼は研究分野での卓越した貢献により、複数の国家級の栄誉称号を受けた。
1549,融化,róng huà,to melt; to thaw; to dissolve; to blend into; to combine; to fuse,融解,冰雪在阳光下融化。,氷雪は日光の下で溶ける。,Ice and snow melt under the sunlight.,随着气温升高，冰川开始融化，对生态环境造成威胁。,気温の上昇に伴い、氷河が融け始め、生態環境に脅威をもたらしている。
1550,融洽,róng qià,harmonious; friendly relations; on good terms with one another,融和,双方关系日益融洽。,双方の関係はますます円満になっている。,The relationship between both sides is becoming increasingly harmonious.,经过多次合作，双方关系日益融洽，建立了深厚的信任基础。,何度も協力を重ね、双方の関係は日増しに円滑になり、深い信頼の基盤を築いた。
1551,揉,róu,to knead; to massage; to rub,揉む,他轻轻揉着太阳穴。,彼はそっとこめかみを揉んでいる。,He gently rubbed his temples.,在按摩的过程中，按摩师会轻轻揉捏客户的肌肉，缓解疲劳和紧张。,マッサージの過程で、マッサージ師はお客様の筋肉を優しく揉みほぐし、疲労と緊張を和らげる。
1552,柔和,róu hé,gentle; soft,柔らかい,她的声音柔和动听。,彼女の声は柔らかくて聞き心地が良い。,Her voice is soft and pleasant.,她的声音柔和动听，总能让人感到心情平静和舒适。,彼女の声は柔らかくて聞き心地がよく、いつも人を心穏やかで快適な気持ちにさせる。
1553,儒家,rú jiā,"Confucianism; Confucian school, founded by Confucius 孔子[Kong3 zi3] (551-479 BC) and Mencius 孟子[Meng4 zi3] (c. 372-c. 289 BC);",儒教,儒家思想影响深远。,儒教思想は深い影響を与えている。,Confucianism has a profound influence.,儒家思想强调仁义礼智信，对中国文化产生了深远影响。,儒家思想は仁義礼智信を強調し、中国文化に深遠な影響を与えた。
1554,弱点,ruò diǎn,weak point; failing,弱点,他的弱点是缺乏耐心。,彼の弱点は忍耐力がないことだ。,His weakness is a lack of patience.,每个人都有自己的弱点，重要的是如何克服和改进。,誰にでも弱点はあるが、大切なのはそれをどう克服し改善するかである。
1555,若干,ruò gān,a certain number or amount; how many?; how much?,いくつか,会议涉及若干重要议题。,会議はいくつかの重要な議題を扱った。,The meeting involved several important topics.,会议上讨论了若干重要的问题，涉及公司的未来发展方向。,会議ではいくつかの重要な問題が議論され、会社の将来の発展方向に関わった。
1556,撒谎,sā huǎng,to tell lies,嘘をつく,他撒谎掩盖真相。,彼は嘘をついて真実を隠した。,He lied to cover up the truth.,撒谎不仅会破坏人与人之间的信任，还可能导致严重的后果。,嘘をつくことは人と人との信頼を破壊するだけでなく、深刻な結果を招くこともある。
1557,散文,sǎn wén,prose; essay,散文,她喜欢写现代散文。,彼女は現代散文を書くのが好きだ。,She likes to write modern prose.,他的散文作品语言优美，内容深刻，深受读者喜爱。,彼の散文作品は言葉が美しく内容も深く、読者に非常に好まれている。
1558,散布,sàn bù,to disseminate;,散布する,谣言在网络上散布。,噂はネット上で広まっている。,Rumors are spreading on the internet.,谣言在社交媒体上迅速散布，导致了社会的恐慌和混乱。,噂はソーシャルメディアで急速に拡散し、社会に恐慌と混乱をもたらした。
1559,散发,sàn fā,distribute; emit; issue,放出,花园里散发着花香。,庭には花の香りが漂っている。,The garden is filled with the fragrance of flowers.,花园里散发出阵阵花香，让人感到心旷神怡。,庭には次々と花の香りが漂い、人を爽やかで心地よい気分にさせる。
1560,丧失,sàng shī,to lose; to forfeit,喪失,他因事故丧失记忆。,彼は事故で記憶を失った。,He lost his memory due to the accident.,由于疏忽，他丧失了这次宝贵的工作机会。,不注意のために、彼はこの貴重な仕事の機会を失ってしまった。
1561,骚扰,sāo rǎo,to disturb; to cause a commotion; to harass;,嫌がらせ,频繁骚扰令人烦恼。,頻繁な嫌がらせは迷惑だ。,Frequent harassment is annoying.,职场骚扰不仅侵犯了员工的权益，也破坏了公司的声誉。,職場での嫌がらせは従業員の権利を侵害するだけでなく、会社の評判も損なう。
1562,嫂子,sǎo zi,(informal) older brother's wife; sister-in-law; CL:个,義姉,嫂子做饭很拿手。,義姉は料理が得意だ。,My sister-in-law is good at cooking.,我嫂子是一位非常贤惠的家庭主妇，照顾家庭无微不至。,私の義姉はとても賢くて家庭的な主婦で、家のことを細やかに世話している。
1563,刹车,shā chē,to brake (when driving); to stop; to switch off; to check (bad habits); a brake,ブレーキ,司机紧急刹车避险。,運転手は緊急ブレーキをかけて危険を避けた。,The driver braked suddenly to avoid danger.,司机紧急刹车，避免了一场可能发生的交通事故。,運転手は急ブレーキをかけて、起こりうる交通事故を回避した。
1564,啥,shá,(dialect) what,何,你到底想说啥？,いったい何が言いたいの？,What exactly do you want to say?,你到底想说啥？请把话说清楚，以免误会产生。,一体何を言いたいの？誤解が生じないように、はっきり話してくれ。
1565,筛选,shāi xuǎn,to filter,選別,筛选简历非常重要。,履歴書の選別は非常に重要だ。,Screening resumes is very important.,我们需要筛选大量的数据，找到最有价值的信息进行分析。,大量のデータを選別し、最も価値のある情報を見つけて分析する必要がある。
1566,山脉,shān mài,mountain range; CL:条[tiao2],山脈,喜马拉雅山脉壮丽。,ヒマラヤ山脈は壮大だ。,The Himalayas are magnificent.,这条山脉横贯整个地区，是当地重要的自然屏障。,この山脈は地域全体を横断し、現地の重要な自然の障壁となっている。
1567,闪烁,shǎn shuò,flicker; twinkling,きらめく,星星在夜空闪烁。,星が夜空で輝いている。,The stars are twinkling in the night sky.,夜空中的星星闪烁着，仿佛在诉说着古老的故事。,夜空の星が瞬き、まるで古い物語を語っているかのようだ。
1568,擅长,shàn cháng,to be good at; to be expert in,得意である,他擅长数学竞赛。,彼は数学の競技が得意だ。,He is good at math competitions.,他擅长解决复杂的数学问题，深受老师和同学的赞赏。,彼は複雑な数学の問題を解くのが得意で、先生や同級生から称賛されている。
1569,擅自,shàn zì,without permission; of one's own initiative,勝手に,擅自决定后果严重。,勝手に決めると結果が重大だ。,Deciding without permission has serious consequences.,员工擅自离岗导致工作进度延误，影响了整个项目的完成。,従業員が勝手に離席したために仕事の進捗が遅れ、プロジェクト全体の完成に影響を及ぼした。
1570,伤脑筋,shāng nǎo jīn,knotty; troublesome; bothersome,頭を悩ます,这个问题真伤脑筋。,この問題は本当に頭を悩ませる。,This problem is really puzzling.,面对难题，他感到非常伤脑筋，不知道该如何解决。,難題に直面して彼は非常に頭を悩ませ、どう解決すればよいかわからなかった。
1571,商标,shāng biāo,trademark; logo,商標,品牌商标需要注册。,ブランドの商標は登録が必要だ。,Brand trademarks need to be registered.,这个品牌的商标设计独特，具有很高的识别度。,このブランドの商標デザインは独特で、非常に高い識別度を持っている。
1572,上级,shàng jí,higher authorities; superiors; CL:个,上司,上级领导召开会议。,上司が会議を開いた。,The superior held a meeting.,上级领导对我们的工作提出了新的要求和指导意见。,上司は私たちの仕事に対して新たな要求と指導意見を出した。
1573,上进,shàng jìn,to make progress; to do better; fig. ambitious to improve oneself; to move forwards,向上心,他很有上进心。,彼は向上心が強い。,He is very ambitious.,他一直保持上进心，努力提升自己的专业技能。,彼は常に向上心を持ち、自分の専門技術を向上させるために努力している。
1574,上任,shàng rèn,take office,就任する,新校长已正式上任。,新しい校長が正式に就任した。,The new principal has officially taken office.,新任经理已经顺利上任，开始推动公司的改革计划。,新任のマネージャーは順調に就任し、会社の改革計画を推進し始めた。
1575,上瘾,shàng yǐn,to get into a habit; to become addicted,中毒になる,沉迷游戏会上瘾。,ゲームに夢中になると中毒になる。,Being addicted to games leads to addiction.,很多年轻人沉迷网络游戏，逐渐上瘾，影响了学习和生活。,多くの若者はネットゲームに夢中になり、徐々に中毒となって学業や生活に影響を及ぼしている。
1576,上游,shàng yóu,upper reaches; advanced position,上流,河流的上游水质好。,川の上流は水質が良い。,The water quality is good upstream of the river.,这条河流的上游水质清澈，是重要的饮用水源地。,この川の上流は水質が澄んでおり、重要な飲料水源地である。
1577,尚且,shàng qiě,(not) even; yet; still;,なお,他尚且不懂此理。,彼はまだこの理屈が分かっていない。,He still doesn't understand this principle.,他尚且没有完成任务，你怎么能要求别人做到呢？,彼でさえ任務を終えていないのに、どうして他の人にやれと言えるのか？
1578,捎,shāo,to bring sth to sb (news etc),取り次ぐ,我捎句话给你。,あなたに一言伝えておくよ。,I'll pass a message to you.,我顺路去你家，顺便给你捎带一些书籍过去。,私がついでにあなたの家に行くので、ついでにいくつかの本を持っていくね。
1579,梢,shāo,tip of branch,枝先,树梢上的鸟儿唱。,木の梢の鳥が歌っている。,The birds on the treetops are singing.,树梢上的鸟儿在晨光中欢快地歌唱，迎接新的一天。,木の梢の鳥が朝の光の中で楽しそうに歌い、新しい一日を迎えている。
1580,哨,shào,a whistle; sentry,哨子,裁判吹响了哨子。,審判が笛を吹いた。,The referee blew the whistle.,哨兵在岗亭里不停地吹哨，警惕周围的一切动静。,哨兵は詰め所で絶えず笛を吹き、周囲のあらゆる動きを警戒している。
1581,奢侈,shē chǐ,luxurious; extravagant; wasteful,贅沢,奢侈生活令人羡慕。,贅沢な生活は羨ましい。,Luxurious life is enviable.,奢侈的生活方式不仅浪费资源，还可能引发社会不满。,贅沢な生活様式は資源を浪費するだけでなく、社会の不満を引き起こす可能性もある。
1582,舌头,shé tou,tongue; enemy soldier captured for the purpose of extracting information; CL:个,舌,他说话不经大脑。,彼は考えずに話す。,He speaks without thinking.,他说话时舌头打结，显得非常紧张和不自然。,彼は話すとき舌がもつれて、とても緊張して不自然に見えた。
1583,摄氏度,shè shì dù,degrees centigrade,摂氏度,今天气温三十摄氏度。,今日は気温が摂氏30度だ。,Today's temperature is 30 degrees Celsius.,天气预报显示今天的最高气温将达到三十摄氏度以上。,天気予報によると、今日は最高気温が30度以上になる見込みだ。
1584,涉及,shè jí,to involve; to touch upon (a topic),関わる,此事涉及多个部门。,この件は複数の部署が関わっている。,This matter involves multiple departments.,这项政策涉及多个部门，需要各方密切配合才能落实。,この政策は複数の部門に関わっており、各方面が密接に協力しなければ実施できない。
1585,社区,shè qū,community,コミュニティ,社区活动丰富多彩。,地域の活動は多彩だ。,Community activities are rich and varied.,社区组织了丰富多彩的文化活动，促进居民之间的交流。,コミュニティは多彩な文化活動を組織し、住民同士の交流を促進している。
1586,设立,shè lì,to set up; to establish,設立する,公司设立了新部门。,会社は新しい部署を設立した。,The company established a new department.,公司计划设立新的研发中心，以提升技术创新能力。,会社は技術革新能力を高めるために新しい研究開発センターを設立する予定だ。
1587,设想,shè xiǎng,to imagine; to assume; to envisage; tentative plan; to have consideration for,想定する,我们设想了多种方案。,私たちはいくつかの案を考えた。,We conceived various plans.,在设想未来的发展蓝图时，需要充分考虑各种可能的风险。,将来の発展計画を構想するときは、様々な可能なリスクを十分に考慮する必要がある。
1588,设置,shè zhì,to set up; to install,設置する,学校设置了图书馆。,学校は図書館を設置した。,The school set up a library.,系统管理员负责设置服务器的安全权限，确保数据安全。,システム管理者はサーバーのセキュリティ権限を設定し、データの安全を確保している。
1589,呻吟,shēn yín,to moan; to groan,うめき声,病人忍不住呻吟。,患者は思わずうめいた。,The patient couldn't help but groan.,病人痛苦地呻吟着，医护人员迅速给予了必要的帮助。,患者は苦しそうにうめき、医療スタッフが迅速に必要な援助を行った。
1590,深奥,shēn ào,profound; abstruse; recondite; profoundly,深遠,哲学问题非常深奥。,哲学の問題は非常に難解だ。,Philosophical problems are very profound.,这本哲学著作内容深奥，需要反复阅读才能理解其真谛。,この哲学書は内容が深遠で、その真髄を理解するには何度も読み返す必要がある。
1591,深沉,shēn chén,deep; extreme; dull; low pitched (sound),沈黙した,他神沉不语思考。,彼は黙って考え込んでいる。,He is silently deep in thought.,他的性格深沉内敛，不轻易表达自己的情感。,彼の性格は深く沈着で内向的であり、自分の感情を簡単には表さない。
1592,深情厚谊,shēn qíng hòu yì,profound friendship,深い友情,他们有深情厚谊。,彼らは深い友情で結ばれている。,They share a deep and strong friendship.,他们之间的深情厚谊历经岁月依然坚固如初。,彼らの間の深い友情は年月を経てもなお初めのまま固く続いている。
1593,申报,shēn bào,to report (to the authorities); to declare (to customs),申告する,请按时申报收入。,収入は期限内に申告してください。,Please report your income on time.,请及时申报个人收入，以确保税务信息的准确性。,個人の収入を速やかに申告し、税務情報の正確さを確保してください。
1594,绅士,shēn shì,gentleman,紳士,他举止优雅像绅士。,彼は紳士のように優雅な振る舞いをする。,He behaves elegantly like a gentleman.,他举止优雅，待人彬彬有礼，是一位真正的绅士。,彼は振る舞いが優雅で、人に礼儀正しく接し、本物の紳士である。
1595,神经,shén jīng,nerve,神経,神经紧张影响睡眠。,神経が緊張すると睡眠に影響する。,Nervous tension affects sleep.,长时间的压力可能导致神经紧张，引发各种健康问题。,長時間のストレスは神経の緊張を引き起こし、様々な健康問題を招く可能性がある。
1596,神奇,shén qí,magical; mystical; miraculous,神秘的,神奇的故事吸引人。,不思議な話は人を惹きつける。,Magical stories attract people.,这座古老的城堡充满了神奇的传说，吸引了众多游客。,この古い城は神秘的な伝説に満ちており、多くの観光客を引きつけている。
1597,神气,shén qì,expression; manner; spirited; vigorous,得意げ,他神气十足炫耀。,彼は得意げに自慢している。,He is showing off proudly.,他神气十足地走进会议室，显得非常自信和从容。,彼は誇らしげに会議室に入り、とても自信に満ち落ち着いている様子だった。
1598,神圣,shén shèng,divine; hallow; holy; sacred,神聖な,这是神圣的仪式。,これは神聖な儀式だ。,This is a sacred ceremony.,教堂是当地居民心中的神圣之地，具有重要的精神意义。,教会は地元住民にとって神聖な場所であり、重要な精神的意義を持っている。
1599,神态,shén tài,appearance; manner; bearing; deportment; look; expression; mien,表情,她神态自若很镇定。,彼女は落ち着いていて動じない様子だ。,She is calm and composed.,他的神态透露出一丝疲惫，但依然坚持完成了任务。,彼の表情には一抹の疲れが見えるが、それでも任務をやり遂げた。
1600,神仙,shén xiān,"Daoist immortal; supernatural entity; (in modern fiction) fairy, elf, leprechaun etc; fig. lighthearted person; used in advertising: Live like an immortal! 活神仙似",仙人,传说中的神仙长生不老。,伝説の仙人は不老不死だ。,The legendary immortal is eternal and never ages.,传说中神仙掌握着超凡的力量，能够改变人间的命运。,伝説の中の神仙は並外れた力を持ち、人間界の運命を変えることができる。
1601,审查,shěn chá,to examine; to investigate; to censor out; censorship,審査,文件需要严格审查。,書類は厳格に審査する必要がある。,The documents need to be strictly reviewed.,政府对所有出版物进行严格的内容审查，以确保不传播有害信息。,政府はすべての出版物の内容を厳格に審査し、有害な情報が流布されないようにしている。
1602,审理,shěn lǐ,to hear (a case),審理,法庭正在审理案件。,法廷は現在、案件を審理している。,The court is currently hearing the case.,法庭将于下周审理这起复杂的经济纠纷案件。,法廷は来週、この複雑な経済紛争の事件を審理する予定だ。
1603,审美,shěn měi,esthetics; appreciating the arts; taste,審美,他的审美观念独特。,彼の美的観念は独特だ。,His aesthetic sense is unique.,艺术家的作品体现了他独特而深刻的审美观念。,その芸術家の作品は彼の独特で深い審美観念を体現している。
1604,审判,shěn pàn,a trial; to try sb,審判,法官公正地进行审判。,裁判官は公正に裁判を行う。,The judge conducts the trial impartially.,法官经过长时间的审判，最终宣判被告无罪。,裁判官は長時間の審判を経て、最終的に被告の無罪を宣告した。
1605,慎重,shèn zhòng,cautious; careful; prudent,慎重,做决定时必须慎重。,決定を下すときは慎重でなければならない。,One must be careful when making decisions.,面对重要决定，他总是表现得非常慎重，避免草率行事。,重要な決定に直面するとき、彼はいつも非常に慎重に振る舞い、軽率な行動を避ける。
1606,渗透,shèn tòu,to permeate; to infiltrate; to pervade; osmosis,浸透,思想逐渐渗透社会。,思想は徐々に社会に浸透していく。,Ideas gradually permeate society.,新技术的渗透极大地改变了传统产业的生产模式。,新技術の浸透は伝統的な産業の生産方式を大きく変えた。
1607,声明,shēng míng,"statement; declaration; CL:项[xiang4] ,份[fen4]",声明,公司发表官方声明。,会社は公式声明を発表した。,The company issued an official statement.,公司发表声明，澄清市场上的误解和谣言。,会社は声明を発表し、市場における誤解と噂を明らかにした。
1608,声势,shēng shì,momentum,勢い,活动声势非常浩大。,イベントは非常に盛大な勢いだった。,The event had a very grand momentum.,这次活动吸引了大量媒体关注，声势浩大，影响深远。,今回のイベントは多くのメディアの注目を集め、声勢は壮大で影響も深遠だ。
1609,声誉,shēng yù,reputation; fame,評判,他在业界享有声誉。,彼は業界で評判を得ている。,He enjoys a good reputation in the industry.,他凭借多年的努力赢得了业界良好的声誉。,彼は長年の努力によって業界で良い評判を勝ち取った。
1610,牲畜,shēng chù,domesticated animals; livestock,家畜,农场养殖大量牲畜。,農場では大量の家畜を飼育している。,The farm raises a large number of livestock.,农场里饲养了大量牲畜，保证了农产品的供应。,農場では大量の家畜を飼育し、農産物の供給を確保している。
1611,生存,shēng cún,to exist; to survive,生存,环境恶劣影响生存。,劣悪な環境が生存に影響を与える。,Harsh environments affect survival.,面对恶劣环境，动植物必须不断适应才能生存下来。,過酷な環境に直面して、動植物は生存するために絶えず適応しなければならない。
1612,生机,shēng jī,opportunity to live; to reprieve from death; life force; vitality,活力,春天带来新的生机。,春は新たな生命力をもたらす。,Spring brings new vitality.,改革开放为国家的发展带来了新的生机和活力。,改革開放は国家の発展に新たな生機と活力をもたらした。
1613,生理,shēng lǐ,physiology,生理,了解人体生理结构。,人体の生理構造を理解する。,Understand the physiological structure of the human body.,运动员在比赛中必须注意生理反应，避免受伤。,選手は試合中に生理的反応に注意し、怪我を避けなければならない。
1614,生疏,shēng shū,unfamiliar; strange; out of practice; not accustomed,不慣れ,多年未见显得生疏。,長年会わなかったので疎くなった。,Not seeing each other for many years made us unfamiliar.,多年未见的朋友见面后，反而觉得有些生疏。,長年会っていなかった友人と会うと、かえって少し疎遠に感じる。
1615,生态,shēng tài,way of life; ecology,生態,保护生态环境重要。,生態環境の保護は重要だ。,Protecting the ecological environment is important.,保护生态环境是我们每个人的责任和义务。,生態環境の保護は私たち一人ひとりの責任と義務である。
1616,生物,shēng wù,organism; living creature; life form; biological; CL:个,生物,科研发现新型生物。,科学研究で新種の生物を発見した。,Scientific research discovered a new species.,科学家们致力于研究各种生物的基因结构。,科学者たちは様々な生物の遺伝子構造の研究に取り組んでいる。
1617,生效,shēng xiào,to take effect; to go into effect,発効,法律明年正式生效。,法律は来年正式に施行される。,The law will officially take effect next year.,新政策自下个月起正式生效，相关部门将加强监督。,新しい政策は来月から正式に発効し、関係部門が監督を強化する予定だ。
1618,生肖,shēng xiào,animal from the Chinese zodiac; one of the twelve animals symbolic of the earthly branches 地支[di4 zhi1],干支,他属鼠，属相相同。,彼はねずみ年生まれで、干支が同じだ。,He was born in the Year of the Rat; the zodiac signs are the same.,在中国传统文化中，生肖代表着不同的性格和命运。,中国の伝統文化では、干支はそれぞれ異なる性格と運命を象徴している。
1619,生锈,shēng xiù,to rust; to grow rusty; to corrode; oxidization,錆びる,铁器长时间生锈。,鉄製品は長時間で錆びる。,Ironware rusts over a long period.,长时间暴露在潮湿环境中，金属设备容易生锈损坏。,長時間湿った環境にさらされると、金属製の設備は錆びて損傷しやすい。
1620,生育,shēng yù,to bear; to give birth; to grow; to rear; to bring up (children),出産,国家鼓励生育政策。,国家は出産奨励政策を推進している。,The country encourages birth policies.,国家出台了一系列生育政策，鼓励年轻夫妇生育孩子。,国家は一連の出産政策を打ち出し、若い夫婦の出産を奨励している。
1621,省会,shěng huì,provincial capital,省都,该市是省会城市。,その市は省の省都である。,The city is the provincial capital.,该省的省会城市经济发展迅速，基础设施日益完善。,その省の省都は経済発展が速く、インフラがますます整っている。
1622,盛产,shèng chǎn,superabundant; to teem with; to produce in abundance; to abound in,豊産,该地区盛产水果。,その地域は果物の産地である。,The region is rich in fruit production.,该地区盛产水果，特别是苹果和梨享誉全国。,この地域は果物の産地であり、とくにリンゴとナシは全国的に有名だ。
1623,盛开,shèng kāi,blooming; in full flower,満開,樱花盛开极为壮观。,桜の花は満開で非常に壮観だ。,The cherry blossoms are in full bloom and extremely spectacular.,春天来了，公园里的桃花盛开，美不胜收。,春が来て、公園の桃の花が満開となり、見事な光景だ。
1624,盛情,shèng qíng,great kindness; magnificent hospitality,厚情,盛情款待宾客周到。,盛大なおもてなしで客を丁寧にもてなす。,Guests are warmly and thoughtfully entertained with great hospitality.,他盛情邀请我们参加晚宴，让我们感到非常荣幸。,彼は盛情に私たちを晩餐会に招待してくれて、とても光栄に感じた。
1625,盛行,shèng xíng,to be in vogue; to be prevalent,流行,新风尚迅速盛行。,新しい風潮が急速に広まっている。,The new trend is spreading rapidly.,这种新型手机很快在年轻人中盛行起来，成为潮流。,この新型の携帯電話はすぐに若者の間で流行し、トレンドとなった。
1626,胜负,shèng fù,victory or defeat; the outcome of a battle,勝敗,比赛胜负难以预测。,試合の勝敗は予測が難しい。,The outcome of the match is hard to predict.,比赛结果尚未公布，双方的胜负悬念依然存在。,試合の結果はまだ発表されておらず、両者の勝敗の行方は依然として不透明だ。
1627,失事,shī shì,"to have an accident (plane crash, shipwreck, vehicle collision etc); to mess things up",事故,飞机因故失事坠毁。,飛行機は故障で墜落した。,The plane crashed due to a malfunction.,飞机失事后，救援人员迅速展开搜救行动。,飛行機事故の後、救助隊は迅速に捜索救助活動を開始した。
1628,失误,shī wù,"lapse; mistake; to make a mistake; fault; service fault (in volleyball, tennis etc)",ミス,操作中出现严重失误。,操作中に重大なミスが発生した。,A serious error occurred during operation.,由于操作失误，导致生产线暂时停工，损失严重。,操作ミスにより生産ラインが一時停止し、損失が大きくなった。
1629,失踪,shī zōng,missing; lost; unaccounted for,行方不明,失踪人员已被找到。,行方不明者はすでに見つかった。,The missing person has been found.,警察正在全力寻找失踪的儿童，希望尽快找到线索。,警察は行方不明の子供を全力で捜索しており、早急に手がかりを見つけたいと考えている。
1630,尸体,shī tǐ,dead body; corpse; carcass; CL:具[ju4],遺体,警方发现尸体现场。,警察は現場で遺体を発見した。,The police discovered a corpse at the scene.,犯罪现场发现了尸体，警方已展开详细调查。,犯罪現場で遺体が発見され、警察は詳細な調査を始めた。
1631,师范,shī fàn,"teacher-training; pedagogical; normal (school, e.g. Beijing Normal University)",師範,他毕业于师范大学。,彼は師範大学を卒業した。,He graduated from a normal university.,师范大学专门培养优秀的中小学教师。,師範大学は優秀な中小学教師を専門的に養成している。
1632,施加,shī jiā,to exert (effort or pressure),加える,政府施加压力改革。,政府は改革のために圧力をかけている。,The government is exerting pressure for reform.,政府决定施加更多政策支持，促进经济稳定发展。,政府はより多くの政策支援を施加し、経済の安定した発展を促進することを決定した。
1633,施展,shī zhǎn,to use fully; to put to use,発揮,运动员施展全部实力。,選手は全力を発揮した。,The athlete exerted all his strength.,他在舞台上充分施展了自己的才华，赢得观众喝彩。,彼は舞台で自分の才能を十分に発揮し、観客の喝采を浴びた。
1634,十足,shí zú,ample; complete; hundred percent; a pure shade (of some color),十分,他十足自信地讲话。,彼は自信満々に話した。,He spoke with complete confidence.,这篇报告的数据分析十足，结论具有很强的说服力。,この報告書のデータ分析は十分であり、結論には強い説得力がある。
1635,实惠,shí huì,tangible benefit; material advantages; advantageous (deal); substantial (discount),実益,购买计划非常实惠。,購入計画は非常にお得だ。,The purchase plan is very cost-effective.,这家超市的商品价格实惠，深受消费者喜爱。,このスーパーの商品は価格が手ごろで、消費者にたいへん好まれている。
1636,实力,shí lì,strength,実力,公司拥有强大实力。,会社は強大な実力を持っている。,The company has strong capabilities.,公司凭借强大的实力，在市场竞争中占据领先地位。,会社は強力な実力をもって、市場競争で優位な地位を占めている。
1637,实施,shí shī,to implement; to carry out,実施,新政策已开始实施。,新しい政策はすでに実施されている。,The new policy has already been implemented.,新法规的实施有效规范了行业的经营行为。,新しい法規の実施は業界の経営行動を効果的に規範化した。
1638,实事求是,shí shì qiú shì,to seek truth from facts (idiom); to be practical and realistic,実事求是,我们应实事求是分析。,私たちは事実に基づいて分析すべきだ。,We should analyze based on facts.,我们应当坚持实事求是的态度，客观分析问题。,私たちは実事求是の態度を堅持し、問題を客観的に分析すべきだ。
1639,实行,shí xíng,to implement; to carry out; to put into practice,実行,计划必须按时实行。,計画は期限通りに実行しなければならない。,The plan must be carried out on time.,公司决定从下月开始实行新的考核制度。,会社は来月から新しい評価制度を実行することを決定した。
1640,实质,shí zhì,substance; essence,実質,改革取得实质进展。,改革は実質的な進展を遂げた。,The reform has made substantial progress.,虽然表面上看起来和平，但实质上存在很多矛盾和冲突。,表面上は平和に見えるが、実質的には多くの矛盾と衝突が存在している。
1641,拾,shí,to pick up; to collate or arrange; ten (banker's anti-fraud numeral),拾う,他弯腰拾起文件。,彼は腰を曲げて書類を拾った。,He bent down and picked up the document.,他在路边拾到一枚古老的硬币，感到非常惊喜。,彼は道端で古い硬貨を拾い、とても驚いた。
1642,时常,shí cháng,often; frequently,しばしば,他时常参加聚会。,彼はしばしば集まりに参加する。,He often attends gatherings.,她时常回忆起童年的美好时光，感慨万千。,彼女はしばしば子供時代の美しい時光を思い出し、感慨深い。
1643,时而,shí ér,occasionally; from time to time,時折,时而晴朗时而下雨。,時には晴れ、時には雨が降る。,"Sometimes it's sunny, sometimes it rains.",时而下雨，时而放晴，天气变化无常。,時には雨が降り、時には晴れるなど、天気は変わりやすい。
1644,时光,shí guāng,time; era; period of time,時光,时光飞逝令人感慨。,時の流れは速く、感慨深い。,"Time flies, evoking deep feelings.",时光飞逝，我们已经毕业多年，各自有了不同的发展。,時の流れは早く、私たちはすでに卒業して何年も経ち、それぞれが異なる発展を遂げている。
1645,时机,shí jī,fortunate timing; occasion; opportunity,好機,抓住时机发展业务。,チャンスをつかんでビジネスを発展させる。,Seize the opportunity to develop the business.,抓住发展的时机，对企业来说至关重要。,発展の好機を掴むことは、企業にとって非常に重要だ。
1646,时事,shí shì,current trends; the present situation; how things are going,時事,关注全球时事动态。,世界の時事動向に注目する。,Pay attention to global current affairs trends.,新闻报道及时反映了当前的时事动态。,ニュース報道は時事の動向を迅速に反映している。
1647,石油,shí yóu,oil; petroleum,石油,该国依赖石油出口。,その国は石油輸出に依存している。,The country relies on oil exports.,石油资源的开发对国家经济发展有着重要影响。,石油資源の開発は国家経済の発展に重要な影響を与えている。
1648,识别,shí bié,to distinguish; to discern,識別,技术提高了识别率。,技術が識別率を向上させた。,Technology improved the recognition rate.,这项技术能够有效识别图像中的各种物体。,この技術は画像中のさまざまな物体を効果的に識別できる。
1649,使命,shǐ mìng,mission (diplomatic or other); set task,使命,他肩负重要使命。,彼は重要な使命を担っている。,He shoulders an important mission.,作为医生，他一直牢记救死扶伤的使命。,医者として、彼は常に命を救い傷を癒す使命を心に刻んでいる。
1650,世代,shì dài,generation; an era; accumulation of years; passing on from generation to generation,世代,传统世代相传文化。,伝統は世代から世代へと受け継がれる文化だ。,Tradition is a culture passed down from generation to generation.,传统文化通过世代传承得以延续和发扬光大。,伝統文化は世代を超えて継承され、延々と発展している。
1651,事故,shì gù,"accident; CL:桩[zhuang1] ,起[qi3] ,次[ci4]",事故,交通事故频发,交通事故が頻発している,Traffic accidents occur frequently,那起交通事故发生后，警方立即展开了详细的调查工作，确保责任方得到应有的惩罚。,あの交通事故が発生した後、警察はすぐに詳細な調査を開始し、責任者が相応の処罰を受けるようにした。
1652,事迹,shì jì,deed; past achievement; important event of the past,事跡,英雄事迹感人,英雄の事跡は感動的だ,The heroic deeds are touching,他在抗震救灾中的英勇事迹被广泛传颂，激励了无数年轻人投身公益事业。,彼の地震救援での勇敢な事跡は広く伝えられ、多くの若者が公益事業に身を投じる励みとなった。
1653,事件,shì jiàn,event; happening; incident; CL:个,事件,重大事件调查,重大事件の調査,Investigation of major incidents,警方迅速控制了这起涉及多国利益的重大事件，防止了更大范围的混乱。,警察は多国の利害が絡むこの重大事件を迅速に制圧し、より広範な混乱を防いだ。
1654,事态,shì tài,situation; existing state of affairs,事態,事态发展迅速,事態の展開が迅速だ,The situation is developing rapidly,随着事态的发展，政府不得不采取更加严厉的措施以维护社会稳定。,事態の進展に伴い、政府は社会の安定を維持するためにより厳しい措置を取らざるを得なかった。
1655,事务,shì wù,"(political, economic etc) affairs; work",事务,处理公司事务,会社の業務を処理する,Handle company affairs,公司内部的事务繁杂，需要一位经验丰富的管理者来协调和处理。,会社内部の業務は複雑で、経験豊富な管理者が調整・処理する必要がある。
1656,事项,shì xiàng,matter; item,事項,会议重点事项,会議の重点事項,Key points of the meeting,在签订合同前，双方应详细讨论所有相关事项，避免日后产生纠纷。,契約締結前に、双方はすべての関連事項を詳細に話し合い、後日のトラブルを避けるべきである。
1657,事业,shì yè,"undertaking; project; activity; (charitable, political or revolutionary) cause; publicly funded institution, enterprise or foundation; career; occupation; CL:个",事業,投身教育事业,教育事業に身を投じる,Devote oneself to the education cause,她十年如一日地投身教育事业，培养了无数优秀的人才。,彼女は十年間変わらず教育事業に従事し、数え切れないほどの優秀な人材を育成した。
1658,势必,shì bì,is bound to (happen),必ず,势必取得成功,必ず成功を収めるだろう,Surely achieve success,面对竞争激烈的市场环境，他势必做出更大胆的决策以保持领先。,激しい競争環境に直面して、彼は必ずより大胆な決断を下してリードを維持するだろう。
1659,势力,shì li,power; (ability to) influence,勢力,扩大政治势力,政治勢力を拡大する,Expand political influence,那个家族在当地拥有强大的势力，对经济和政治都有深远影响。,あの一族は地元で強大な勢力を持ち、経済や政治に深い影響を与えている。
1660,是非,shì fēi,right and wrong; quarrel,是非,分辨是非曲直,是非曲直を見分ける,Distinguish right from wrong,在复杂的社会关系中，分辨是非往往需要深刻的洞察力和判断力。,複雑な社会関係の中で、是非を見分けるには深い洞察力と判断力がしばしば必要である。
1661,示范,shì fàn,to demonstrate; to show how to do sth; demonstration; a model example,示範,专家现场示范,専門家が現場で実演する,Experts demonstrate on site,老师通过详细的示范，让学生们更直观地理解了实验操作的步骤。,先生は詳細な実演を通じて、学生たちが実験操作の手順をより直感的に理解できるようにした。
1662,示威,shì wēi,to demonstrate (as a protest); a demonstration; a military show of force,示威,群众举行示威,群衆がデモを行う,The masses hold a demonstration,市民们自发组织示威游行，表达对环境污染问题的强烈不满。,市民たちは自発的にデモ行進を組織し、環境汚染問題に対する強い不満を表明した。
1663,示意,shì yì,to hint; to indicate (an idea to sb),示意,用手势示意,手振りで合図する,Signal with gestures,他用手势示意大家安静下来，以便继续进行重要的讨论。,彼は手振りで皆に静かにするよう合図し、重要な議論を続けられるようにした。
1664,视力,shì lì,vision; eyesight,視力,视力逐渐下降,視力が徐々に低下する,Vision gradually declines,随着年龄增长，他的视力逐渐减退，必须佩戴眼镜才能正常阅读。,年齢が増すにつれて、彼の視力は徐々に衰え、正常に読書するには眼鏡をかける必要がある。
1665,视频,shì pín,video,映像,实时视频播放,リアルタイムで動画を再生する,Play video in real time,这段视频详细记录了自然保护区的生态环境变化，具有重要的科研价值。,このビデオは自然保護区の生態環境の変化を詳細に記録しており、重要な研究価値がある。
1666,视线,shì xiàn,line of sight,視線,视线交汇瞬间,視線が交わる瞬間,The moment when eyes meet,他盯着前方的视线坚定，准备迎接即将到来的挑战。,彼は前方の視線をしっかりと見据え、これから来る挑戦に備えた。
1667,视野,shì yě,field of view; horizon,視野,拓宽国际视野,国際的な視野を広げる,Broaden international horizons,登上山顶后，开阔的视野让人心情豁然开朗，忘却了所有疲惫。,山頂に登ると、広々とした視野が心を晴れやかにし、すべての疲れを忘れさせた。
1668,试图,shì tú,to attempt; to try,試み,试图解决难题,難題を解決しようと試みる,Attempt to solve difficult problems,他试图通过各种方法解决难题，但始终未能找到满意的答案。,彼はいろいろな方法で問題解決を試みたが、満足のいく答えを見つけることはできなかった。
1669,试验,shì yàn,"experiment; test; experimental; CL:次[ci4] ,个",試験,新药临床试验,新薬の臨床試験,Clinical trials of new drugs,科学家们正在进行一项新药的试验，希望能够攻克癌症难题。,科学者たちは新薬の試験を行っており、癌の難題を克服できることを望んでいる。
1670,适宜,shì yí,suitable; appropriate,適宜,气候适宜生长,気候が成長に適している,Climate is suitable for growth,这种植物适宜在温暖湿润的环境中生长，不耐寒冷气候。,この植物は温暖で湿潤な環境で育つのに適しており、寒冷な気候には耐えられない。
1671,逝世,shì shì,to pass away; to die,逝去,老人安详逝世,老人が安らかに亡くなる,The elderly pass away peacefully,这位伟大的科学家于去年逝世，他的贡献永远铭刻在人们心中。,この偉大な科学者は昨年逝去し、彼の貢献は永遠に人々の心に刻まれている。
1672,释放,shì fàng,to release; to set free; to liberate (a prisoner); to discharge,解放,释放被拘人员,拘束された人員を解放する,Release detained personnel,监狱释放了几名表现良好的犯人，给予他们重新开始的机会。,刑務所は模範囚数名を釈放し、再出発の機会を与えた。
1673,收藏,shōu cáng,to hoard; to collect; collection,収蔵,博物馆收藏文物,博物館が文物を収蔵する,Museum collects cultural relics,他花了多年时间收藏了大量珍贵的古籍和艺术品，成为业内知名藏家。,彼は何年もかけて大量の貴重な古書や美術品を収集し、業界で著名なコレクターとなった。
1674,收缩,shōu suō,to pull back; to shrink; to contract,収縮,肌肉快速收缩,筋肉が素早く収縮する,Muscles contract rapidly,肌肉在寒冷环境下会自然收缩以保持体温，这是一种生理反应。,筋肉は寒冷環境下で自然に収縮し体温を保持する、これは生理的な反応である。
1675,收益,shōu yì,earnings; profit,収益,企业盈利收益,企業の利益と収益,Corporate profits and earnings,投资理财的收益虽然有风险，但合理规划可以实现稳健增长。,投資理財の収益はリスクがあるが、合理的に計画すれば安定した成長が可能である。
1676,收音机,shōu yīn jī,radio; CL:台[tai2],ラジオ,收音机播放新闻,ラジオでニュースを放送する,Broadcast news on the radio,老人每天早晨都会打开收音机，收听最新的新闻和天气预报。,老人は毎朝ラジオをつけて、最新のニュースや天気予報を聴いている。
1677,守护,shǒu hù,to guard; to protect,守護,守护家庭幸福,家庭の幸福を守る,Protect family happiness,父母一生守护着孩子的成长，为他们提供无微不至的关怀和支持。,両親は一生子供の成長を守り、きめ細やかな関心と支援を提供している。
1678,手法,shǒu fǎ,technique; trick; skill,手法,独特艺术手法,独特な芸術手法,Unique artistic techniques,这位艺术家的手法独特，将传统元素与现代风格巧妙结合。,この芸術家の手法は独特で、伝統的な要素と現代風を巧みに融合させている。
1679,手势,shǒu shì,gesture; sign; signal,手勢,友好手势交流,友好的な手振りで交流する,Communicate with friendly gestures,他用简单的手势表达了感谢，让现场气氛更加温馨和谐。,彼は簡単な手振りで感謝を表し、会場の雰囲気をより温かく調和させた。
1680,手艺,shǒu yì,craftmanship; workmanship; handicraft; trade,技術,精湛手艺传承,卓越した技術の伝承,Inheritance of exquisite craftsmanship,祖母的手艺精湛，每一道菜都充满了家的味道和温情。,祖母の手芸は卓越しており、どの料理も家庭の味と温かさに満ちている。
1681,首饰,shǒu shì,jewelry; head ornament;,装飾品,戴上华丽首饰,華やかな装飾品を身につける,Wear gorgeous jewelry,她佩戴的首饰虽然简单，但衬托出她优雅大方的气质。,彼女が身に着けている装飾品はシンプルだが、彼女の優雅で気品ある雰囲気を引き立てている。
1682,首要,shǒu yào,the most important; of chief importance,最重要,首要任务完成,最重要任務を完了する,Complete the primary task,安全问题是此次项目的首要考虑，必须严格按照标准执行。,安全問題は今回のプロジェクトの最優先事項であり、基準に厳格に従って実施しなければならない。
1683,受罪,shòu zuì,to endure; to suffer; hardships; torments; a hard time; a nuisance,苦しむ,受罪多年痛苦,長年苦しみを受ける,Suffer pain for many years,他在艰苦的环境中受罪多年，终于迎来了生活的转机。,彼は過酷な環境で長年苦しみ、ようやく生活の転機を迎えた。
1684,授予,shòu yǔ,to award; to confer,授与,授予荣誉称号,名誉称号を授与する,Award honorary titles,学校授予他杰出学生奖，以表彰他在学业和社会活动中的突出表现。,学校は彼に優秀学生賞を授与し、学業と社会活動での顕著な活躍を称えた。
1685,书法,shū fǎ,calligraphy; handwriting; penmanship,書道,练习传统书法,伝統的な書道を練習する,Practice traditional calligraphy,他从小喜欢书法，经过多年练习，字迹变得潇洒飘逸。,彼は幼い頃から書道が好きで、長年の練習を経て文字が流麗で優美になった。
1686,书记,shū ji,secretary; clerk; CL:个,書記,党委书记讲话,党委書記の演説,Speech by the party committee secretary,作为党支部书记，他积极推动基层建设，赢得了群众的高度认可。,党支部の書記として、彼は積極的に基層建設を推進し、住民から高い評価を得た。
1687,书籍,shū jí,books; works,書籍,图书馆藏书丰富,図書館の蔵書が豊富だ,The library has a rich collection,图书馆收藏了大量珍贵的书籍，为研究人员提供了丰富的资料来源。,図書館は大量の貴重な書籍を収蔵しており、研究者に豊富な資料を提供している。
1688,书面,shū miàn,in writing; written (guarantee etc),書面,书面报告提交,書面報告を提出する,Submit a written report,合同必须以书面形式确认，避免口头协议带来的不确定性。,契約は書面形式で確認し、口頭協議による不確実性を避けなければならない。
1689,疏忽,shū hu,to neglect; to overlook; negligence; carelessness,疎忽,工作中疏忽大意,仕事中に不注意である,Be careless at work,由于工作繁忙，他偶尔会疏忽细节，导致出现一些错误。,仕事が忙しいため、彼は時々細部をおろそかにしていくつかのミスを引き起こすことがある。
1690,疏远,shū yuǎn,to drift apart; to become estranged; to alienate; estrangement;,疎遠,多年疏远亲友,長年親友と疎遠になる,Be estranged from friends for many years,随着时间的推移，昔日的好友因各自生活忙碌而逐渐疏远了联系。,時間の経過とともに、昔の友人はそれぞれの生活が忙しくなり、次第に疎遠になった。
1691,舒畅,shū chàng,happy; entirely free from worry,快適,心情十分舒畅,気分がとても爽快だ,Feel very comfortable,经过一场酣畅淋漓的运动后，他感到身心舒畅，精神焕发。,思いっきり運動をした後、彼は身も心も爽快で、精神がみなぎっていると感じた。
1692,数额,shù é,amount; sum of money; fixed number,数量,捐款数额巨大,寄付金の額が巨大だ,The donation amount is huge,预算的数额已经确定，接下来需要制定详细的执行计划。,予算の額はすでに決定されており、次に詳細な実施計画を立てる必要がある。
1693,束,shù,to bind; to tie; bundle; cluster; restraint,束,一束鲜花赠送,一束の花を贈る,Give a bouquet of flowers,他手里握着一束鲜花，准备送给即将举行婚礼的新娘。,彼は手に一束の花を握り、まもなく結婚式を挙げる花嫁に贈ろうとしている。
1694,束缚,shù fù,to bind; to restrict; to tie; to commit; fetters,束縛,打破传统束缚,伝統的な束縛を打ち破る,Break traditional constraints,传统观念的束缚使得许多年轻人难以自由追求自己的梦想。,伝統的な観念の束縛により、多くの若者は自由に自分の夢を追い求めることが難しい。
1695,树立,shù lì,to set up; to establish,樹立,树立正确价值观,正しい価値観を確立する,Establish correct values,树立正确的价值观对于青年人的成长至关重要，需要社会各界共同努力。,正しい価値観を確立することは青年の成長にとって極めて重要であり、社会各界が協力する必要がある。
1696,竖,shù,to erect; vertical; vertical stroke (in Chinese characters),縦,竖起大拇指,親指を立てる,Raise a thumb,那座雕塑高高竖立在广场中央，成为城市的新地标。,あの彫刻は広場の中央に高くそびえ立ち、街の新しいランドマークとなっている。
1697,耍,shuǎ,to play with; to juggle,遊ぶ,孩子们耍滑梯,子供たちが滑り台で遊ぶ,Children play on the slide,孩子们在公园里尽情耍着各种玩具，欢笑声回荡在空气中。,子供たちは公園で思い切りいろいろなおもちゃで遊び、笑い声が空気に響いている。
1698,衰老,shuāi lǎo,to age; to deteriorate with age; old and weak,衰老,身体逐渐衰老,体が徐々に老化する,The body gradually ages,随着岁月流逝，他逐渐衰老，但依然保持着乐观向上的心态。,歳月の流れとともに彼は徐々に老衰したが、それでも楽観的で前向きな心態を保っている。
1699,衰退,shuāi tuì,to decline; to fall; to drop; to falter; a decline; recession (in economics),衰退,经济逐年衰退,経済が年々衰退する,The economy declines year by year,经济衰退导致企业倒闭增多，失业率也随之上升，影响社会稳定。,経済の衰退により企業の倒産が増え、失業率も上昇し、社会の安定に影響を与えた。
1700,率领,shuài lǐng,lead; command; head,率いる,将军率领部队,将軍が部隊を率いる,The general leads the troops,在这次救援行动中，队长率领队员们克服重重困难，成功完成任务。,今回の救援活動で、隊長は隊員たちを率いて多くの困難を克服し、任務を成功裏に完了した。
1701,涮火锅,shuàn huǒ guō,"to instant-boil (mutton, beef, vegetables, etc.)",しゃぶしゃぶ,朋友们一起涮火锅。,友達と一緒に火鍋を楽しんでいる。,Friends are enjoying hot pot together.,冬天的时候，朋友们喜欢聚在一起涮火锅，边吃边聊，气氛特别热烈。,冬の時期、友人たちは集まって火鍋を楽しみながら食べたり話したりし、とても賑やかな雰囲気になる。
1702,双胞胎,shuāng bāo tāi,twin; CL:对[dui4],双子,双胞胎长得几乎一样。,双子はほとんど同じ顔をしている。,The twins look almost identical.,他们家有一对双胞胎兄弟，性格却截然不同，一个外向一个内向。,彼らの家には双子の兄弟がいて、性格は全く異なり、一人は社交的で一人は内向的だ。
1703,爽快,shuǎng kuài,refreshed; rejuvenated; frank and straightforward,爽快,他说话非常爽快直率。,彼は話し方がとてもさっぱりして率直だ。,He speaks very straightforwardly and frankly.,他做事非常爽快，从不拖泥带水，总是果断地解决问题。,彼は物事を非常にさっぱりと行い、ぐずぐずせず、いつも果断に問題を解決する。
1704,水利,shuǐ lì,water conservancy; irrigation works,水利,政府重视水利工程建设。,政府は水利工事の建設を重視している。,The government attaches importance to the construction of water conservancy projects.,水利工程对于防洪和灌溉农业具有重要的作用，必须科学规划。,水利工事は洪水防止や農業の灌漑に重要な役割を果たし、科学的な計画が必要である。
1705,水龙头,shuǐ lóng tóu,faucet; tap,蛇口,水龙头坏了要修理。,蛇口が壊れたので修理しなければならない。,The faucet is broken and needs to be repaired.,水龙头坏了，维修工马上来修理，保证居民用水正常。,蛇口が壊れたため、修理工がすぐに修理に来て住民の水の使用を正常に保った。
1706,水泥,shuǐ ní,cement; CL:袋[dai4],セメント,工人正在浇筑水泥地。,作業員がセメントの地面を打設している。,Workers are pouring cement on the ground.,这座大桥主要是用高强度水泥建造，确保其稳固耐用。,この大きな橋は主に高強度のセメントで建設されており、その堅牢さと耐久性を保証している。
1707,瞬间,shùn jiān,moment; momentary; in a flash;,瞬間,事故发生在瞬间之间。,事故は一瞬のうちに起こった。,The accident happened in an instant.,事故发生的瞬间，他立刻做出了冷静而正确的判断。,事故が起きた瞬間、彼はすぐに冷静かつ正しい判断を下した。
1708,司法,sī fǎ,judicial; (administration of) justice,司法,司法公正是社会基石。,司法の公正は社会の基盤である。,Judicial fairness is the cornerstone of society.,司法系统必须保持独立公正，才能赢得人民的信任。,司法システムは独立かつ公正を維持しなければならず、そうして初めて国民の信頼を得られる。
1709,司令,sī lìng,commanding officer,司令官,司令指挥部队作战。,司令官が部隊の作戦を指揮している。,The commander is directing the troops in battle.,在战场上，司令凭借丰富的经验指挥部队取得了胜利。,戦場で司令官は豊富な経験をもとに部隊を指揮し、勝利を収めた。
1710,思念,sī niàn,think of; long for; miss,思慕,他深深思念远方亲人。,彼は遠くの親族を深く思い慕っている。,He deeply misses his relatives far away.,离别多年后，他依然深深地思念着故乡的亲人和朋友。,長年の別れの後も、彼は故郷の家族や友人を深く懐かしく思っている。
1711,思索,sī suǒ,think deeply; ponder,思索,哲学家不断思索人生。,哲学者は絶えず人生について思索している。,Philosophers constantly contemplate life.,面对复杂的问题，他反复思索，寻找最佳的解决方案。,複雑な問題に直面して、彼は何度も思考を重ねて最良の解決策を探した。
1712,思维,sī wéi,(line of) thought; thinking,思考,创新需要独立思维。,イノベーションには独立した思考が必要だ。,Innovation requires independent thinking.,创新的思维方式有助于我们突破传统的限制，实现更大的发展。,革新的な思考方法は私たちが伝統的な制限を突破し、より大きな発展を遂げるのに役立つ。
1713,斯文,sī wen,refined; educate; cultured; intellectual; polite; gentle,上品,他举止文雅很斯文。,彼は振る舞いが上品でとても礼儀正しい。,He behaves elegantly and is very refined.,他虽然斯文有礼，但在工作中表现出极强的执行力。,彼は礼儀正しく品があるが、仕事では非常に強い実行力を示す。
1714,私自,sī zì,private; personal; secretly; without explicit approval,私自,未经许可私自离开岗位。,許可なく勝手に職場を離れることはできない。,Leaving the post without permission is not allowed.,未经允许，私自进入他人房间是不道德的行为。,許可なく勝手に他人の部屋に入るのは道徳的に問題がある行為だ。
1715,死亡,sǐ wáng,death; deadly,死亡,事故导致多人死亡。,事故で多くの人が死亡した。,The accident caused many deaths.,科学家们不断研究，试图延缓疾病导致的死亡过程。,科学者たちは絶えず研究し、病気による死亡過程を遅らせようと試みている。
1716,四肢,sì zhī,the four limbs of the body,四肢,运动员四肢协调灵活。,運動選手は四肢の協調性が良くて柔軟だ。,Athletes have coordinated and flexible limbs.,这位运动员因伤病失去了四肢的部分功能，需要长期康复训练。,この選手は怪我で四肢の一部機能を失い、長期のリハビリが必要だ。
1717,寺庙,sì miào,temple; monastery; shrine,寺院,寺庙里香火非常旺盛。,寺院の線香は非常に盛んだ。,The incense offerings in the temple are very prosperous.,寺庙里香火鼎盛，吸引了大量信徒前来参拜祈福。,寺院は盛況で、多くの信者が参拝に訪れ、祈りを捧げている。
1718,肆无忌惮,sì wú jì dàn,absolutely unrestrained; unbridled; without the slightest scruple,無遠慮,他肆无忌惮地批评领导。,彼は遠慮なく指導者を批判した。,He criticized the leader recklessly.,那帮罪犯肆无忌惮地破坏公共财物，令人愤慨不已。,あの犯罪者たちは遠慮なく公共物を破壊し、非常に憤りを感じさせる。
1719,饲养,sì yǎng,to raise; to rear,飼育,农场饲养各种牲畜。,農場では様々な家畜を飼育している。,The farm raises various kinds of livestock.,农民通过科学饲养提高了家禽的产量和质量。,農民は科学的な飼育によって家禽の生産量と品質を向上させた。
1720,耸,sǒng,to excite; to raise up; to shrug; high; lofty; towering,そびえる,高楼在城市中耸立。,高層ビルが都市の中にそびえ立っている。,Tall buildings tower in the city.,这座高楼在地震中微微耸动，但结构依然坚固安全。,この高層ビルは地震でわずかに揺れたが、構造は依然として堅固で安全だ。
1721,艘,sōu,classifier for ships; Taiwan pr. sao1,隻（船の量詞）,港口停泊着三艘货轮。,港には三隻の貨物船が停泊している。,Three cargo ships are docked at the port.,港口停靠着十几艘货船，等待装卸货物。,港には十数隻の貨物船が停泊しており、積み下ろしを待っている。
1722,苏醒,sū xǐng,to wake up; to regain consciousness,意識回復,病人终于苏醒过来了。,患者はついに目を覚ました。,The patient finally woke up.,经过紧急抢救，病人终于苏醒过来，生命体征稳定。,緊急救命の結果、患者はようやく意識を取り戻し、生命兆候は安定した。
1723,俗话,sú huà,common saying; proverb,ことわざ,俗话说，勤劳致富。,ことわざに「勤勉は富をもたらす」とある。,"As the saying goes, diligence leads to wealth.",俗话说，‘一寸光阴一寸金，寸金难买寸光阴’，珍惜时间很重要。,ことわざに『一寸の光陰一寸の金、寸の金も寸の光陰を買えず』と言うように、時間を大切にすることが重要だ。
1724,塑造,sù zào,to model; to mould; plastic (arts); flexible; to portray (in sculpture or in words),塑造,艺术家塑造完美雕像。,芸術家は完璧な彫像を作り上げた。,The artist sculpted a perfect statue.,作家通过细腻的描写成功塑造了一个复杂而真实的人物形象。,作家は繊細な描写で複雑かつリアルな人物像を見事に創り上げた。
1725,素食,sù shí,vegetarian food; vegetables,菜食,他坚持吃素食健康。,彼は健康のために菜食を続けている。,He insists on eating vegetarian for health.,为了健康，他坚持素食多年，身体状况明显改善。,健康のために彼は長年ベジタリアンを続け、体調が明らかに良くなった。
1726,素质,sù zhì,inner quality; basic essence; change over time,素質,教育影响人的素质。,教育は人の素質に影響を与える。,Education influences a person's qualities.,企业员工的素质直接影响公司的整体竞争力和发展前景。,企業の社員の素質は会社の全体的な競争力と発展の見通しに直接影響を与える。
1727,诉讼,sù sòng,lawsuit,訴訟,双方正在进行法律诉讼。,双方は現在法的な訴訟を進めている。,Both parties are currently engaged in legal litigation.,当事人因合同纠纷提起诉讼，法院正在依法审理此案。,当事者は契約紛争を理由に訴訟を起こし、裁判所は法に基づいてこの事件を審理している。
1728,算数,suàn shù,to count numbers; to keep to one's word; to hold (i.e. to remain valid); to count (i.e. to be important),約束を守る,他说话算数从不食言。,彼は言ったことを守り、決して約束を破らない。,He keeps his word and never breaks promises.,他说话算数，从不食言，这让大家非常信任他。,彼は言ったことは必ず守り、約束を破らないので、皆から非常に信頼されている。
1729,随即,suí jí,immediately; presently; following which,すぐに,他随即做出决定。,彼はすぐに決断を下した。,He made a decision immediately.,收到消息后，他随即调整了计划，迅速采取了行动。,情報を受け取るとすぐに彼は計画を調整し、迅速に行動を起こした。
1730,随意,suí yì,as one wishes; according to one's wishes; at will; voluntary; conscious,自由に,请随意发表你的意见。,どうぞ自由にご意見を述べてください。,Please feel free to express your opinions.,他随意发表言论，结果引起了不必要的误会和争议。,彼は気ままに発言したため、不要な誤解や論争を引き起こした。
1731,岁月,suì yuè,years; passing of time,歳月,岁月流逝如白驹过隙。,歳月は白駒が隙間を通り過ぎるように流れる。,Time passes like a white horse galloping through a crack.,岁月如梭，转眼间我们已经毕业多年，各自发展不同。,歳月は早く過ぎ、あっという間に私たちは卒業して何年も経ち、それぞれ違う道を歩んでいる。
1732,隧道,suì dào,tunnel,トンネル,隧道通车大大方便出行。,トンネルの開通は移動を大いに便利にした。,The opening of the tunnel greatly facilitated travel.,这条隧道全长十公里，大大缩短了城市之间的交通时间。,このトンネルは全長10キロメートルで、都市間の交通時間を大幅に短縮した。
1733,损坏,sǔn huài,to damage; to injure,損傷,地震造成严重损坏。,地震は深刻な被害をもたらした。,The earthquake caused serious damage.,暴风雨导致多处建筑损坏，紧急维修工作正在进行中。,暴風雨により多くの建物が損壊し、緊急修理作業が進められている。
1734,索取,suǒ qǔ,to ask; to demand;,請求,他索取了合理赔偿。,彼は正当な賠償を要求した。,He demanded reasonable compensation.,他向公司索取了相关资料，以便进一步开展工作。,彼は会社に関連資料の請求をし、さらに業務を進めるための準備をした。
1735,索性,suǒ xìng,you might as well (do it); simply; just,思い切って,索性放弃了那次机会。,彼は思い切ってその機会を放棄した。,He simply gave up that opportunity.,与其犹豫不决，不如索性马上行动，抓住机会。,ためらうよりも思い切ってすぐに行動し、チャンスを掴んだほうがいい。
1736,塌,tā,collapse,崩れる,墙体因年久塌陷倒塌。,壁は長年のために陥没して倒壊した。,The wall collapsed due to aging and subsidence.,由于地基不稳，导致建筑物部分结构塌落，需要重新加固。,地盤が不安定なため建物の一部構造が崩落し、再度補強が必要だ。
1737,踏实,tā shi,practical; down-to-earth; realistic; firmly based; steadfast; to have peace of mind; free from anxiety,安心,他工作踏实不浮躁。,彼は仕事に真面目で焦らない。,He works diligently without being impatient.,他做事踏实认真，赢得了领导和同事们的高度评价。,彼は仕事に対して着実で真面目であり、上司や同僚から高い評価を得ている。
1738,塔,tǎ,pagoda; tower; minaret; stupa (abbr. loanword from Sanskrit tapo); CL:座[zuo4],塔,古塔矗立在山顶。,古い塔が山頂にそびえ立っている。,The ancient pagoda stands tall on the mountain top.,这座古老的塔历经风雨，依然屹立在城市的中心。,この古い塔は風雨に耐え、今も都市の中心にそびえ立っている。
1739,台风,tái fēng,hurricane; typhoon,台風,台风带来强风和暴雨。,台風は強風と豪雨をもたらした。,The typhoon brought strong winds and heavy rain.,台风来袭前，居民们纷纷撤离到安全地带避险。,台風が接近する前に、住民たちは続々と安全な場所へ避難した。
1740,太空,tài kōng,outer space,宇宙,人类探索太空奥秘。,人類は宇宙の神秘を探求している。,Humankind explores the mysteries of space.,人类探索太空的脚步从未停止，未来充满无限可能。,人類の宇宙探査の歩みは止まらず、未来には無限の可能性が広がっている。
1741,泰斗,tài dǒu,leading scholar of his time; magnate,権威者,他是该领域的泰斗。,彼はその分野の権威である。,He is a leading authority in that field.,他在学术界被誉为该领域的泰斗，享有极高声誉。,彼は学術界でその分野の権威と称され、非常に高い評価を得ている。
1742,摊,tān,to spread out; vendor's stand;,屋台,夜市上摆满了摊位。,夜市には屋台がずらりと並んでいる。,The night market is filled with stalls.,小摊上的小吃种类丰富，吸引了不少游客驻足品尝。,屋台の軽食は種類が豊富で、多くの観光客が立ち止まって味わっている。
1743,瘫痪,tān huàn,paralysis,麻痺,中风导致身体瘫痪。,脳卒中で体が麻痺した。,The stroke caused paralysis of the body.,中风后他的身体部分瘫痪，需要长期康复和护理。,脳卒中の後、彼の体の一部が麻痺し、長期のリハビリと介護が必要だ。
1744,贪婪,tān lán,avaricious; greedy; rapacious; insatiable; avid,強欲,贪婪破坏了他的品格。,強欲が彼の人格を破壊した。,Greed destroyed his character.,贪婪的商人只顾眼前利益，忽视了社会责任。,強欲な商人は目先の利益だけを追い、社会的責任を無視している。
1745,贪污,tān wū,corruption,汚職,政府严厉打击贪污。,政府は汚職を厳しく取り締まっている。,The government is cracking down severely on corruption.,政府严厉打击贪污腐败行为，维护社会公平正义。,政府は汚職腐敗行為を厳しく取り締まり、社会の公平と正義を守っている。
1746,弹性,tán xìng,flexibility; elasticity (physics),弾力,材料具有良好弹性。,材料は良好な弾性を持っている。,The material has good elasticity.,这款材料具有很好的弹性，适合制作运动服装。,この素材は弾性に優れており、スポーツウェアの製作に適している。
1747,坦白,tǎn bái,honest; forthcoming; to confess,率直,他坦白承认了错误。,彼は誤りを率直に認めた。,He frankly admitted his mistake.,他坦白承认了错误，赢得了大家的理解和宽容。,彼は率直に誤りを認め、皆の理解と寛容を得た。
1748,叹气,tàn qì,to sigh; to heave a sigh,ため息,听到消息她叹气不已。,知らせを聞いて彼女はため息をついた。,"Upon hearing the news, she sighed deeply.",听到这个消息后，她忍不住叹气，内心感到无奈和失落。,その知らせを聞くと、彼女はため息をつかずにはいられず、心の中で無力感と喪失感を抱いた。
1749,探测,tàn cè,to probe; to take readings; to explore; exploration,探測,卫星探测地球变化。,衛星が地球の変化を探査している。,Satellites are monitoring changes on Earth.,科学家利用先进设备进行探测，发现了新的地下水资源。,科学者たちは先進の装置を使って探査し、新たな地下水資源を発見した。
1750,探索,tàn suǒ,to explore; to probe; commonly used in names of publications or documentaries,探求,科学家不断探索真理。,科学者は真理を絶えず探求している。,Scientists continuously explore the truth.,人类不断探索宇宙的奥秘，试图揭示生命的起源。,人類は宇宙の神秘を絶えず探求し、生命の起源を解明しようとしている。
1751,探讨,tàn tǎo,to investigate; to probe,議論する,专家们探讨经济发展。,専門家たちは経済発展について議論している。,Experts are discussing economic development.,在这次国际会议上，专家们深入探讨了全球气候变化的应对策略和未来发展方向。,今回の国際会議で、専門家たちは地球規模の気候変動への対策と今後の発展方向について深く議論した。
1752,探望,tàn wàng,to visit,訪問する,他前往医院探望病人。,彼は病人を見舞うために病院へ行った。,He went to the hospital to visit the patient.,每逢节假日，我都会去探望年迈的祖父母，陪伴他们度过温馨的时光。,毎年の祝日には、私は年老いた祖父母を訪ねて、温かい時間を共に過ごす。
1753,倘若,tǎng ruò,provided that; supposing that; if;,もし〜なら,倘若成功，我们将庆祝。,もし成功すれば、私たちは祝うだろう。,"If we succeed, we will celebrate.",倘若明天天气晴朗，我们就计划去郊外徒步旅行，享受大自然的美景。,もし明日天気が晴れれば、私たちは郊外へハイキングに行き、自然の美しさを楽しむ予定だ。
1754,掏,tāo,to fish out (from pocket); to scoop,取り出す,他从口袋里掏出手机。,彼はポケットから携帯電話を取り出した。,He took out his mobile phone from his pocket.,他从口袋里掏出一张纸条，上面写着重要的会议地址和时间。,彼はポケットからメモを取り出し、そこには重要な会議の場所と時間が書かれていた。
1755,滔滔不绝,tāo tāo bù jué,unceasing torrent (idiom); talking non-stop; gabbling forty to the dozen,滔々と話す,他滔滔不绝地讲述经历。,彼は滔々と経験を語った。,He talked about his experiences fluently and endlessly.,他在演讲中滔滔不绝地讲述了自己创业的经历，引起了听众的强烈共鸣。,彼は講演で自身の起業経験を滔々と語り、聴衆の強い共感を呼んだ。
1756,淘汰,táo tài,to wash out; elimination (by selection); natural selection; to knock out (in a competition); to die out; to phase out,淘汰する,竞争激烈，选手被淘汰。,競争は激しく、選手は淘汰された。,"The competition was fierce, and the contestants were eliminated.",在激烈的市场竞争中，只有具备创新能力的企业才能避免被淘汰的命运。,激しい市場競争の中で、革新能力を持つ企業だけが淘汰される運命を免れることができる。
1757,陶瓷,táo cí,pottery and porcelain; ceramics,陶磁器,这家店出售精美陶瓷。,この店は精巧な陶磁器を販売している。,This store sells exquisite ceramics.,这座博物馆收藏了大量珍贵的陶瓷器，展示了中国古代陶瓷艺术的发展历程。,この博物館は多くの貴重な陶磁器を収蔵しており、中国古代陶磁芸術の発展過程を展示している。
1758,陶醉,táo zuì,to be infatuated with; to be drunk with; to be enchanted with; to revel in,陶酔する,他陶醉于音乐艺术中。,彼は音楽芸術に陶酔している。,He is intoxicated by music and art.,他陶醉于美妙的音乐中，仿佛进入了一个梦幻般的世界，忘却了所有烦恼。,彼は美しい音楽に陶酔し、まるで夢のような世界に入り込み、すべての悩みを忘れたかのようだった。
1759,讨好,tǎo hǎo,to get the desired outcome; to win favor by fawning on sb; to curry favor with; a fruitful outcome to reward one's labor;,ご機嫌を取る,他总是讨好上司。,彼はいつも上司に取り入っている。,He always tries to please his boss.,为了讨好客户，公司特别推出了多项优惠活动，赢得了良好的市场反响。,顧客を喜ばせるために、会社は特別に多くの割引イベントを開催し、良い市場の反響を得た。
1760,特长,tè cháng,personal strength; one's special ability or strong points,特技,他绘画是他的特长。,絵を描くことは彼の得意分野だ。,Painting is his specialty.,他的特长是语言学习，能够熟练掌握多种外语，成为团队中的翻译专家。,彼の特技は語学学習で、多くの外国語を流暢に操り、チームの翻訳専門家となっている。
1761,特定,tè dìng,special; specific; designated; particular,特定の,会议针对特定问题召开。,会議は特定の問題を対象に開催された。,The meeting was held to address specific issues.,这项政策针对特定人群制定，旨在提高他们的生活质量和社会福利水平。,この政策は特定の人々を対象に作られ、彼らの生活の質と社会福祉レベルを向上させることを目的としている。
1762,特意,tè yì,specially; intentionally,わざわざ,她特意为你准备礼物。,彼女は特別にあなたのためにプレゼントを用意した。,She specially prepared a gift for you.,他特意赶来参加朋友的婚礼，表达自己真挚的祝福和美好祝愿。,彼は友人の結婚式に特別に駆けつけ、心からの祝福と良い願いを伝えた。
1763,提拔,tí bá,to promote to a higher job; to select for promotion,昇進させる,公司提拔了优秀员工。,会社は優秀な社員を昇進させた。,The company promoted outstanding employees.,公司根据员工的表现和贡献，及时提拔了几位有潜力的年轻干部。,会社は社員の業績と貢献に基づいて、有望な若手幹部数名をタイムリーに昇進させた。
1764,提炼,tí liàn,"to extract (ore, minerals etc); to refine; to purify; to process",精製する,炼油厂提炼石油产品。,製油所は石油製品を精製する。,The refinery refines petroleum products.,炼油厂通过先进的技术设备，成功地提炼出高纯度的燃料油，满足市场需求。,製油所は先進技術設備により、高純度の燃料油をうまく精製し、市場の需要を満たした。
1765,提示,tí shì,to prompt; to present; to point out; to draw attention to sth; hint; brief; cue,注意を促す,标志提示前方施工。,標識は前方で工事中であることを示している。,The sign indicates construction ahead.,系统在检测到异常操作时，会自动提示用户进行确认，以防止误操作发生。,システムは異常な操作を検出すると、自動的にユーザーに確認を促し、誤操作を防ぐ。
1766,提议,tí yì,proposal; suggestion; to propose; to suggest,提案する,他提出改善方案。,彼は改善案を提出した。,He proposed an improvement plan.,在会议上，他提出了一项重要的提议，旨在优化公司的管理流程，提高效率。,会議で彼は重要な提案を出し、会社の管理プロセスを最適化して効率を向上させることを目指した。
1767,题材,tí cái,subject matter,題材,这部小说的题材新颖。,この小説の題材は新鮮だ。,The theme of this novel is novel.,这部电影的题材新颖，结合了历史事件与现代社会问题，深受观众喜爱。,この映画の題材は新鮮で、歴史的事件と現代社会問題を融合させ、観客に大変好評だ。
1768,体裁,tǐ cái,genre; style; form of writing,文体,文章的体裁很独特。,この記事の体裁はとても独特だ。,The genre of the article is very unique.,文学作品的体裁多样，包括小说、诗歌、散文等，每种都有其独特的表现形式。,文学作品の形式は多様で、小説、詩、散文などがあり、それぞれ独特の表現形式を持っている。
1769,体积,tǐ jī,volume; bulk; CL:个,体積,容器的体积很大。,容器の体積はとても大きい。,The volume of the container is very large.,这款包装盒设计合理，既节省空间，又能容纳大量商品，体积适中便于运输。,このパッケージボックスは合理的に設計されており、スペースを節約しながら大量の商品を収納でき、体積も適度で輸送に便利だ。
1770,体谅,tǐ liàng,to empathize; to allow (for something); to show understanding; to appreciate,思いやる,请体谅别人的难处。,どうか他人の困難を理解してください。,Please understand others' difficulties.,请大家多体谅同事的难处，互相支持，共同完成这项艰巨的任务。,皆さんは同僚の困難をよく理解し合い、互いに支え合い、この困難な任務を共に達成してください。
1771,体面,tǐ miàn,dignity; face (as in 'losing face'); honorable; creditable; pretty,体面な,他是个体面的人。,彼は体面のある人だ。,He is a respectable person.,他为人正直，待人接物有礼貌，赢得了大家的尊重和体面的人际关系。,彼は正直で、人と接するとき礼儀正しく、皆の尊敬と体面のある人間関係を得ている。
1772,体系,tǐ xì,system; setup; CL:个,体系,建立完整的管理体系。,完全な管理体系を構築する。,Establish a complete management system.,现代企业必须建立完善的管理体系，以适应快速变化的市场环境和竞争压力。,現代企業は、急速に変化する市場環境や競争圧力に適応するために、完璧な管理体系を構築しなければならない。
1773,天才,tiān cái,talent; gift; genius; talented; gifted,天才,他是数学天才。,彼は数学の天才だ。,He is a mathematical genius.,这位年轻的画家被誉为艺术界的天才，他的作品充满创意与独特的风格。,この若い画家は芸術界の天才と称され、その作品は創造性と独特なスタイルに満ちている。
1774,天赋,tiān fù,gift; innate skill,天賦,她拥有艺术天赋。,彼女は芸術の才能を持っている。,She has artistic talent.,他凭借天赋的音乐才能和后天的努力，最终成为了一名著名的钢琴演奏家。,彼は天賦の音楽才能と後天の努力によって、最終的に有名なピアノ奏者になった。
1775,天伦之乐,tiān lún zhī lè,pleasure of heavenly agreement (idiom); family love and joy; domestic bliss,家族団欒,节日里享受天伦之乐。,祭りの時に家族の幸せを楽しむ。,Enjoy family happiness during the festival.,春节期间，家人团聚共享天伦之乐，感受浓浓的亲情和温暖的氛围。,春節の期間、家族は集まり天倫の楽しみを共にし、深い親情と温かな雰囲気を感じる。
1776,天然气,tiān rán qì,natural gas,天然ガス,天然气供暖系统很普遍。,天然ガス暖房システムはとても普及している。,Natural gas heating systems are very common.,随着天然气资源的开发利用，越来越多的家庭开始采用环保节能的燃气设备。,天然ガス資源の開発利用に伴い、ますます多くの家庭が環境に優しい省エネのガス機器を使い始めている。
1777,天生,tiān shēng,innate; natural,生まれつき,他天生喜欢音乐。,彼は生まれつき音楽が好きだ。,He naturally likes music.,他天生具有出色的领导才能，能够在复杂的环境中有效地协调团队合作。,彼は生まれつき優れたリーダーシップを持ち、複雑な環境でも効果的にチームの協力を調整できる。
1778,天堂,tiān táng,paradise; heaven,天国,天堂是美好归宿。,天国は美しい帰るべき場所だ。,Heaven is a beautiful resting place.,这座教堂被称为信徒心中的天堂，象征着和平与希望的美好愿景。,この教会は信者の心の中の天国と称され、平和と希望の美しい展望を象徴している。
1779,天文,tiān wén,astronomy,天文学,他研究天文现象。,彼は天文現象を研究している。,He studies astronomical phenomena.,天文爱好者们利用先进的望远镜，观测宇宙中的星体和天文现象，探索未知领域。,天文愛好家たちは先進の望遠鏡を使い、宇宙の星体や天文現象を観測し、未知の領域を探求している。
1780,田径,tián jìng,track and field (athletics),陸上競技,田径比赛吸引众多观众。,陸上競技大会は多くの観客を引きつける。,The track and field competition attracts many spectators.,田径运动不仅锻炼身体，还培养了运动员坚韧不拔的意志品质和团队精神。,陸上競技は体を鍛えるだけでなく、選手の不屈の意志とチーム精神を養う。
1781,田野,tián yě,field; open land; CL:片[pian4],田野,农民在田野里劳作。,農民は田んぼで働いている。,Farmers are working in the fields.,春天的田野充满了生机，绿油油的庄稼随风摇曳，展现出一派丰收的景象。,春の田野は生気に満ち、緑豊かな作物が風に揺れ、豊作の光景を見せている。
1782,舔,tiǎn,to lick; to lap,舐める,狗舔了主人的手。,犬が主人の手を舐めた。,The dog licked its owner's hand.,小狗兴奋地舔着主人的手，表达它内心的喜悦和依恋之情。,子犬は興奮して飼い主の手を舐めて、心の喜びと愛着を表現している。
1783,挑剔,tiāo ti,picky; fussy,細かく文句を言う,他挑剔每个细节。,彼は細部までこだわる。,He is picky about every detail.,他对工作中的细节挑剔，力求做到尽善尽美，赢得了领导的认可。,彼は仕事の細部にこだわり、完璧を目指して努力し、上司の認めを得た。
1784,条款,tiáo kuǎn,clause (of contract or law); CL:项[xiang4],条項,合同条款需详细阅读。,契約条項は詳しく読む必要がある。,Contract terms need to be read carefully.,合同中的条款明确规定了双方的权利义务，确保合作过程顺利进行。,契約書の条項は双方の権利と義務を明確に規定し、協力過程を円滑に進めることを保証している。
1785,条理,tiáo lǐ,arrangement; order; tidiness,条理,讲话要有条理清晰。,話すときは条理があり、明確でなければならない。,Speech should be organized and clear.,他的讲话条理清晰，逻辑严密，使听众能够轻松理解复杂的问题。,彼の話は条理がはっきりしていて論理が緻密であり、聴衆は複雑な問題を容易に理解できる。
1786,条约,tiáo yuē,treaty; pact; CL:个,条約,双方签署和平条约。,双方は平和条約に署名した。,Both sides signed a peace treaty.,两国签署了一项重要的贸易条约，促进了双边经济的合作与发展。,両国は重要な貿易条約に調印し、二国間の経済協力と発展を促進した。
1787,调和,tiáo hé,harmonious; harmony,調和する,颜色搭配要调和统一。,色の組み合わせは調和して統一されているべきだ。,Color matching should be harmonious and unified.,为了调和各方利益，政府召开了多次会议，寻求最佳的解决方案。,各方面の利益を調和するために、政府は何度も会議を開き、最適な解決策を模索した。
1788,调剂,tiáo jì,to adjust; to balance; to make up a medical prescription,調整する,医生调剂药物剂量。,医者は薬の量を調整した。,The doctor adjusted the dosage of the medicine.,医生根据患者的病情，合理调剂药物剂量，确保治疗效果最大化。,医師は患者の病状に応じて薬の投与量を適切に調節し、治療効果を最大化する。
1789,调节,tiáo jié,to adjust; to regulate; to harmonize; to reconcile (accountancy etc),調節する,空调调节室内温度。,エアコンは室内の温度を調節する。,The air conditioner regulates the indoor temperature.,空调能够自动调节室内温度，保持环境舒适，节省能源消耗。,エアコンは室内温度を自動調節し、快適な環境を保ち、エネルギー消費を節約する。
1790,调解,tiáo jiě,to mediate; to bring parties to an agreement,調停する,法官调解双方争议。,裁判官は双方の争いを調停した。,The judge mediated the dispute between both parties.,邻里纠纷通过调解委员会的努力，最终得以和平解决，恢复了和谐关系。,近隣の紛争は調停委員会の努力により、最終的に平和的に解決され、和やかな関係が回復した。
1791,调料,tiáo liào,condiment; seasoning; flavoring,調味料,厨房里堆满各种调料。,台所には様々な調味料が山積みになっている。,The kitchen is piled with various seasonings.,这道菜的调料搭配得当，既提升了食材的鲜味，又使口感更加丰富。,この料理の調味料の組み合わせは適切で、食材の旨味を引き立て、味わいをより豊かにしている。
1792,挑拨,tiǎo bō,to incite disharmony; to instigate,扇動する,他挑拨离间制造矛盾。,彼は挑発して仲間割れを引き起こした。,He stirred up discord by sowing discord.,他故意挑拨离间，制造矛盾，导致团队内部出现了严重的不信任。,彼は故意に仲間割れを煽り、対立を生み出してチーム内に深刻な不信感を引き起こした。
1793,挑衅,tiǎo xìn,to provoke; provocation,挑発する,他故意挑衅引发冲突。,彼は故意に挑発して衝突を引き起こした。,He deliberately provoked and caused a conflict.,挑衅行为不仅破坏了和平，还可能引发更大范围的冲突和对抗。,挑発行為は平和を破壊するだけでなく、より大規模な衝突や対立を引き起こす可能性がある。
1794,跳跃,tiào yuè,to jump; to leap; to bound; to skip,跳躍する,运动员跳跃过障碍。,選手は障害物を跳び越えた。,The athlete jumped over the obstacle.,运动员在赛场上不断跳跃，展现出惊人的爆发力和灵活的身体素质。,選手は競技場で絶えず跳躍し、驚異的な爆発力と柔軟な身体能力を見せている。
1795,亭子,tíng zi,pavilion,あずまや,公园里有古朴亭子。,公園には素朴な亭がある。,There is a simple pavilion in the park.,公园中央建有一个古色古香的亭子，供游客休息和欣赏周围美景。,公園の中央には趣のある古風な亭が建てられ、訪問者が休憩し周囲の美しい景色を楽しめる。
1796,停泊,tíng bó,anchorage; mooring (of a ship),停泊する,船只在港口停泊。,船は港に停泊している。,The ship is docked at the harbor.,船只在港口安全停泊，等待下一次航行的出发时间和天气状况。,船は港で安全に停泊し、次の航海の出発時間と天候を待っている。
1797,停顿,tíng dùn,pause,一時停止,他的话有短暂停顿。,彼の話には短い間の停頓がある。,There are brief pauses in his speech.,演讲途中因为技术故障，不得不短暂停顿，现场气氛一度紧张。,講演の途中で技術的なトラブルがあり、一時的に停頓せざるを得ず、現場の雰囲気は一時緊張した。
1798,停滞,tíng zhì,stagnation; at a standstill; bogged down,停滞する,经济发展出现停滞。,経済発展は停滞している。,Economic development has stagnated.,经济发展出现停滞现象，政府需要采取有效措施刺激市场活力。,経済発展に停滞現象が見られ、政府は市場の活力を刺激するために効果的な措置を講じる必要がある。
1799,挺拔,tǐng bá,tall and straight,すらりとした,松树挺拔耸立山间。,松の木は山間にそびえ立っている。,The pine trees stand tall in the mountains.,这座山峰挺拔耸立，成为登山爱好者挑战自我的理想目的地。,この山峰はすらりとそびえ立ち、登山愛好者が自分に挑戦する理想的な目的地となっている。
1800,通货膨胀,tōng huò péng zhàng,inflation,インフレ,通货膨胀影响物价上涨。,インフレーションは物価の上昇に影響を与える。,Inflation affects the rise of prices.,近年来，通货膨胀率持续上升，给居民生活和企业经营带来了巨大压力。,近年、インフレ率は持続的に上昇し、住民の生活と企業経営に大きな圧力をもたらしている。
1801,通缉,tōng jī,to order the arrest of sb as criminal; to list as wanted;,指名手配,警方发布通缉令。,警察は指名手配を発表した。,The police issued a wanted notice.,警方发布了对涉嫌多起诈骗案件的犯罪嫌疑人通缉令，希望市民积极举报线索。,警察は複数の詐欺事件に関与した容疑者の指名手配状を発表し、市民に積極的な情報提供を呼びかけている。
1802,通俗,tōng sú,common; everyday; average,通俗,这本书语言通俗易懂。,この本は言葉がわかりやすい。,This book uses simple and easy-to-understand language.,这本书语言通俗易懂，非常适合初学者阅读和理解。,この本は言葉が平易でわかりやすく、初心者の読書や理解に非常に適している。
1803,通讯,tōng xùn,communications; a news story (e.g. dispatched over the wire); CL:个,通信,现代通讯技术发展迅速。,現代の通信技術は急速に発展している。,Modern communication technology is developing rapidly.,现代通讯技术的发展极大地促进了全球信息的交流与共享。,現代の通信技術の発展は、世界中の情報交換と共有を大いに促進した。
1804,通用,tōng yòng,common (use); interchangeable,通用,人民币在国内通用。,人民元は国内で通用している。,The Renminbi is used domestically.,这种软件具有通用性，可以在不同操作系统上顺利运行。,このソフトウェアは汎用性があり、異なるオペレーティングシステム上でスムーズに動作できる。
1805,同胞,tóng bāo,born of the same parents; fellow citizen or countryman,同胞,我们都是中华同胞。,私たちは皆、中華の同胞だ。,We are all Chinese compatriots.,无论身处何地，我们都是中华民族的同胞，应当互相扶持。,どこにいても、私たちは中華民族の同胞であり、お互いに助け合うべきだ。
1806,同志,tóng zhì,comrade; homosexual (slang); CL:个,同志,革命同志齐心协力。,革命同志たちは心を一つにして協力した。,Revolutionary comrades worked together with united efforts.,在那个时代，同志之间的信任与支持尤为重要。,あの時代には、同志同士の信頼と支援が特に重要だった。
1807,童话,tóng huà,children's fairy tales,童話,孩子喜欢听童话故事。,子供は童話を聞くのが好きだ。,Children like listening to fairy tales.,小时候我最喜欢听妈妈讲各种童话故事，幻想美好的世界。,子供の頃、私は母が語る様々な童話を聞くのが一番好きで、美しい世界を想像していた。
1808,铜,tóng,copper (chemistry); see also 紅红铜[hong2 tong2]; CL:块[kuai4],銅,这件雕塑用铜铸造。,この彫刻は銅で鋳造された。,This sculpture is cast in bronze.,这座古老建筑的屋顶装饰采用了大量铜制材料，历经风雨依然光亮如新。,この古い建物の屋根装飾には大量の銅製材料が使われており、風雨にさらされてもなお光り輝いている。
1809,统筹兼顾,tǒng chóu jiān gù,an overall plan taking into account all factors,総合的配慮,项目需要统筹兼顾各方。,プロジェクトは各方面を統括して考慮する必要がある。,The project needs to coordinate and consider all parties.,面对复杂的项目，我们需要统筹兼顾，合理安排每个环节的工作进度。,複雑なプロジェクトに直面して、私たちは全体を計画しつつ各部分の作業進捗を合理的に調整する必要がある。
1810,统计,tǒng jì,statistics; to count; to add up,統計,统计数据显示增长明显。,統計データは明らかな成長を示している。,Statistical data shows a clear increase.,根据统计数据显示，今年的经济增长速度有所放缓，但整体形势依然乐观。,統計データによると、今年の経済成長速度はやや鈍化したものの、全体の状況は依然として楽観的である。
1811,统统,tǒng tǒng,totally,全部,错误统统被纠正了。,間違いはすべて訂正された。,All errors have been corrected.,会议上提出的问题统统被专家们详细解答，没有一个遗漏。,会議で提起された問題はすべて専門家によって詳細に解答され、一つも見落とされなかった。
1812,统治,tǒng zhì,to rule (a country); to govern; rule; regime,統治,政府实行严格统治。,政府は厳格な統治を実施している。,The government implements strict governance.,历史上，许多王朝通过严密的制度来维持对国家的统治。,歴史上、多くの王朝は厳密な制度を通じて国家の統治を維持してきた。
1813,投机,tóu jī,to speculate (on financial markets); opportunistic; congenial; agreeable,投機,投机行为扰乱市场秩序。,投機行為は市場秩序を乱す。,Speculative behavior disrupts market order.,他总是喜欢投机取巧，试图利用市场波动谋取暴利。,彼はいつも機を見て巧みに利益を得ようとし、市場の変動を利用して一攫千金を狙っている。
1814,投票,tóu piào,to vote; vote,投票,选民积极投票参与选举。,有権者は積極的に投票して選挙に参加した。,Voters actively cast their votes and participated in the election.,选民们积极参与投票，表达了对未来领导人的期望和要求。,有権者たちは積極的に投票に参加し、将来の指導者への期待と要求を表明した。
1815,投诉,tóu sù,complaint; to file a complaint; to sue,苦情訴訟,客户提出投诉要求赔偿。,顧客は苦情を申し立て、賠償を要求した。,The customer filed a complaint and requested compensation.,消费者对产品质量不满，正式向相关部门提出了投诉。,消費者は製品の品質に不満を持ち、正式に関係部門に苦情を申し立てた。
1816,投降,tóu xiáng,to surrender; surrender,投降,敌军最终被迫投降。,敵軍は最終的に降伏を余儀なくされた。,The enemy forces were eventually forced to surrender.,在长时间的围困后，敌军最终被迫投降，战争宣告结束。,長時間の包囲の後、敵軍は最終的に降伏を余儀なくされ、戦争は終結した。
1817,投掷,tóu zhì,to throw sth a long distance; to hurl,投げる,他用力投掷飞盘。,彼は力を込めてフリスビーを投げた。,He threw the frisbee with force.,运动员奋力投掷标枪，力求打破个人最佳成绩。,選手は懸命にやり投げをし、自己最高記録の更新を目指した。
1818,透露,tòu lù,to leak out; to divulge,漏らす,他透露了重要机密。,彼は重要な機密を漏らした。,He revealed important secrets.,他在采访中透露了公司即将推出的新产品计划，引发广泛关注。,彼はインタビューで会社がまもなく新製品を発売する計画を明かし、広く注目を集めた。
1819,秃,tū,bald; blunt,禿げる,他年纪大了头发秃了。,彼は年をとって髪が薄くなった。,He has gotten old and his hair has thinned.,年纪大了以后，他开始出现秃顶的现象，但依然精神矍铄。,年を取ってから彼は禿げ始めたが、それでもなお元気いっぱいである。
1820,突破,tū pò,to break through; to make a breakthrough; to surmount or break the back of (a task etc); (of ball sports) to break through a defense,突破,科学家突破技术难关。,科学者は技術の難関を突破した。,Scientists broke through technical difficulties.,科学家们在技术上实现了突破，推动了人工智能的发展进程。,科学者たちは技術面で突破を達成し、人工知能の発展を促進した。
1821,图案,tú àn,design; pattern,図案,设计师设计了新图案。,デザイナーは新しいデザインを考案した。,The designer created a new pattern.,这幅画的图案设计复杂精美，体现了独特的艺术风格。,この絵の模様設計は複雑で精巧であり、独特の芸術的スタイルを表現している。
1822,徒弟,tú dì,apprentice; disciple,弟子,徒弟认真学习技艺。,弟子は真剣に技術を学んでいる。,The apprentice studies the skills diligently.,作为师傅，他耐心地教导徒弟掌握各种技能和知识。,師匠として、彼は弟子に忍耐強く様々な技術と知識を教えている。
1823,涂抹,tú mǒ,to paint; to smear; to doodle,塗る,墙面需要重新涂抹。,壁面は再び塗り直す必要がある。,The wall surface needs to be repainted.,画家用颜料在画布上涂抹出丰富的色彩和层次感。,画家は絵の具をキャンバスに塗り重ねて、豊かな色彩と層次感を表現した。
1824,途径,tú jìng,way; channel,経路,寻找问题解决的途径。,問題解決の方法を探す。,Looking for ways to solve the problem.,环境保护是实现可持续发展的重要途径，需全社会共同努力。,環境保護は持続可能な発展を実現するための重要な手段であり、社会全体の共同努力が必要である。
1825,土壤,tǔ rǎng,soil,土壌,肥沃的土壤适合种植。,肥沃な土壌は栽培に適している。,Fertile soil is suitable for planting.,土壤质量的改善对农业生产和生态环境保护具有重要意义。,土壌の質の改善は農業生産と生態環境保護に重要な意義を持つ。
1826,团结,tuán jié,a rally; to hold a rally; to join forces,団結,团队成员团结一致。,チームのメンバーは団結している。,The team members are united.,只有团结一致，才能克服困难，实现共同的目标。,団結一致することでこそ困難を克服し、共通の目標を達成できる。
1827,团体,tuán tǐ,group; organization; team; CL:个,団体,参加了环保团体活动。,環境保護団体の活動に参加した。,Participated in environmental protection group activities.,这个团体致力于公益事业，积极参与社会志愿服务活动。,この団体は公益事業に取り組み、積極的に社会のボランティア活動に参加している。
1828,团圆,tuán yuán,to have a reunion;,団欒,春节家人团圆欢聚。,春節には家族が集まり楽しく過ごす。,"During the Spring Festival, family members reunite and happily gather.",春节期间，远在异乡的游子纷纷返乡与家人团圆。,春節の期間、遠く離れた故郷にいる子どもたちは次々と帰省し、家族と団欒した。
1829,推测,tuī cè,speculation; to conjecture; to surmise; to speculate,推測,根据现象推测原因。,現象に基づいて原因を推測する。,Infer the cause based on the phenomenon.,根据现有的数据，我们可以推测市场在未来几个月将持续增长。,現有のデータに基づき、市場は今後数か月間成長を続けると推測できる。
1830,推翻,tuī fān,overthrow,覆す,革命推翻旧有制度。,革命は旧体制を打倒した。,The revolution overthrew the old system.,革命力量成功推翻了腐败的旧政权，开启了新的历史篇章。,革命勢力は腐敗した旧政権を見事に打倒し、新たな歴史の章を開いた。
1831,推理,tuī lǐ,reasoning; speculative; inference,推理,侦探用推理破案。,探偵は推理を使って事件を解決した。,The detective solved the case using reasoning.,侦探通过推理分析现场证据，逐步揭开了案件的真相。,探偵は推理によって現場の証拠を分析し、徐々に事件の真相を明らかにした。
1832,推论,tuī lùn,to infer; a deduction; a corollary; a reasoned conclusion,推論,科学家提出新的推论。,科学者は新しい推論を提唱した。,Scientists proposed a new hypothesis.,科学家们根据实验数据推论出新的理论模型，解释复杂现象。,科学者たちは実験データに基づき、新しい理論モデルを推論し、複雑な現象を説明した。
1833,推销,tuī xiāo,to market; to sell,販売促進,公司积极推销产品。,会社は積極的に製品を販売している。,The company actively markets its products.,这家公司积极推销新产品，开拓了更广阔的市场空间。,この会社は積極的に新製品を販売し、より広い市場を開拓した。
1834,吞吞吐吐,tūn tūn tǔ tǔ,"to hum and haw (idiom); to mumble as if hiding sth; to speak and break off, then start again; to hold sth back;",口ごもる,他讲话吞吞吐吐不清。,彼は話すときにどもってはっきりしない。,He speaks hesitantly and unclearly.,面对记者的提问，他吞吞吐吐，没有给出明确的答复。,記者の質問に対して彼は口ごもり、はっきりとした返答をしなかった。
1835,托运,tuō yùn,to consign (goods); to check through (baggage),委託輸送,行李已托运到目的地。,荷物はすでに目的地に預けられた。,The luggage has been checked through to the destination.,旅客可以选择托运行李，以减轻随身携带的负担。,旅行者は荷物を預けることを選択でき、手持ちの負担を軽減できる。
1836,拖延,tuō yán,to adjourn; to delay; to defer; adjournment; procrastination,先延ばし,拖延时间影响效率。,時間を引き延ばすことは効率に影響する。,Delaying time affects efficiency.,他总是拖延工作进度，导致项目无法按时完成。,彼はいつも仕事の進捗を遅らせ、プロジェクトが期限通りに完成しなかった。
1837,脱离,tuō lí,to separate oneself from; to break away from; diastasis (medicine); abscission; abjunction (botany),離脱,他已脱离危险区域。,彼はすでに危険区域から離れた。,He has already left the danger zone.,年轻人希望通过努力脱离贫困，实现生活水平的提升。,若者は努力を通じて貧困から脱却し、生活水準の向上を実現したいと望んでいる。
1838,妥当,tuǒ dang,appropriate; proper; ready,適切,方案设计得很妥当。,計画は非常に適切に設計されている。,The plan is designed very appropriately.,经过反复讨论，大家认为这个方案比较妥当，可以付诸实施。,何度も議論を重ねて、皆はこの方案が比較的妥当であり、実施可能と考えた。
1839,妥善,tuǒ shàn,appropriate; proper,適切,妥善处理突发事件。,突発事件を適切に処理する。,Properly handle emergencies.,公司对客户的投诉做出了妥善处理，赢得了良好的信誉。,会社は顧客の苦情に適切に対応し、良好な評判を得た。
1840,妥协,tuǒ xié,to compromise; to reach terms; a compromise,妥協,双方达成了妥协。,双方は妥協に達した。,Both sides reached a compromise.,双方在谈判中通过妥协达成了一致意见，避免了冲突升级。,双方は交渉で妥協を通じて合意に達し、衝突の激化を回避した。
1841,椭圆,tuǒ yuán,oval; ellipse; elliptic,楕円,椭圆形的运动轨迹。,楕円形の運動軌道。,An elliptical trajectory.,数学课上老师讲解了椭圆的定义及其几何性质，内容非常深入。,数学の授業で先生は楕円の定義とその幾何学的性質を説明し、内容は非常に深かった。
1842,唾弃,tuò qì,to spurn; to disdain;,唾棄,他对腐败行为唾弃。,彼は腐敗行為を軽蔑している。,He despises corrupt behavior.,面对背叛和欺骗，他选择唾弃过去的不公与痛苦，重新开始。,裏切りと欺瞞に直面して、彼は過去の不正と苦痛を吐き捨てて、新たな出発を選んだ。
1843,哇,wa,Wow!; sound of child's crying,わあ,哇，风景真美丽！,わあ、景色が本当に美しい！,"Wow, the scenery is really beautiful!",看到孩子第一次学会走路，妈妈激动地喊了一声“哇”，充满喜悦。,子供が初めて歩くのを見て、母親は感動して「わあ」と叫び、喜びに満ちていた。
1844,挖掘,wā jué,to excavate; to dig; to unearth,掘る,考古学家挖掘遗址。,考古学者は遺跡を発掘した。,Archaeologists excavated the site.,考古学家在遗址中挖掘出许多珍贵的文物，揭示了古代文明的辉煌。,考古学者は遺跡で多くの貴重な文物を発掘し、古代文明の輝きを明らかにした。
1845,娃娃,wá wa,baby; small child; doll,赤ちゃん,娃娃正在熟睡中。,赤ちゃんはぐっすり眠っている。,The baby is sleeping soundly.,孩子们拿着各式各样的娃娃，开心地在公园里玩耍。,子どもたちはさまざまな人形を持って、公園で楽しそうに遊んでいる。
1846,瓦解,wǎ jiě,to collapse; to disintegrate; to crumble,瓦解,敌军迅速瓦解溃散。,敵軍は迅速に瓦解し崩壊した。,The enemy forces quickly disintegrated and collapsed.,由于内部矛盾激化，组织最终瓦解，成员各奔东西。,内部の対立が激化したため、組織は最終的に瓦解し、メンバーはそれぞれ別の道を歩んだ。
1847,歪曲,wāi qū,to distort; to misrepresent,歪曲,他歪曲了事实真相。,彼は事実の真相を歪曲した。,He distorted the truth of the facts.,媒体报道被指责歪曲事实，误导了公众的认知。,メディアの報道は事実を歪曲し、一般の認識を誤らせたと非難された。
1848,外表,wài biǎo,external; outside; outward appearance,外見,外表并不能代表全部。,外見はすべてを代表するわけではない。,The appearance does not represent everything.,他虽然外表普通，但内心却充满了坚定的信念和热情。,彼は見た目は普通だが、内心は固い信念と情熱に満ちている。
1849,外行,wài háng,layman; amateur,素人,他是这方面的外行。,彼はこの分野の素人だ。,He is an outsider in this field.,作为外行，他对这项专业技术的理解还很有限，需要进一步学习。,素人として、彼はこの専門技術の理解がまだ限られており、さらなる学習が必要だ。
1850,外界,wài jiè,the outside world; external,外界,外界环境影响心情。,外部環境は気分に影響を与える。,The external environment affects mood.,外界的压力并没有影响他的决心，反而激励他更加努力奋斗。,外部からのプレッシャーは彼の決意に影響を与えず、むしろ一層の努力を促した。
1851,外向,wài xiàng,outward-looking; extrovert; extroverted (personality); export-oriented (economy),社交的,他性格外向，善于交际。,彼は性格が明るく、社交が得意です。,He has an outgoing personality and is good at socializing.,他的性格非常外向，善于与各种不同背景的人打交道，社交能力极强。,彼の性格は非常に外交的で、さまざまな異なる背景の人々と上手く付き合い、社交能力が非常に高い。
1852,丸,wán,pill,丸薬,医生给他开了止痛丸。,医者は彼に痛み止めの薬を処方しました。,The doctor prescribed him painkillers.,这些药丸每日按时服用，有助于疾病的快速恢复与治疗。,これらの薬の錠剤は毎日決まった時間に服用すると、病気の早期回復と治療に役立つ。
1853,完备,wán bèi,faultless; complete; perfect; to leave nothing to be desired,完備,资料完备，便于研究。,資料は完備しており、研究に便利です。,"The materials are complete, making research convenient.",该项目的准备工作已经完备，具备了正式启动的所有条件和资源。,このプロジェクトの準備作業はすでに完備しており、正式に開始するためのすべての条件と資源が整っている。
1854,完毕,wán bì,to finish; to end; to complete,終了,会议已经完毕，请散会。,会議はすでに終了しました。解散してください。,The meeting has ended; please disperse.,会议于下午五点正式完毕，所有议题都得到了充分讨论。,会議は午後5時に正式に終了し、すべての議題が十分に議論された。
1855,玩弄,wán nòng,to play with; to engage in; to resort to; to dally with,弄玩,他喜欢玩弄语言的技巧。,彼は言葉の技巧を弄ぶのが好きです。,He likes to play with the art of language.,他喜欢玩弄文字游戏，经常用巧妙的语言来表达含义。,彼は言葉遊びを楽しみ、巧妙な言葉で意味を表現することがよくある。
1856,玩意儿,wán yì r,"toy; plaything; thing; act; trick (in a performance, stage show, acrobatics etc)",玩具,孩子们在玩意儿店里挑选。,子供たちはおもちゃ屋で選んでいます。,The children are choosing in the toy store.,这款新出的玩意儿设计独特，深受年轻消费者的喜爱。,この新しく発売された玩具はデザインが独特で、若い消費者に非常に人気がある。
1857,顽固,wán gù,stubborn; obstinate,頑固,他对意见十分顽固不化。,彼は意見に非常に頑固です。,He is very stubborn about his opinions.,尽管面对困难，他依然顽固地坚持自己的信念和原则。,困難に直面しても、彼は頑固に自分の信念と原則を貫いている。
1858,顽强,wán qiáng,tenacious; hard to defeat,頑強,她展现出顽强的生命力。,彼女は強い生命力を示しました。,She showed tenacious vitality.,她表现出顽强的毅力，最终克服了学习上的所有障碍。,彼女は強靭な意志力を示し、最終的に学習上のすべての障害を克服した。
1859,惋惜,wǎn xī,to feel sorry for a person over sth that should have happened,惜しむ,大家对逝者深感惋惜。,皆は故人を深く惜しんでいます。,Everyone deeply mourns the deceased.,听到他的不幸遭遇，大家都感到十分惋惜和同情。,彼の不幸な出来事を聞いて、皆とても残念に思い同情した。
1860,挽回,wǎn huí,to retrieve; to redeem,挽回,努力挽回失去的信任。,失った信頼を一生懸命取り戻しています。,Making great efforts to regain lost trust.,公司及时采取措施，成功挽回了因管理不善造成的损失。,会社は適時に措置を講じ、管理の不備によって生じた損失をうまく挽回した。
1861,挽救,wǎn jiù,to save; to remedy; to rescue,救助,紧急情况需及时挽救。,緊急事態は速やかに救わなければなりません。,Emergency situations require timely rescue.,医护人员全力以赴，成功挽救了危重病人的生命。,医療スタッフは全力を尽くし、重症患者の命を無事に救った。
1862,万分,wàn fēn,very much; extremely; one ten thousandth part,非常に,他对结果万分满意。,彼は結果に非常に満足しています。,He is extremely satisfied with the result.,对于您的帮助，我们表示万分感谢，无法用言语表达我们的心意。,あなたのご助力に対して、私たちは非常に感謝しており、言葉では気持ちを表現できません。
1863,往常,wǎng cháng,habitually in the past; as one used to do formerly; as it used to be,以前,往常这里人山人海。,普段ここは人であふれています。,This place is usually crowded with people.,往常他总是按时完成工作，但最近似乎有些拖延。,彼は普段はいつも時間通りに仕事を終えていたが、最近は少し遅れ気味のようだ。
1864,往事,wǎng shì,past events; former happenings,過去,往事历历在目，难忘。,過去の出来事が鮮明に思い出され、忘れられません。,Past events are vivid in mind and unforgettable.,往事历历在目，让人既感怀念又有些伤感。,昔の出来事が鮮明に思い出され、懐かしさと少しの切なさを感じさせる。
1865,妄想,wàng xiǎng,to attempt vainly; a vain attempt,妄想,不要妄想轻易成功。,軽々しく成功を妄想してはいけません。,Do not foolishly expect to succeed easily.,他妄想通过不正当手段快速致富，最终导致了严重的法律问题。,彼は不正な手段で急速に富を得ようと妄想し、最終的に深刻な法的問題を引き起こした。
1866,危机,wēi jī,crisis; CL:个,危機,经济危机影响全球。,経済危機は世界に影響を及ぼしています。,The economic crisis affects the entire world.,面对突如其来的危机，领导层迅速制定了应对方案。,突然の危機に直面し、指導層は迅速に対応策を策定した。
1867,威风,wēi fēng,might; awe-inspiring authority; impressive,威風,军人展现出威风凛凛。,軍人は威風堂々とした姿を示しました。,The soldier displayed a majestic presence.,这位将军气宇轩昂，威风凛凛，令敌人闻风丧胆。,この将軍は風格が堂々として威厳があり、敵を震え上がらせた。
1868,威力,wēi lì,might; formidable power,威力,新技术具有强大威力。,新技術は強大な威力を持っています。,The new technology has powerful capabilities.,这台机器的威力强大，能够高效完成复杂的工业任务。,この機械の威力は強力で、複雑な工業作業を効率よく完了できる。
1869,威望,wēi wàng,prestige,威望,他在业内享有威望。,彼は業界内で威望があります。,He enjoys prestige within the industry.,他在学术界享有极高的威望，许多年轻学者敬仰他。,彼は学術界で非常に高い威望を持ち、多くの若い学者が彼を敬愛している。
1870,威信,wēi xìn,"(of a government, etc.) prestige and public reliance",威信,领导威信不容挑战。,リーダーの威信は挑戦を許しません。,The leader's authority cannot be challenged.,作为领导者，他凭借威信赢得了团队的信任和支持。,リーダーとして、彼は威信によってチームの信頼と支持を勝ち得た。
1871,微不足道,wēi bù zú dào,negligible; insignificant,微小,这些问题微不足道。,これらの問題は取るに足りません。,These problems are insignificant.,与整个工程的投入相比，这笔费用微不足道，不会对预算造成影响。,プロジェクト全体の投資と比較すると、この費用は取るに足らず、予算に影響を与えない。
1872,微观,wēi guān,micro-; sub-atomic,ミクロ,微观结构决定性质。,微細な構造が性質を決定します。,Microscopic structure determines properties.,科学家们通过微观观察揭示了细胞内部复杂的结构和功能。,科学者たちは微視的な観察を通じて細胞内部の複雑な構造と機能を明らかにした。
1873,为难,wéi nán,feel embarrassed or awkward; to make things difficult (for someone); to find things difficult (to do or manage),困る,这样的要求让我为难。,このような要求は私を困らせます。,Such a request puts me in a difficult position.,面对同事的要求，他感到有些为难，不知道该如何拒绝。,同僚の要求に直面し、彼は少し困惑しており、どう断るべきか分からない。
1874,为期,wéi qī,(to be done) by (a certain date); lasting (a certain time),期限,项目为期三个月完成。,プロジェクトは三ヶ月の期間で完成します。,The project will be completed within three months.,这次培训计划为期三个月，旨在提升员工的专业技能。,今回の研修計画は3ヶ月間で、従業員の専門技能向上を目的としている。
1875,唯独,wéi dú,only; just (i.e. it is only that...); all except; unique,唯一,唯独他未能参加会议。,彼だけが会議に参加できませんでした。,Only he was unable to attend the meeting.,唯独他一个人没有参加会议，原因不得而知。,ただ彼一人だけが会議に参加せず、その理由は不明である。
1876,维持,wéi chí,to keep; to maintain; to preserve,維持,维持秩序十分重要。,秩序を維持することは非常に重要です。,Maintaining order is very important.,为了保证设备正常运行，技术人员每天都要维持设备的良好状态。,設備の正常な運用を保証するために、技術者は毎日設備の良好な状態を維持している。
1877,维护,wéi hù,to defend; to safeguard; to protect; to uphold; to maintain,保護,维护环境是共同责任。,環境を守ることは共通の責任です。,Protecting the environment is a shared responsibility.,警方积极维护社会治安，确保居民生活环境的安全稳定。,警察は積極的に社会の治安を維持し、住民の生活環境の安全と安定を確保している。
1878,维生素,wéi shēng sù,vitamin,ビタミン,水果富含维生素C。,果物はビタミンCを豊富に含んでいます。,Fruits are rich in vitamin C.,维生素对人体健康至关重要，缺乏会导致多种疾病。,ビタミンは人体の健康に極めて重要で、不足するとさまざまな病気を引き起こす。
1879,违背,wéi bèi,to violate; to be contrary to,違反,违背规定将受处罚。,規則に違反すると罰せられます。,Violating the rules will result in punishment.,他的行为明显违背了公司的规章制度，必须受到相应处罚。,彼の行為は明らかに会社の規則に違反しており、相応の処罰を受けなければならない。
1880,伪造,wěi zào,to forge; to fake; to counterfeit,偽造,伪造证件是严重犯罪。,証明書の偽造は重大な犯罪です。,Forgery of documents is a serious crime.,为了诈骗，他伪造了大量假证件，最终被警方抓获。,詐欺のために彼は大量の偽造証明書を作成し、最終的に警察に逮捕された。
1881,委托,wěi tuō,to entrust; to trust; to commission,委託,他委托律师处理事务。,彼は弁護士に事務を委託しました。,He entrusted the lawyer to handle affairs.,客户委托我们设计一套完整的品牌推广方案，要求专业且创新。,顧客は私たちに完全なブランドプロモーションプランの設計を委託し、専門的で革新的なものを求めている。
1882,委员,wěi yuán,committee member; committee; council; CL:个,委員,他是委员会委员。,彼は委員会の委員です。,He is a member of the committee.,作为委员会的委员，他积极参与各项决策和讨论工作。,委員会の委員として、彼は積極的に各種の決定や議論に参加している。
1883,卫星,wèi xīng,(space) satellite; CL:颗[ke1],衛星,卫星发射取得成功。,衛星の打ち上げは成功しました。,The satellite launch was successful.,通讯卫星的发射极大地推动了全球信息传递的速度和范围。,通信衛星の打ち上げは、世界中の情報伝達の速度と範囲を大幅に促進した。
1884,喂,wèi,to feed (sb or some animal),もしもし,喂，你听得到吗？,もしもし、聞こえますか？,"Hello, can you hear me?",喂，请问这里是图书馆吗？我想咨询一下开放时间。,もしもし、こちらは図書館でしょうか？開館時間についてお尋ねしたいのですが。
1885,慰问,wèi wèn,"to express sympathy, greetings, consolation etc",慰問,领导亲自慰问灾民。,リーダーは自ら災害被災者を見舞いました。,The leader personally visited and comforted the disaster victims.,领导亲自前往灾区慰问受灾群众，表达了深切的关怀和支持。,指導者は自ら災害地域に赴き、被災者に慰問し、深い思いやりと支援を表明した。
1886,未免,wèi miǎn,unavoidable; a bit too much; over the top (you exaggerate),免れない,此举未免太过冒险。,この行動はあまりにも危険すぎます。,This move is somewhat too risky.,他的说法未免有些夸张，实际情况并没有那么严重。,彼の言い方はやや誇張し過ぎで、実際の状況はそれほど深刻ではない。
1887,畏惧,wèi jù,to fear; to dread; foreboding,恐れる,他畏惧失败的风险。,彼は失敗のリスクを恐れています。,He fears the risk of failure.,面对强敌，他毫无畏惧，勇敢地迎接挑战。,強敵に直面しても彼は全く恐れず、勇敢に挑戦を迎えた。
1888,蔚蓝,wèi lán,azure; sky blue;,青空,蔚蓝天空令人心旷神怡。,青く澄んだ空は心を爽やかにします。,The azure sky refreshes the mind.,蔚蓝的天空下，白云悠悠，风景美不胜收。,青く澄んだ空の下、白い雲がゆったりと漂い、景色はたいへん美しい。
1889,温带,wēn dài,temperate zone,温帯,这里属于温带气候。,ここは温帯気候に属します。,This area belongs to the temperate climate zone.,温带气候适合多种农作物的生长，是农业发展的重要区域。,温帯気候はさまざまな農作物の生育に適しており、農業発展の重要な地域である。
1890,温和,wēn hé,moderate (policy etc),温和,他性格温和，待人亲切。,彼は性格が温和で、人に親切です。,He has a gentle personality and is kind to others.,他性格温和，善于与人沟通，深受同事们的喜爱。,彼は性格が温和で、人と上手くコミュニケーションをとり、同僚たちに非常に好かれている。
1891,文凭,wén píng,diploma,卒業証書,她获得了大学文凭。,彼女は大学の卒業証書を取得しました。,She obtained a university diploma.,毕业后，她凭借优异的成绩顺利获得了硕士文凭。,卒業後、彼女は優秀な成績によって無事に修士の学位を取得した。
1892,文物,wén wù,"cultural relic; historical relic; CL:件[jian4] ,个",文化財,博物馆收藏珍贵文物。,博物館は貴重な文物を収蔵しています。,The museum houses precious cultural relics.,博物馆收藏了大量珍贵的文物，展示了丰富的历史文化。,博物館は大量の貴重な文物を収蔵しており、豊かな歴史文化を展示している。
1893,文献,wén xiàn,document,文献,参考大量历史文献。,大量の歴史文献を参考にしました。,Referred to a large amount of historical literature.,研究人员查阅了大量的文献资料，为论文提供了坚实的理论基础。,研究者は大量の文献資料を調査し、論文に堅実な理論的基盤を提供した。
1894,文雅,wén yǎ,elegant; refined,上品,他的言谈举止非常文雅。,彼の言動は非常に上品です。,His speech and manners are very elegant.,她的举止文雅，总是给人留下良好的印象。,彼女の振る舞いは上品で、いつも良い印象を与える。
1895,文艺,wén yì,literature and art,文学芸術,文艺作品反映社会现实。,文芸作品は社会の現実を反映しています。,Literary and artistic works reflect social realities.,这部电影融合了丰富的文艺元素，获得了观众的高度评价。,この映画は豊かな文芸要素を融合しており、観客から高い評価を得た。
1896,问世,wèn shì,to be published; to come out,発表,新书即将问世发行。,新しい本がまもなく出版されます。,The new book will be published soon.,这本新书即将问世，作者希望能引起广泛关注。,この新しい本はまもなく出版され、著者は広範な注目を集めたいと考えている。
1897,窝,wō,nest; pit or hollow on the human body; lair; den; place; to harbor or shelter; to hold in check; to bend; classifier for litters and broods,巣,鸟儿回到温暖的窝。,鳥たちは暖かい巣に戻ります。,The birds return to their warm nests.,小猫在温暖的窝里安静地睡着了，显得非常满足。,子猫は暖かい巣の中で静かに眠っており、とても満足そうだ。
1898,乌黑,wū hēi,jet-black; dark,真っ黒,他的头发乌黑浓密。,彼の髪は黒くて濃いです。,His hair is black and thick.,她有一头乌黑亮丽的长发，令人羡慕不已。,彼女は艶やかで真っ黒な長い髪を持ち、多くの人が羨む。
1899,污蔑,wū miè,slander,中傷,污蔑他人是不道德的。,他人を中傷するのは非道徳的です。,Slandering others is immoral.,面对污蔑和诽谤，他始终坚持用事实来证明自己的清白。,中傷や誹謗に直面しても、彼は常に事実で自分の潔白を証明し続けた。
1900,诬陷,wū xiàn,to entrap; to frame; to plant false evidence against sb,でっち上げ,他被诬陷犯了罪行。,彼は罪をでっち上げられました。,He was falsely accused of committing a crime.,敌对势力试图诬陷他参与非法活动，结果被揭穿了阴谋。,敵対勢力は彼を違法活動に関与していると誣告しようとしたが、陰謀は暴かれた。
1901,无比,wú bǐ,matchless,比類ない,他的才能无比出众。,彼の才能は比類なく優れている。,His talent is exceptionally outstanding.,他的才华和努力使他在艺术领域取得了无比辉煌的成就，令人敬佩。,彼の才能と努力は彼を芸術分野で比類なき輝かしい成果に導き、人々を敬服させた。
1902,无偿,wú cháng,free; no charge; at no cost,無償の,志愿者提供无偿服务。,ボランティアは無償でサービスを提供する。,Volunteers provide services free of charge.,这项科研项目得到了无偿的资助，保证了研究的顺利进行。,この研究プロジェクトは無償の資金援助を得て、研究の円滑な進行が保証された。
1903,无耻,wú chǐ,without any sense of shame; unembarrassed; shameless,恥知らず,他表现得非常无耻。,彼は非常に恥知らずに振る舞った。,He behaved very shamelessly.,面对明显的错误，他却无耻地推卸责任，令人愤怒不已。,明らかな誤りに直面しても、彼は恥知らずに責任を押し付け、憤りを覚えさせた。
1904,无动于衷,wú dòng yú zhōng,aloof; indifferent; unconcerned,無関心,他对问题无动于衷。,彼は問題に対して無関心だ。,He is indifferent to the problem.,尽管社会上有诸多不公现象，他依然无动于衷，毫无反应。,社会に多くの不公平な現象があっても、彼はまったく無関心で、何の反応も示さなかった。
1905,无非,wú fēi,only; nothing else,ただ〜だけ,无非是想帮忙而已。,単に助けたいだけだ。,It's simply that he wants to help.,他提出的建议无非是为了提高工作效率，值得认真考虑。,彼の提案は単に仕事の効率を向上させるためのものであり、真剣に検討する価値がある。
1906,无辜,wú gū,innocent; innocence; not guilty (law);,無実の,他是无辜受害者。,彼は無実の被害者だ。,He is an innocent victim.,他在这起事故中是无辜的，警方已经证实了他的清白。,彼はこの事故では無実であり、警察は彼の潔白を証明した。
1907,无精打采,wú jīng dǎ cǎi,dispirited and downcast (idiom); listless; in low spirits; washed out,元気なし,她今天无精打采。,彼女は今日は元気がない。,She is listless today.,连续加班让他感到无精打采，工作效率明显下降。,連続の残業で彼は元気がなくなり、仕事の効率が明らかに低下した。
1908,无赖,wú lài,hoodlum; rascal; rogue; rascally; scoundrelly,無頼漢,那些无赖扰乱秩序。,あの不良たちが秩序を乱している。,Those rascals are disturbing the order.,那个无赖经常欺骗别人，已经被大家所唾弃。,あの無頼漢はよく他人を騙し、すでに皆に軽蔑されている。
1909,无理取闹,wú lǐ qǔ nào,to make trouble without reason (idiom); deliberately awkward; pointless provocation; willful trouble maker,理不尽な騒ぎ,别无理取闹影响大家。,理不尽に騒いで皆に迷惑をかけるな。,Don't make unreasonable trouble and affect everyone.,他总是无理取闹，让同事们感到非常困扰和不满。,彼はいつも理不尽に騒ぎ立て、同僚たちを非常に困らせ、不満にさせている。
1910,无能为力,wú néng wéi lì,impotent (idiom); powerless; helpless,無力,面对灾难无能为力。,災害に直面して無力だ。,Helpless in the face of disaster.,面对复杂的问题，我们有时也会感到无能为力，只能寻求帮助。,複雑な問題に直面するとき、私たちは時に無力さを感じ、ただ助けを求めるしかない。
1911,无穷无尽,wú qióng wú jìn,"vast and limitless (idiom); endless span of time; no vestige of a beginning, no prospect of an end",無限,知识是无穷无尽的。,知識は無限に尽きることがない。,Knowledge is infinite and endless.,宇宙的奥秘是无穷无尽的，科学家们永远探索不完。,宇宙の神秘は無限であり、科学者たちは永遠に探求し続ける。
1912,无微不至,wú wēi bù zhì,in every possible way (idiom); meticulous,細やか,护士无微不至照顾。,看護師は細やかに世話をする。,The nurse takes meticulous care.,她对病人的照顾无微不至，体现了医者的仁心仁术。,彼女は患者の世話を細やかに行い、医者の仁心仁術を体現している。
1913,无忧无虑,wú yōu wú lv4,carefree and without worries (idiom),無憂無慮,童年时代无忧无虑。,子供時代は無憂無慮だった。,Childhood was carefree and worry-free.,童年时光的无忧无虑，是人生中最美好的回忆之一。,童年時代の憂いのない日々は、人生で最も美しい思い出の一つである。
1914,无知,wú zhī,ignorance,無知,无知导致误判局势。,無知が状況の誤判断を招く。,Ignorance leads to misjudgment of the situation.,他对这个问题的无知导致了严重的误判，影响很大。,彼のこの問題に対する無知が深刻な誤判断をもたらし、大きな影響を与えた。
1915,侮辱,wǔ rǔ,to insult; to humiliate; dishonor,侮辱,言语侮辱令人愤怒。,言葉による侮辱は人を怒らせる。,Verbal insults make people angry.,任何形式的侮辱都会伤害人的尊严，应该被坚决反对。,いかなる形の侮辱も人の尊厳を傷つけ、断固として反対されるべきである。
1916,武器,wǔ qì,weapon; arms; CL:种[zhong3],武器,军队装备先进武器。,軍隊は先進的な武器を装備している。,The army is equipped with advanced weapons.,现代武器的发展极大地改变了战争的形式和战略。,現代の武器の発展は戦争の形式や戦略を大きく変えた。
1917,武侠,wǔ xiá,"martial arts chivalry (Chinese literary, theatrical and cinema genre); knight-errant",武侠,武侠小说深受欢迎。,武侠小説は非常に人気がある。,Martial arts novels are very popular.,武侠小说以其独特的江湖世界和英雄情怀深受读者喜爱。,武侠小説はその独特な江湖の世界と英雄的な情懐で読者に愛されている。
1918,武装,wǔ zhuāng,arms; equipment; to arm; military; armed (forces),武装,士兵们武装整齐。,兵士たちは武装が整っている。,The soldiers are well-armed.,军队的武装升级是保障国家安全的重要手段之一。,軍隊の武装強化は国家安全保障の重要な手段の一つである。
1919,舞蹈,wǔ dǎo,dance,舞踊,她擅长现代舞蹈。,彼女はモダンダンスが得意だ。,She is good at modern dance.,她从小学习舞蹈，凭借坚持和天赋成为了著名舞者。,彼女は幼い頃から舞踊を学び、努力と才能で有名なダンサーになった。
1920,务必,wù bì,must; to need to; to be sure to,必ず,务必按时完成任务。,必ず期限までに任務を完了しなければならない。,You must complete the task on time.,参加考试务必带齐证件，以免影响考试资格。,試験に参加する際は必ず証明書をすべて持参し、試験資格に影響が出ないようにしなければならない。
1921,物美价廉,wù měi jià lián,cheap and fine; attractive in price and quality,品質良安価,这家店物美价廉。,この店は品質が良く価格も安い。,This store offers good quality and low prices.,这家商店的商品物美价廉，吸引了大量顾客光顾。,この店の商品は品質が良く価格も安いため、多くの顧客を引きつけている。
1922,物业,wù yè,property; real estate; property management;,不動産管理,物业服务需加强。,管理サービスを強化する必要がある。,Property management services need to be strengthened.,物业管理公司负责小区的日常维护和安全保障工作。,不動産管理会社は住宅地の日常の維持管理と安全保障の業務を担当している。
1923,物资,wù zī,goods and materials,物資,灾区紧急物资运抵。,災害地域に緊急物資が到着した。,Emergency supplies have arrived in the disaster area.,紧急救援需要大量的物资支持，包括食品和医疗用品。,緊急救援には大量の物資支援が必要で、食料や医療用品が含まれる。
1924,误差,wù chā,difference; error; inaccuracy,誤差,实验数据误差较小。,実験データの誤差は比較的小さい。,The experimental data has relatively small errors.,实验数据存在一定的误差，需要多次重复测试以确保准确性。,実験データには一定の誤差があり、正確さを確保するために何度もテストを繰り返す必要がある。
1925,误解,wù jiě,to misunderstand; to misread; misunderstanding,誤解,沟通避免产生误解。,コミュニケーションは誤解を避けるために重要だ。,Communication is important to avoid misunderstandings.,由于沟通不畅，双方产生了误解，导致合作出现困难。,意思疎通がうまくいかず、双方に誤解が生じたため、協力に困難が生じた。
1926,夕阳,xī yáng,sunset; the setting sun,夕日,夕阳映红了天空。,夕日が空を赤く染めた。,The sunset reddened the sky.,夕阳西下，金色的余晖洒满了整个山谷，美不胜收。,夕陽が西に沈み、金色の残光が谷全体に降り注ぎ、非常に美しい景色だった。
1927,昔日,xī rì,formerly; in olden days,昔日,昔日好友重聚欢笑。,昔の友人たちが再会して笑い合った。,Old friends reunited and laughed together.,昔日的朋友虽已各奔东西，但回忆依然温暖心田。,かつての友人たちはそれぞれの道を歩んでいるが、思い出は今も心を温めている。
1928,溪,xī,creek; rivulet,小川,溪水清澈见底。,小川の水は澄んでいて底まで見える。,The creek water is clear and you can see the bottom.,清澈的溪水在山间缓缓流淌，带来阵阵清凉。,澄んだ小川の水が山間をゆっくり流れ、涼しさをもたらしている。
1929,熄灭,xī miè,to stop burning; to go out (of fire); to die out; extinguished,消火,火焰迅速熄灭了。,火は素早く消えた。,The flame was quickly extinguished.,火灾被及时扑灭，幸好没有人员伤亡和财产损失。,火災は迅速に消し止められ、幸いにも人的被害や財産の損失はなかった。
1930,牺牲,xī shēng,to sacrifice oneself; to lay down one's life; to do sth at the expense of; beast slaughtered for sacrifice; sacrifice; CL:个,犠牲,他为国牺牲生命。,彼は国のために命を犠牲にした。,He sacrificed his life for the country.,为了救助他人，他毫不犹豫地做出了巨大的牺牲。,他人を救うために、彼は躊躇せずに大きな犠牲を払った。
1931,膝盖,xī gài,knee,膝,膝盖受伤需休息。,膝をけがして休む必要がある。,The knee is injured and needs rest.,运动时膝盖受伤可能会影响长时间的恢复和训练计划。,運動中に膝を負傷すると、長期間の回復やトレーニング計画に影響を及ぼす可能性がある。
1932,习俗,xí sú,custom; tradition; local tradition; convention,習慣,传统习俗代代相传。,伝統的な習慣は代々受け継がれている。,Traditional customs are passed down from generation to generation.,不同地区有着各具特色的习俗，反映了丰富的文化内涵。,異なる地域にはそれぞれ特色ある習俗があり、豊かな文化的内涵を反映している。
1933,媳妇,xí fu,daughter-in-law; wife (of a younger man); young married woman; young woman,嫁,媳妇热情待客。,嫁は客に熱心に接する。,The daughter-in-law warmly entertains guests.,他娶了一位贤惠的媳妇，家庭生活幸福美满。,彼は賢くて思いやりのある嫁を娶り、家庭生活は幸福に満ちている。
1934,袭击,xí jī,an attack (esp. surprise attack); raid; to attack,襲撃,敌军夜晚袭击营地。,敵軍は夜にキャンプを襲撃した。,The enemy army attacked the camp at night.,敌军突然发动了袭击，造成了严重的人员伤亡。,敵軍が突然奇襲をかけ、深刻な人的被害をもたらした。
1935,喜闻乐见,xǐ wén lè jiàn,a delight to see (idiom); an attractive spectacle,喜ばれる,这部电影喜闻乐见。,この映画は多くの人に好まれている。,This movie is widely enjoyed.,这部电影情节紧凑，喜闻乐见，适合各年龄段观众观看。,この映画はストーリーが緊密で、多くの人に喜ばれ、あらゆる年齢層の観客に適している。
1936,喜悦,xǐ yuè,happy; joyous,喜び,成功带来极大喜悦。,成功は大きな喜びをもたらす。,Success brings great joy.,听到好消息后，他的脸上露出了由衷的喜悦笑容。,良い知らせを聞いて、彼の顔には心からの喜びの笑顔が浮かんだ。
1937,系列,xì liè,series,シリーズ,新系列产品即将发布。,新しいシリーズ製品がまもなく発売される。,The new series of products will be released soon.,这家公司推出了一系列新产品，满足不同消费者的需求。,この会社は一連の新製品を発売し、さまざまな消費者のニーズを満たしている。
1938,细菌,xì jūn,bacterium; germ; CL:种[zhong3],細菌,细菌感染需及时治疗。,細菌感染は早期に治療する必要がある。,Bacterial infections need timely treatment.,细菌的繁殖速度极快，需要采取有效的消毒措施防止感染。,細菌の繁殖速度は非常に速いため、効果的な消毒措置を講じて感染を防ぐ必要がある。
1939,细胞,xì bāo,cell (biology),細胞,细胞分裂是生命基础。,細胞分裂は生命の基礎だ。,Cell division is the foundation of life.,人体的细胞不断分裂和更新，维持生命的正常运转。,人体の細胞は絶えず分裂と更新を繰り返し、生命の正常な運営を維持している。
1940,细致,xì zhì,delicate; fine; careful; meticulous; painstaking,細かい,工作态度细致认真。,仕事の態度は細かく真剣だ。,The work attitude is meticulous and serious.,他对工作一丝不苟，做事非常细致，得到领导的高度评价。,彼は仕事に細心で、非常に緻密に物事を行い、上司から高い評価を得ている。
1941,峡谷,xiá gǔ,canyon; gill; ravine,峡谷,峡谷风景壮丽迷人。,峡谷の風景は壮麗で魅力的だ。,The canyon scenery is magnificent and charming.,峡谷两侧峭壁陡峭，风景壮丽，是旅游胜地之一。,峡谷の両側は急峻な絶壁で、風景は壮麗であり、観光名所の一つである。
1942,狭隘,xiá ài,narrow; tight; narrow minded; lacking in experience,狭量,他性格狭隘难相处。,彼は性格が狭量で付き合いにくい。,He has a narrow-minded personality and is hard to get along with.,他的思想非常狭隘，难以接受不同的观点和意见。,彼の考えは非常に偏狭で、異なる見解や意見を受け入れにくい。
1943,狭窄,xiá zhǎi,narrow,狭い,这条路非常狭窄。,この道は非常に狭い。,This road is very narrow.,这条街道狭窄，车辆通行十分不便，常常堵车。,この通りは狭く、車の通行が非常に不便で、しばしば渋滞する。
1944,霞,xiá,red clouds,夕焼け,天空映出绚丽霞光。,空に鮮やかな夕焼けが映し出された。,The sky reflected a brilliant sunset glow.,清晨的天空映照着绚丽的霞光，预示着美好的一天开始。,朝の空は鮮やかな朝焼けに照らされ、素晴らしい一日の始まりを予感させた。
1945,下属,xià shǔ,subordinate; underling,部下,他对下属十分关心。,彼は部下をとても気にかけている。,He cares deeply about his subordinates.,作为领导，他善于管理下属，激发团队的潜力和创造力。,リーダーとして、彼は部下の管理に優れ、チームの潜在能力と創造力を引き出している。
1946,先进,xiān jìn,advanced (technology); to advance,先進的,公司采用先进技术。,会社は先進技術を採用している。,The company adopts advanced technology.,这家企业采用先进技术，提高了生产效率和产品质量。,この企業は先進技術を導入し、生産効率と製品品質を向上させた。
1947,先前,xiān qián,before; previously,以前,先前计划已被修改。,以前の計画はすでに修正された。,The previous plan has been modified.,先前的研究结果为本次实验提供了重要的理论基础。,以前の研究成果が今回の実験に重要な理論的基盤を提供した。
1948,掀起,xiān qǐ,to lift; to raise in height; to begin; upsurge; to set off (a campaign),巻き起こす,新政策掀起热潮。,新政策が熱狂的な反響を呼んだ。,The new policy sparked a wave of enthusiasm.,这场运动迅速掀起了全民健身的新热潮，影响深远。,この運動は急速に国民全体の健康ブームを巻き起こし、影響は深遠である。
1949,纤维,xiān wéi,fiber; CL:种[zhong3],繊維,纤维材料广泛应用。,繊維材料は広く応用されている。,Fiber materials are widely applied.,膳食纤维有助于促进消化，预防便秘，是健康饮食的重要组成部分。,食物繊維は消化促進や便秘予防に役立ち、健康的な食生活の重要な構成要素である。
1950,鲜明,xiān míng,bright; clear-cut; distinct,鮮明,图片色彩鲜明生动。,写真の色彩は鮮やかで生き生きとしている。,The colors in the picture are vivid and lively.,他的观点鲜明，有理有据，在讨论中占据了主导地位。,彼の意見は明確で、理にかなっており、議論の中で主導的な地位を占めている。
1951,嫌,xián,"to dislike; suspicion; resentment; enmity; abbr. for 嫌嫌犯[xian2 fan4] , criminal suspect",嫌う,他嫌麻烦，不愿参与。,彼は面倒を嫌い、参加したがらない。,He dislikes trouble and is unwilling to participate.,他之所以嫌弃这个提议，是因为觉得执行起来难度太大。,彼がこの提案を嫌う理由は、実行が非常に難しいと感じているからです。
1952,嫌疑,xián yí,suspicion; (be) suspected (of),嫌疑,警方锁定了嫌疑人。,警察は容疑者を特定した。,The police have identified the suspect.,警方正在调查这起案件中主要嫌疑人的身份和动机。,警察はこの事件の主な容疑者の身元と動機を調査しています。
1953,弦,xián,bow string; string of musical instrument; watchspring; chord (segment of curve); hypotenuse; CL:根[gen1],弦,琴弦断了需要换新。,弦が切れたので新しいものに交換する必要がある。,The string broke and needs to be replaced.,古筝的弦需要定期调整才能保持最佳音质。,古筝の弦は定期的に調整しなければ最良の音質を保てません。
1954,衔接,xián jiē,to join together; to combine,接続,两地铁路完美衔接。,二つの地域の鉄道が完璧に接続している。,The railways of the two places connect perfectly.,这两个章节的内容衔接得非常自然，逻辑清晰。,この二つの章の内容は非常に自然に連結しており、論理が明確です。
1955,贤惠,xián huì,chaste; virtuous,賢淑,她性格贤惠，善解人意。,彼女は性格が賢く、思いやりがある。,She has a virtuous personality and is understanding.,她不仅贤惠贤良，还能很好地处理家庭和工作之间的关系。,彼女は賢慧で優しいだけでなく、家庭と仕事の関係をうまく処理できます。
1956,闲话,xián huà,digression; gossip; complaint; scandal; CL:段[duan4],陰口,闲话伤人，应当避免。,無駄話は人を傷つけるので避けるべきだ。,Idle talk hurts people and should be avoided.,闲话少说，专心做好手头的工作才是最重要的。,余計な雑談はやめて、目の前の仕事に専念することが最も重要です。
1957,显著,xiǎn zhù,outstanding; notable; remarkable,顕著,成绩提升显著，令人欣慰。,成績の向上が著しく、安心させられる。,The improvement in results is significant and gratifying.,经过这次改革，公司的业绩有了显著的提升。,今回の改革により、会社の業績は顕著に向上しました。
1958,宪法,xiàn fǎ,constitution (of a country),憲法,宪法保障公民基本权利。,憲法は市民の基本的な権利を保障している。,The constitution guarantees citizens' basic rights.,宪法是国家的根本大法，保障公民的基本权利。,憲法は国家の根本法であり、市民の基本的な権利を保障しています。
1959,现场,xiàn chǎng,lit. actual location; the scene (of the incident); on-the-spot,現場,记者赶赴事故现场报道。,記者は事故現場に急行して報道した。,Reporters rushed to the accident site to report.,事故发生后，救援人员第一时间赶到现场进行处置。,事故発生後、救助隊は直ちに現場に駆けつけて対処しました。
1960,现成,xiàn chéng,ready-made; readily available,既製,现成方案节省了时间。,既成の方案が時間を節約した。,The ready-made plan saved time.,这些现成的材料可以帮助我们快速完成项目的设计。,これらの既製の資料は私たちがプロジェクトの設計を迅速に完成するのに役立ちます。
1961,现状,xiàn zhuàng,current situation,現状,我们必须面对现实现状。,私たちは現実の状況に直面しなければならない。,We must face the current reality.,面对当前的经济现状，企业必须调整发展战略。,現在の経済状況に直面して、企業は発展戦略を調整しなければなりません。
1962,线索,xiàn suǒ,trail; clues; thread (of a story),手掛かり,警方获得了重要线索。,警察は重要な手がかりを得た。,The police obtained important clues.,警方通过细致调查找到了破案的重要线索。,警察は綿密な調査を通じて事件解決の重要な手がかりを見つけました。
1963,陷害,xiàn hài,to frame (up); to make false charges against,陥害,他被恶意陷害入狱。,彼は悪意のある陥れによって投獄された。,He was maliciously framed and imprisoned.,他被无辜地陷害，经历了漫长的司法审判过程。,彼は無実にもかかわらず陥れられ、長い司法審判の過程を経験しました。
1964,陷阱,xiàn jǐng,pitfall; snare; trap;,罠,敌人布下了致命陷阱。,敵は致命的な罠を仕掛けた。,The enemy set a deadly trap.,为了避免落入陷阱，我们必须保持高度警惕和理智。,罠に陥らないように、私たちは高度な警戒心と冷静さを保たなければなりません。
1965,陷入,xiàn rù,to sink into; to get caught up in; to land in (a predicament),陥る,她陷入了深深的困境。,彼女は深い困難に陥った。,She fell into deep difficulties.,由于经济危机，许多企业陷入了资金链断裂的困境。,経済危機のため、多くの企業が資金繰りの破綻という困難に陥りました。
1966,馅儿,xiàn r,"stuffing; filling, e.g. in 包子[bao3 zi5] or 饺子[jiao3 zi5]",具材,包子里有丰富的馅儿。,包子の中には豊富な具が入っている。,The steamed bun contains a rich filling.,这款饺子馅儿采用了多种新鲜食材，味道非常鲜美。,この餃子の具は多種多様な新鮮な食材を使っており、味が非常に美味しいです。
1967,乡镇,xiāng zhèn,village; township,郷鎮,乡镇经济快速发展。,郷鎮の経済が急速に発展している。,The township economy is developing rapidly.,乡镇的发展对于促进农村经济振兴起到了关键作用。,郷鎮の発展は農村経済の活性化を促進する上で重要な役割を果たしています。
1968,相差,xiāng chà,to differ; discrepancy between,差異,两人观点相差甚远。,二人の意見は大きく異なる。,The two people's viewpoints differ greatly.,尽管两者相差甚远，但他们仍然保持着良好的合作关系。,両者は大きく異なるものの、それでも良好な協力関係を維持しています。
1969,相等,xiāng děng,equal; equally; equivalent,等しい,权利和义务相等重要。,権利と義務は同じくらい重要だ。,Rights and obligations are equally important.,在这次考试中，两位考生的成绩几乎相等，难分高下。,今回の試験で、二人の受験者の成績はほぼ同等で、優劣をつけがたいです。
1970,相辅相成,xiāng fǔ xiāng chéng,to complement one another (idiom),相補う,两种方法相辅相成。,二つの方法は互いに補い合っている。,The two methods complement each other.,理论与实践相辅相成，缺一不可，才能取得最佳效果。,理論と実践は相互に補い合い、一方が欠けることなく、最高の効果を得られます。
1971,相应,xiāng yìng,to correspond; answering (one another); to agree (among the part); corresponding; relevant; appropriate; (modify) accordingly,対応,政策相应调整以应对。,政策は対応して調整された。,Policies were adjusted accordingly to respond.,政府出台的政策相应地调整了相关行业的发展方向。,政府が出した政策に応じて、関連業界の発展方向が調整されました。
1972,镶嵌,xiāng qiàn,to inlay; to embed; to set (e.g. a jewel in a ring); tiling; tesselation,嵌め込む,珠宝上镶嵌着宝石。,宝石には宝石がはめ込まれている。,The jewelry is inlaid with gemstones.,这幅镶嵌画由数百块彩色玻璃组成，色彩斑斓。,このモザイク画は数百枚の色ガラスで構成されており、色彩が豊かです。
1973,响亮,xiǎng liàng,loud and clear; resounding,響き渡る,他的声音响亮而洪亮。,彼の声は大きくて響き渡る。,His voice is loud and resonant.,他的声音响亮洪亮，能够轻松吸引听众的注意力。,彼の声は響きが良く大きく、容易に聴衆の注意を引くことができます。
1974,响应,xiǎng yìng,respond to; answer; CL:个,応じる,群众积极响应号召。,群衆は積極的に呼びかけに応じた。,The masses actively responded to the call.,社区居民积极响应环保号召，参与垃圾分类活动。,地域住民は積極的に環境保護の呼びかけに応じて、ごみ分別活動に参加しています。
1975,想方设法,xiǎng fāng shè fǎ,"to think up every possible method (idiom); to devise ways and means; to try this, that and the other",工夫する,他想方设法解决难题。,彼はあらゆる方法を考えて難題を解決した。,He tried every possible way to solve the problem.,为了完成任务，他想方设法克服了各种困难和挑战。,任務を遂行するために、彼はあらゆる困難や挑戦を乗り越える方法を考えました。
1976,向导,xiàng dǎo,guide,案内人,导游是我们的向导。,ガイドは私たちの案内人だ。,The tour guide is our guide.,导游作为向导，详细介绍了景区的历史和文化背景。,ガイドは案内役として、観光地の歴史と文化的背景を詳しく紹介しました。
1977,向来,xiàng lái,always; all along,ずっと,他向来坚持自己的原则。,彼はいつも自分の原則を貫いている。,He always sticks to his principles.,他向来注重细节，工作中从不马虎大意。,彼は昔から細部に注意を払い、仕事中は決していい加減ではありません。
1978,向往,xiàng wǎng,to yearn for; to look forward to,憧れる,她向往自由的生活。,彼女は自由な生活を憧れている。,She yearns for a free life.,许多人向往自由自在的生活，希望远离城市的喧嚣。,多くの人が自由気ままな生活を憧れ、都市の喧騒から離れたいと思っています。
1979,巷,xiàng,lane; alley,路地,老巷里藏着许多故事。,古い路地には多くの物語が隠されている。,Many stories are hidden in the old alley.,那条巷子虽然狭窄，但充满了浓厚的生活气息。,あの路地は狭いですが、濃厚な生活の雰囲気に満ちています。
1980,相声,xiàng sheng,comic dialog; sketch; crosstalk;,漫才,相声演员逗得大家笑。,漫才師はみんなを笑わせた。,The crosstalk performers made everyone laugh.,相声作为一种传统艺术形式，深受广大群众喜爱。,相声は伝統的な芸術形式として、多くの人々に愛されています。
1981,消除,xiāo chú,to eliminate; to remove,除去,消除误会增进友谊。,誤解を解消して友情を深める。,Eliminate misunderstandings and enhance friendship.,我们必须采取有效措施，消除环境污染带来的危害。,私たちは有効な対策を講じて、環境汚染による害を取り除かなければなりません。
1982,消毒,xiāo dú,to disinfect; to sterilize,消毒,医院严格进行消毒。,病院は厳格に消毒を行っている。,The hospital carries out strict disinfection.,医院要求所有器械在使用前必须经过严格消毒处理。,病院はすべての器具が使用前に厳格な消毒処理を受けることを要求しています。
1983,消防,xiāo fáng,fire-fighting; fire control,消防,消防队迅速扑灭火灾。,消防隊は迅速に火災を消し止めた。,The fire brigade quickly extinguished the fire.,消防部门迅速响应火警报警，成功扑灭了火灾。,消防部門は火災警報に迅速に対応し、火災を無事に消し止めました。
1984,消耗,xiāo hào,to use up; to consume,消費,工业消耗大量能源。,工業は大量のエネルギーを消費する。,Industry consumes a large amount of energy.,工厂在生产过程中大量消耗能源，亟需改进节能技术。,工場は生産過程で大量のエネルギーを消費しており、省エネルギー技術の改善が急務です。
1985,消灭,xiāo miè,to put an end to; to annihilate; to cause to perish; to perish; annihilation (in quantum field theory),消滅,敌军被彻底消灭了。,敵軍は完全に消滅した。,The enemy forces were completely eliminated.,为了保护生态环境，我们必须彻底消灭非法砍伐行为。,生態環境を守るために、不法伐採行為を徹底的に根絶しなければなりません。
1986,潇洒,xiāo sǎ,confident and at ease; free and easy;,爽快,他潇洒地挥手告别。,彼はさっぱりと手を振って別れた。,He waved goodbye casually.,他举止潇洒自如，给人留下了深刻的印象。,彼は振る舞いがさっぱりとしていて自然で、人に深い印象を残しました。
1987,销毁,xiāo huǐ,to destroy (by melting or burning); to obliterate,破棄,机密文件已销毁处理。,機密文書はすでに破棄処理された。,The confidential documents have been destroyed.,涉密文件必须及时销毁，防止信息泄露。,機密文書は速やかに破棄し、情報漏洩を防がなければなりません。
1988,小心翼翼,xiǎo xīn yì yì,cautious and solemn (idiom); very carefully; prudent; gently and cautiously,慎重,他小心翼翼地操作机器。,彼は慎重に機械を操作した。,He operated the machine carefully.,她小心翼翼地将易碎物品包装好，避免运输过程中的损坏。,彼女は壊れやすい物を慎重に包み、輸送中の損傷を避けました。
1989,效益,xiào yì,benefit,利益,企业效益显著增长。,企業の業績が著しく向上した。,The company's performance has significantly improved.,企业应注重提升经济效益，实现可持续发展目标。,企業は経済的効果の向上に注力し、持続可能な発展目標を達成すべきです。
1990,肖像,xiào xiàng,portrait,肖像,画家画了一幅肖像。,画家は肖像画を一枚描いた。,The painter painted a portrait.,这幅肖像画细致地表现了人物的神态和气质。,この肖像画は人物の表情や気質を細かく表現しています。
1991,协会,xié huì,"an association; a society; CL:个,家[jia1]",協会,协会组织了学术交流。,協会は学術交流を組織した。,The association organized academic exchanges.,协会定期举办各类活动，促进会员之间的交流与合作。,協会は定期的にさまざまな活動を開催し、会員間の交流と協力を促進しています。
1992,协商,xié shāng,to consult with; to talk things over; agreement,協議,双方协商达成一致。,双方は協議して合意に達した。,Both parties negotiated and reached an agreement.,双方经过多次协商，最终达成了一致的合作协议。,双方は何度も協議を重ね、最終的に一致した協力協定に達しました。
1993,协调,xié tiáo,to coordinate; to harmonize; negotiation,調整,团队协调合作效率高。,チームは調整と協力で効率が高い。,The team is efficient through coordination and cooperation.,政府部门与企业密切协调，共同推动项目顺利进行。,政府部門は企業と緊密に調整し、プロジェクトの円滑な進行を共に推進しています。
1994,协议,xié yì,agreement; pact; protocol; CL:项[xiang4],協定,两国签署了合作协议。,両国は協力協定に署名した。,The two countries signed a cooperation agreement.,签订协议后，双方将按照约定履行各自的责任和义务。,契約を締結した後、双方は約定に従ってそれぞれの責任と義務を履行します。
1995,协助,xié zhù,provide assistance; aid,協力,志愿者协助救灾工作。,ボランティアは救災活動を支援した。,Volunteers assisted in disaster relief work.,在紧急情况下，志愿者主动协助救援人员展开救助行动。,緊急時にボランティアは率先して救助隊を支援して救助活動を展開しました。
1996,携带,xié dài,to carry (on one's person); to support (old); Taiwan pr. xi1 dai4,携帯,旅行时请携带身份证。,旅行の際は身分証明書を携帯してください。,Please carry your ID card when traveling.,请勿携带易燃易爆物品进入车站安全检查区域。,可燃性および爆発性物質を持って駅の安全検査区域に入らないでください。
1997,屑,xiè,crumbs; filings; worthwhile,くず,桌上散落着纸屑。,机の上に紙くずが散らばっている。,Paper scraps are scattered on the desk.,桌上的碎纸屑需要及时清理，保持环境整洁。,机の上の紙くずは速やかに片付けて、環境を清潔に保つ必要があります。
1998,泄露,xiè lù,to leak (information); to divulge,漏らす,机密信息被泄露出去了。,機密情報が漏洩してしまった。,Confidential information has been leaked.,泄露机密信息可能会给公司带来严重的损失。,機密情報を漏らすことは会社に深刻な損害をもたらす可能性があります。
1999,泄气,xiè qì,discouraged; dejected; demoralized; despairing; to want to give up; to deflate (air from a tyre),気落ち,失败后他感到泄气。,失敗後、彼は気落ちした。,He felt discouraged after the failure.,遇到挫折不要泄气，要坚定信心继续努力。,挫折に遭ってもくじけず、信念を持って努力を続けなければなりません。
2000,谢绝,xiè jué,to refuse politely,辞退,他们谢绝了邀请。,彼らは招待を丁重に断った。,They politely declined the invitation.,由于场地限制，主办方谢绝了所有临时报名的申请。,会場の制限により、主催者はすべての臨時申込みをお断りしました。
2001,心得,xīn dé,knowledge gained; CL:个,感想,读书心得深刻难忘。,読書の感想は深くて忘れがたい。,The reflections on reading are profound and unforgettable.,通过不断总结工作中的经验和教训，他积累了丰富的心得体会，提升了自身能力。,仕事の経験と教訓を絶えずまとめることによって、彼は豊富な心得を積み、自身の能力を向上させた。
2002,心甘情愿,xīn gān qíng yuàn,"delighted to (do sth, idiom); perfectly happy to do; most willing to do;",心甘情愿,他心甘情愿为理想奋斗。,彼は喜んで理想のために努力する。,He is willing to strive for his ideals.,为了支持孩子的梦想，父母心甘情愿地付出所有的时间和精力。,子供の夢を支えるために、両親は進んで全ての時間と労力を捧げた。
2003,心灵,xīn líng,bright; smart; quick-witted; heart; thoughts; spirit,心灵,音乐治愈受伤的心灵。,音楽は傷ついた心を癒す。,Music heals the wounded soul.,艺术作品能深刻触动人们的心灵，引发内心深处的共鸣。,芸術作品は人々の心を深く揺さぶり、内面の共鳴を引き起こすことができる。
2004,心态,xīn tài,attitude (of the heart); state of one's psyche; way of thinking; mentality,心态,保持积极心态面对挑战。,積極的な心構えを保って挑戦に立ち向かう。,Maintain a positive attitude to face challenges.,面对困难时，保持积极的心态是克服挑战的关键所在。,困難に直面したとき、積極的な心態を維持することが挑戦を克服する鍵である。
2005,心疼,xīn téng,to love dearly; the pain of love,心疼,她为孩子的痛苦心疼。,彼女は子供の苦しみに心を痛める。,She feels distressed over her child's pain.,看到孩子受伤，母亲的心疼让她立刻带他去医院治疗。,子供がけがをしたのを見て、母親は胸を痛めてすぐに病院へ連れて行った。
2006,心血,xīn xuè,heart's blood; expenditure (for some project); meticulous care,心血,这项工程凝聚了心血。,この工事は多くの心血を注いでいる。,This project embodies a lot of dedication and effort.,他的成功是经过多年辛勤努力和心血付出换来的成果。,彼の成功は長年の勤勉な努力と血のにじむような努力の成果である。
2007,心眼儿,xīn yǎn r,one's thoughts; mind; intention; willingness to accept new ideas; baseless suspicions,心眼儿,他心眼儿灵活善于交际。,彼は頭の回転が速く社交上手だ。,He is quick-witted and good at socializing.,她为人诚恳，心眼儿细腻，总能察觉别人的需要并给予帮助。,彼女は誠実で心遣いが細やかであり、いつも他人のニーズを察知して助けを与えることができる。
2008,新陈代谢,xīn chén dài xiè,metabolism (biology); the new replaces the old (idiom),新陳代謝,运动促进身体新陈代谢。,運動は身体の新陳代謝を促進する。,Exercise promotes bodily metabolism.,健康的生活方式有助于促进新陈代谢，增强身体免疫力。,健康的な生活習慣は新陳代謝を促進し、身体の免疫力を高めるのに役立つ。
2009,新郎,xīn láng,bridegroom; groom,新郎,新郎穿着西装英俊。,新郎はスーツを着てハンサムだ。,The groom looks handsome in a suit.,作为新郎，他在婚礼上发表了感人的誓言，赢得了众人的掌声。,新郎として、彼は結婚式で感動的な誓いの言葉を述べ、多くの拍手を浴びた。
2010,新娘,xīn niáng,bride,新娘,新娘笑容灿烂动人。,新婦は笑顔が輝いて魅力的だ。,The bride's smile is bright and charming.,新娘穿着华丽的婚纱，脸上洋溢着幸福的笑容。,新婦は華麗なウェディングドレスを着て、顔には幸せな笑顔が溢れていた。
2011,新颖,xīn yǐng,lit. new bud; fig. new and original,斬新,设计风格非常新颖独特。,デザインのスタイルは非常に斬新で独特だ。,The design style is very novel and unique.,这部作品的构思非常新颖，给观众带来了全新的视觉体验。,この作品の構想は非常に斬新で、観客に全く新しい視覚体験をもたらした。
2012,欣慰,xīn wèi,to be gratified,欣慰,看到成果大家都很欣慰。,成果を見て皆が安心した。,Everyone felt relieved upon seeing the results.,看到学生们取得进步，老师们感到由衷的欣慰和满足。,学生たちが進歩を遂げるのを見て、先生たちは心からの安堵と満足を感じた。
2013,欣欣向荣,xīn xīn xiàng róng,luxuriant growth (idiom); flourishing; thriving,欣欣向荣,经济发展呈现欣欣向荣。,経済発展は活気に満ちている。,Economic development is flourishing.,春天来临，花草树木欣欣向荣，展现出勃勃生机。,春が訪れ、草木は生き生きと繁茂し、活気あふれる様子を見せている。
2014,薪水,xīn shuǐ,salary; wage,給料,他的薪水逐年稳步增长。,彼の給料は年々着実に増加している。,His salary steadily increases year by year.,他通过努力工作，每个月都能拿到满意的薪水和奖金。,彼は一生懸命働くことで、毎月満足のいく給料とボーナスを得ている。
2015,辛勤,xīn qín,hardworking; industrious,勤勉,她工作态度非常辛勤。,彼女の仕事への態度は非常に勤勉だ。,Her work attitude is very diligent.,农民们辛勤耕作，确保了丰收的粮食供给。,農民たちは勤勉に耕作し、豊作の食糧供給を確保した。
2016,信赖,xìn lài,to trust; to have confidence in; to have faith in; to rely on,信頼,我们彼此之间深信赖。,私たちはお互いに深く信頼している。,We deeply trust each other.,朋友之间最重要的是相互信赖和真诚的沟通。,友人同士で最も重要なのは相互の信頼と誠実なコミュニケーションである。
2017,信念,xìn niàn,faith; belief; conviction,信念,坚定的信念支撑他前行。,確固たる信念が彼を支えて前進させる。,Firm beliefs support him to move forward.,坚定的信念让他在困难面前从未放弃，最终实现了目标。,揺るぎない信念が彼を困難に直面しても決して諦めさせず、最終的に目標を達成させた。
2018,信仰,xìn yǎng,to believe in (a religion); firm belief; conviction,信仰,宗教信仰影响生活方式。,宗教的信仰は生活様式に影響を与える。,Religious beliefs influence lifestyle.,宗教信仰为很多人提供了精神寄托和生活的意义。,宗教信仰は多くの人に精神的な支えと人生の意味を提供している。
2019,信誉,xìn yù,prestige; distinction; reputation; trust,信用,公司信誉关系市场竞争。,会社の信用は市場競争に関わる。,Company reputation relates to market competition.,公司的信誉是其长期发展的基石，必须严加维护。,会社の信用はその長期発展の基盤であり、厳重に維持しなければならない。
2020,兴高采烈,xīng gāo cǎi liè,happy and excited (idiom); in high spirits; in great delight,大喜,孩子得奖大家兴高采烈。,子供が賞を取って皆が大喜びした。,Everyone was elated when the child won an award.,听到好消息后，他兴高采烈地与朋友们分享了喜悦。,良い知らせを聞いて、彼は非常に嬉しそうに友人たちと喜びを分かち合った。
2021,兴隆,xīng lóng,"Xinglong county in Chengde 承德[Cheng2 de2] , Hebei",繁盛,商业街日益兴隆热闹。,商店街は日増しに繁盛して賑やかだ。,The commercial street is increasingly prosperous and lively.,随着新政策的实施，地方经济逐渐兴隆，居民生活水平提高。,新しい政策の実施に伴い、地方経済は徐々に繁栄し、住民の生活水準が向上した。
2022,兴旺,xīng wàng,prosperous; thriving; to prosper; to flourish,繁荣,农业兴旺带动乡村发展。,農業の盛んな発展が農村の発展を促す。,Thriving agriculture drives rural development.,这座城市的商业区日益兴旺，吸引了大量投资者和游客。,この都市の商業地区は日増しに繁栄し、多くの投資家や観光客を引きつけている。
2023,腥,xīng,fishy (smell),腥臭,鱼腥味浓需及时清洗。,魚の生臭さが強いので早めに洗う必要がある。,The fishy smell is strong and needs to be cleaned promptly.,这条鱼有些腥味，需要用姜和葱去腥才能更美味。,この魚は少し生臭いので、生姜とネギで臭みを取ってから調理するともっと美味しくなる。
2024,刑事,xíng shì,criminal; penal,刑事,警方侦破重大刑事案件。,警察は重大な刑事事件を解決した。,The police solved a major criminal case.,警方正在调查这起刑事案件，力求尽快破案抓捕凶手。,警察はこの刑事事件を調査しており、できるだけ早く事件を解決し犯人を逮捕しようとしている。
2025,形态,xíng tài,shape; form; pattern; morphology,形態,生物形态多样极具奇妙。,生物の形態は多様で非常に不思議だ。,Biological forms are diverse and extremely marvelous.,动植物的形态各异，是自然界多样性的体现。,動植物の形態は様々であり、自然界の多様性を表している。
2026,行政,xíng zhèng,administration; administrative,行政,行政管理效率亟待提升。,行政管理の効率は早急に向上させる必要がある。,Administrative management efficiency urgently needs improvement.,行政管理部门致力于提升公共服务的效率和质量。,行政管理部門は公共サービスの効率と質の向上に努めている。
2027,兴致勃勃,xìng zhì bó bó,to become exhilarated (idiom); in high spirits; full of zest,興味津々,学生们兴致勃勃参加活动。,学生たちは意気揚々と活動に参加した。,The students enthusiastically participated in the activities.,小朋友们兴致勃勃地参加了学校组织的春游活动。,子供たちは意気揚々と学校主催の春の遠足活動に参加した。
2028,性感,xìng gǎn,sex appeal; eroticism; sexuality; sexy,セクシー,她的装扮非常性感迷人。,彼女の装いは非常にセクシーで魅力的だ。,Her outfit is very sexy and charming.,这位演员不仅演技精湛，而且外形性感，深受观众喜爱。,この俳優は演技が優れているだけでなく、容姿もセクシーで観客から愛されている。
2029,性命,xìng mìng,life,生命,保护性命是最高原则。,命を守ることは最高の原則だ。,Protecting life is the highest principle.,在危险面前，他毫不犹豫地用自己的性命保护了他人。,危険な状況で、彼は躊躇せず自分の命を使って他人を守った。
2030,性能,xìng néng,function; performance,性能,这款手机性能十分强大。,このスマホは性能が非常に強力だ。,This phone has very powerful performance.,这款手机性能强大，能够满足用户多样化的需求。,この携帯電話は性能が優れており、ユーザーの多様なニーズを満たすことができる。
2031,凶恶,xiōng è,fierce; ferocious; fiendish; frightening,凶悪,凶恶犯罪引起社会恐慌。,凶悪な犯罪が社会に恐怖を引き起こした。,The heinous crime caused social panic.,他因凶恶的犯罪行为被判处了长期监禁。,彼は凶悪な犯罪行為のために長期の懲役刑を言い渡された。
2032,凶手,xiōng shǒu,assailant; murderer; assassin,殺人犯,警方抓获危险凶手归案。,警察は危険な凶悪犯を逮捕した。,The police captured the dangerous criminal.,警方经过调查，终于锁定了凶手的身份并将其逮捕归案。,警察は調査の結果、ついに犯人の身元を特定し逮捕に至った。
2033,汹涌,xiōng yǒng,"to surge up violently (of ocean, river, lake etc); turbulent;",波濤,江水汹涌翻滚势不可挡。,川の水は激しく渦巻き、勢いが止められない。,The river water surges and rolls uncontrollably.,江水汹涌澎湃，显示出大自然的壮丽与力量。,川の水は激しくうねり、大自然の壮大さと力強さを示している。
2034,胸怀,xiōng huái,one's bosom (the seat of emotions); breast; broad-minded and open; to think about; to cherish,胸怀,他胸怀宽广包容万物。,彼は心が広くすべてを包み込む。,He has a broad mind and embraces everything.,他胸怀宽广，能够包容不同的意见和观点。,彼は心が広く、異なる意見や見解を受け入れることができる。
2035,胸膛,xiōng táng,chest,胸部,运动增强胸膛肌肉力量。,運動は胸の筋肉の力を強化する。,Exercise strengthens the chest muscles.,运动员用力挥拳，胸膛随之上下起伏，展现出强健的体魄。,選手は力強く拳を振り上げ、胸が上下に動き、強健な体格を示していた。
2036,雄厚,xióng hòu,strong and solid; rich (resources),雄厚,资金雄厚支持科研项目。,豊富な資金が研究プロジェクトを支援する。,Ample funds support the research project.,这家公司资金雄厚，能够支持长期的科研项目开发。,この会社は資金が豊富で、長期の研究開発プロジェクトを支援できる。
2037,雄伟,xióng wěi,grand; imposing; magnificent; majestic,壮大,雄伟建筑彰显民族气魄。,雄大な建築は民族の気概を示す。,The magnificent architecture showcases national spirit.,雄伟的建筑群彰显了古代文明的辉煌与智慧。,雄大な建築群は古代文明の輝きと智慧を示している。
2038,修复,xiū fù,restoration,修復,古建筑成功修复展新颜。,古い建築物は成功裏に修復され新たな姿を見せる。,The ancient building was successfully restored and shows a new look.,专家团队正在积极修复这座历史悠久的古建筑，保护文化遗产。,専門家チームは歴史ある古い建物の修復に積極的に取り組み、文化遺産を保護している。
2039,修建,xiū jiàn,to build; to construct,建設,政府投入资金修建道路。,政府は道路建設に資金を投入した。,The government invested funds to build roads.,政府计划修建新的高速公路，以促进区域经济的发展。,政府は新しい高速道路の建設を計画しており、地域経済の発展を促進する。
2040,修养,xiū yǎng,accomplishment; training; self-cultivation,教養,个人修养体现内在素质。,個人の修養は内面の素質を表す。,Personal cultivation reflects inner qualities.,他注重个人修养，不断提升自身的文化素质和道德水平。,彼は個人の修養を重視し、自身の文化的素養と道徳水準を絶えず向上させている。
2041,羞耻,xiū chǐ,(a feeling of) shame,恥辱,犯错误感到羞耻难当。,間違いを犯して恥ずかしくて耐えられない。,Feeling ashamed and unbearable after making a mistake.,犯了错误后，他感到羞耻，决心改正自己的行为。,過ちを犯した後、彼は恥を感じ、自分の行動を改める決意をした。
2042,嗅觉,xiù jué,sense of smell,嗅覚,狗的嗅觉极为灵敏。,犬の嗅覚は非常に鋭い。,Dogs have extremely sensitive sense of smell.,嗅觉灵敏的狗能够迅速发现隐藏的危险和目标。,嗅覚が鋭い犬は隠された危険や目標を素早く発見できる。
2043,绣,xiù,to embroider,刺繍,她擅长绣花工艺精湛。,彼女は刺繍が得意で技術が卓越している。,She is skilled at embroidery with exquisite craftsmanship.,她擅长刺绣，用针线绣出精美的图案，展现出高超的技艺。,彼女は刺繍が得意で、針と糸を使って精巧な模様を刺し、高い技術を示している。
2044,虚假,xū jiǎ,false; phony; pretense,虚偽,新闻中存在虚假信息。,ニュースには虚偽の情報が存在する。,There is false information in the news.,我们要警惕虚假的信息，学会辨别真伪，避免被误导。,私たちは虚偽の情報に警戒し、真偽を見分けることを学び、誤導されるのを避けなければならない。
2045,虚荣,xū róng,vanity,虚栄,虚荣心驱使他不断攀比。,虚栄心が彼を絶えず比較競争させる。,Vanity drives him to constantly compare and compete.,过度追求虚荣可能导致个人价值观的扭曲和社会关系的疏远。,過度に虚栄を追い求めることは個人の価値観の歪みや社会関係の疎遠を招く可能性がある。
2046,虚伪,xū wěi,false; hypocritical; artificial; sham,偽善,他的言行充满虚伪作态。,彼の言動は偽りと見せかけに満ちている。,His words and actions are full of hypocrisy and pretense.,他说的话充满虚伪，无法获得大家的信任和支持。,彼の言葉は偽りに満ちており、皆の信頼と支持を得ることができない。
2047,需求,xū qiú,requirement; demand (economics),需要,市场需求不断变化多端。,市場の需要は絶えず変化して多様だ。,Market demand is constantly changing and diverse.,市场对高质量产品的需求不断增长，促使企业提升创新能力。,市場の高品質製品に対する需要が絶えず増加し、企業のイノベーション能力向上を促している。
2048,须知,xū zhī,prerequisites; rules that must be known before starting sth,注意事項,请详细阅读使用须知。,使用上の注意を詳しくお読みください。,Please read the instructions for use carefully.,参加考试前，请仔细阅读须知，确保了解所有相关规定。,試験に参加する前に、注意事項をよく読み、すべての関連規定を理解していることを確認してください。
2049,许可,xǔ kě,to allow; to permit,許可,工程已获得政府许可。,工事はすでに政府の許可を得ている。,The project has already obtained government approval.,未经许可，任何人不得擅自使用公司的商标和专利技术。,許可なく、いかなる者も会社の商標や特許技術を無断で使用してはならない。
2050,序言,xù yán,preface; introductory remarks; preamble; prelude,序文,作者在序言中表达感谢。,著者は序文で感謝の意を表している。,The author expresses gratitude in the preface.,书的序言部分介绍了作者的创作背景和写作动机。,本の序文部分には、著者の創作背景と執筆動機が紹介されている。
2051,畜牧,xù mù,to raise animals,畜産,畜牧业促进农村经济发展。,畜産業は農村経済の発展を促進する。,Animal husbandry promotes the development of the rural economy.,随着科技的发展，现代畜牧业已经实现了自动化管理，提高了生产效率。,科学技術の発展に伴い、現代の畜産業はすでに自動化管理を実現し、生産効率を向上させている。
2052,酗酒,xù jiǔ,heavy drinking; to get drunk; to drink to excess,飲酒過度,酗酒导致健康严重受损。,飲酒のし過ぎは健康に深刻な損害をもたらす。,Excessive drinking leads to serious health damage.,酗酒不仅损害健康，还可能导致家庭矛盾和社会问题的产生。,飲みすぎは健康を損なうだけでなく、家庭の争いと社会問題の発生を引き起こす可能性がある。
2053,喧哗,xuān huá,hubbub; clamor; to make a racket;,騒がしい,夜晚的街道异常喧哗。,夜の街は異常に騒がしい。,The streets at night are unusually noisy.,深夜的街道上突然传来一阵喧哗，打破了原本的宁静。,深夜の街道で突然一陣の騒ぎが聞こえ、もともとの静けさを破った。
2054,宣誓,xuān shì,to swear an oath (of office); to make a vow,宣誓,新官员正式宣誓就职。,新しい役人が正式に宣誓して就任した。,The new official took the oath and officially assumed office.,新任总统在就职典礼上庄严宣誓，承诺为人民服务。,新任大統領は就任式で厳かに宣誓し、国民に奉仕することを約束した。
2055,宣扬,xuān yáng,to proclaim; to make public or well known,宣伝する,媒体宣扬环保重要性。,メディアは環境保護の重要性を宣伝している。,The media promotes the importance of environmental protection.,政府通过媒体积极宣扬环保理念，促进公众环保意识的提升。,政府はメディアを通じて積極的に環境保護の理念を宣伝し、国民の環境意識の向上を促している。
2056,悬挂,xuán guà,to suspend; to hang; suspension (cable car),吊るす,旗帜高高悬挂在广场。,旗は広場に高く掲げられている。,The flag is hung high in the square.,秋天到了，树上悬挂着金黄的果实，景色十分美丽。,秋が来て、木に黄金色の果実がぶら下がっており、景色がとても美しい。
2057,悬念,xuán niàn,"suspense in a movie, play etc; concern for sb's welfare",懸念,结局充满悬念令人期待。,結末はサスペンスに満ちていて期待される。,The ending is full of suspense and eagerly anticipated.,电影的结局充满悬念，让观众期待下一部作品的上映。,映画の結末は緊迫感に満ちていて、観客は次回作の上映を期待している。
2058,悬殊,xuán shū,a wide gap; big contrast; large disparity; a mismatch;,差が大きい,双方实力悬殊难以匹敌。,双方の実力は大きく異なり、対抗するのは難しい。,The strength of both sides is vastly different and hard to match.,两国在经济发展水平上存在悬殊差异，需要加强合作弥合鸿沟。,両国は経済発展のレベルに大きな格差があり、協力を強化してその溝を埋める必要がある。
2059,悬崖峭壁,xuán yá qiào bì,cliffside,絶壁,登山者攀爬悬崖峭壁。,登山者は崖の絶壁を登っている。,The climber is scaling the cliff face.,探险队在悬崖峭壁之间艰难前行，展现了坚强的意志力。,探検隊は断崖絶壁の間を困難に進み、強い意志力を示した。
2060,旋律,xuán lv4,melody; rhythm,旋律,钢琴旋律动人心弦。,ピアノの旋律は心に響く。,The piano melody touches the heartstrings.,这首歌曲的旋律优美动听，深受年轻人的喜爱。,この曲の旋律は美しく心に響き、若者たちに非常に人気がある。
2061,旋转,xuán zhuǎn,to rotate; to revolve; to spin; to whirl,回転する,地球围绕太阳旋转。,地球は太陽の周りを回っている。,The Earth revolves around the Sun.,风车在山顶缓缓旋转，为村庄提供了清洁能源。,風車が山頂でゆっくりと回転し、村にクリーンエネルギーを供給している。
2062,选拔,xuǎn bá,to select the best,選抜,选拔优秀学生参加比赛。,優秀な学生を選抜して大会に参加させる。,Select outstanding students to participate in the competition.,公司通过严格的选拔程序，挑选出最优秀的员工参加培训。,会社は厳格な選抜過程を通じて、最も優秀な社員を選び研修に参加させた。
2063,选举,xuǎn jǔ,"to elect; election; CL:次[ci4] ,个",選挙,市长选举引发广泛关注。,市長選挙は広範な関心を引き起こした。,The mayoral election attracted widespread attention.,全国人大代表选举体现了人民民主的基本原则和精神。,全国人民代表大会の選挙は国民民主の基本原則と精神を体現している。
2064,选手,xuǎn shǒu,contestant; athlete,選手,运动员是比赛中的选手。,運動選手は試合の参加者である。,Athletes are the participants in the competition.,这位选手在比赛中表现出色，获得了观众的一致好评。,この選手は試合で素晴らしいパフォーマンスを見せ、観客の一致した称賛を得た。
2065,炫耀,xuàn yào,to show off; to flaunt;,誇示する,他喜欢炫耀自己的成就。,彼は自分の成果を誇示するのが好きだ。,He likes to show off his achievements.,他总喜欢炫耀自己的成就，让人感觉有些自负。,彼はいつも自分の成果をひけらかすのが好きで、少し自負しているように感じられる。
2066,削,xuē,to peel with a knife; to pare; to cut (a ball at tennis etc);,削る,工匠仔细削木制作家具。,職人は注意深く木を削って家具を作る。,The craftsman carefully carves wood to make furniture.,工匠用锋利的刀具仔细削去木材表面的杂质。,職人は鋭利な刃物で木材の表面の不純物を丁寧に削り取った。
2067,削弱,xuē ruò,to weaken,弱体化,政策削弱了企业竞争力。,政策は企業の競争力を弱めた。,The policy weakened the competitiveness of enterprises.,长期的资金短缺削弱了企业的竞争能力和创新动力。,長期にわたる資金不足が企業の競争力と革新力を弱めている。
2068,学说,xué shuō,theory; doctrine,学説,这是一种新的学说观点。,これは新しい学説の見解である。,This is a new theoretical viewpoint.,他的学说在学术界引起了广泛的讨论和争议。,彼の学説は学術界で広範な議論と論争を引き起こした。
2069,学位,xué wèi,"academic degree; e.g.: BSc 学士学位[xue2 shi4 xue2 wei4] , MSc 硕士学位[shuo4 shi4 xue2 wei4] , Diploma 学位证书[xue2 wei4 zheng4 shu1] , PhD 博士学位[bo2 shi4 xue2 wei4]",学位,她获得了博士学位证书。,彼女は博士号の証書を取得した。,She obtained her doctoral degree certificate.,经过多年的努力，他终于获得了博士学位，成为该领域的专家。,長年の努力の末、彼はついに博士号を取得し、その分野の専門家となった。
2070,雪上加霜,xuě shàng jiā shuāng,to add hail to snow (idiom); one disaster on top of another; to make things worse in a bad situation,踏んだり蹴ったり,失业后又遇雪上加霜。,失業した後、さらに悪いことが重なった。,"After unemployment, things got worse like adding insult to injury.",经济危机使企业陷入困境，可恶的疫情更是雪上加霜。,経済危機が企業を困難に陥れ、さらに厄介なパンデミックが追い打ちをかけた。
2071,血压,xuè yā,blood pressure,血圧,医生监测患者血压变化。,医者は患者の血圧の変化を監視している。,The doctor monitors the patient's blood pressure changes.,医生建议患者定期测量血压，预防高血压带来的风险。,医師は患者に定期的な血圧測定を勧め、高血圧によるリスクを予防するように言った。
2072,熏陶,xūn táo,nurturing (i.e. assimilate some branch of culture); seeped in,薫陶,家庭环境熏陶孩子品德。,家庭環境は子供の品徳を育む。,The family environment cultivates the child's character.,良好的文化氛围对青少年的品德教育起到了潜移默化的熏陶作用。,良い文化的雰囲気は青少年の品徳教育に潜在的な影響を与えている。
2073,寻觅,xún mì,to look for,探し求める,他在古籍中寻觅答案。,彼は古書の中で答えを探している。,He is searching for answers in ancient books.,他在图书馆静静地寻觅着有关历史的珍贵资料。,彼は図書館で静かに歴史に関する貴重な資料を探していた。
2074,巡逻,xún luó,"to patrol (police, army or navy)",巡回警備,警察在街头巡逻防范犯罪。,警察は街頭で巡回し犯罪を防いでいる。,Police patrol the streets to prevent crime.,警察每天夜间巡逻，保障社区的安全和秩序。,警察は毎晩パトロールを行い、地域の安全と秩序を守っている。
2075,循环,xún huán,to cycle; to circulate; circle; loop,循環,自然界中水循环不断。,自然界では水の循環が絶え間なく続いている。,"In nature, the water cycle continues endlessly.",人体的血液循环系统负责将氧气和养分输送到各个器官。,人体の血液循環システムは酸素と栄養を各器官に送る役割を担っている。
2076,循序渐进,xún xù jiàn jìn,"in sequence, step by step (idiom); to make steady progress incrementally",段階的に進む,学习应循序渐进不可急躁。,学習は段階的に進めるべきで、焦ってはいけない。,Learning should proceed step by step and not be rushed.,学习语言需要循序渐进，不能急于求成。,言語学習は段階を踏んで進める必要があり、急いで結果を求めてはいけない。
2077,压迫,yā pò,to oppress; to repress; to constrict; oppression; stress (physics),圧迫,少数群体遭受政治压迫。,少数派は政治的な抑圧を受けている。,Minority groups suffer political oppression.,历史上的暴政对人民造成了严重的压迫和伤害。,歴史上の暴政は人民に深刻な圧迫と傷害をもたらした。
2078,压岁钱,yā suì qián,money given to children as new year present,お年玉,孩子们期待收到压岁钱。,子供たちはお年玉をもらうのを楽しみにしている。,Children look forward to receiving New Year's money.,春节时，长辈会给孩子们发压岁钱，寓意新年吉祥如意。,春節の時、年長者は子供たちにお年玉を渡し、新年の幸福と吉祥を願う。
2079,压缩,yā suō,to compress; compression,圧縮,文件经过压缩节省空间。,ファイルは圧縮されてスペースを節約した。,The file was compressed to save space.,为了节省存储空间，必须对文件进行有效的压缩处理。,保存スペースを節約するため、ファイルを効果的に圧縮処理する必要がある。
2080,压抑,yā yì,to constrain or repress emotions; oppressive; stifling; depressing; repression,抑圧,情绪长期压抑容易生病。,長期間の感情抑圧は病気になりやすい。,Long-term emotional suppression easily leads to illness.,长期的压抑情绪可能导致心理健康问题，需要及时疏导。,長期にわたる抑圧された感情は心理的な健康問題を引き起こす可能性があり、適時に発散する必要がある。
2081,压榨,yā zhà,"to press; to squeeze; to extract juice, oil etc by squeezing",搾取,工厂压榨工人劳动力。,工場は労働者の労働力を搾取している。,The factory exploits the workers' labor.,工厂利用机器对废料进行压榨，回收其中的有用成分。,工場は機械を使って廃棄物を圧搾し、有用成分を回収している。
2082,压制,yā zhì,to suppress; to inhibit; to stifle,抑制,政府压制非法集会活动。,政府は違法集会活動を抑制している。,The government suppresses illegal assembly activities.,政府采取措施压制非法出版物，维护文化市场的秩序。,政府は違法出版物を取り締まる措置を講じ、文化市場の秩序を維持している。
2083,鸦雀无声,yā què wú shēng,lit. crow and peacock make no sound; absolute silence (idiom); not a single voice can be heard; absolute silence;,静まり返る,听众鸦雀无声等待发言。,聴衆は発言を待って静まり返っている。,"The audience is silent, waiting to speak.",会议室内鸦雀无声，大家都在认真聆听发言者的讲述。,会議室内は鳥も鳴かないほど静かで、皆が発言者の話に真剣に耳を傾けている。
2084,亚军,yà jūn,second place (in a sports contest); runner-up,準優勝,他获得了比赛亚军称号。,彼は大会で準優勝の称号を得た。,He won the runner-up title in the competition.,在这次国际比赛中，他获得了亚军的好成绩，表现令人赞赏。,今回の国際大会で彼は準優勝の好成績を収め、その活躍は称賛に値する。
2085,淹没,yān mò,to submerge; to drown; to flood; to drown out (also fig.),水没する,洪水淹没了大片农田。,洪水が広大な農地を浸水させた。,The flood submerged large areas of farmland.,洪水淹没了大片农田，给当地农民带来了巨大损失。,洪水が広大な農地を水没させ、地元農民に大きな損失をもたらした。
2086,烟花爆竹,yān huā bào zhú,fireworks and crackers,花火,节日夜晚燃放烟花爆竹。,祭りの夜に花火や爆竹が打ち上げられる。,Fireworks and firecrackers are set off on festival nights.,春节期间，烟花爆竹点亮了夜空，营造出喜庆的气氛。,春節の期間、花火と爆竹が夜空を照らし、祝祭の雰囲気を作り出した。
2087,严峻,yán jùn,grim; severe; rigorous,厳しい,当前形势严峻需谨慎应对。,現在の情勢は厳しく、慎重な対応が必要だ。,The current situation is severe and requires cautious handling.,当前形势十分严峻，我们必须采取果断措施应对挑战。,現在の情勢は非常に厳しく、私たちは果断な措置を講じて挑戦に対応しなければならない。
2088,严寒,yán hán,bitter cold; severe winter,厳寒,冬季气温低至严寒状态。,冬の気温は厳寒状態まで下がる。,Winter temperatures drop to severe cold conditions.,冬天的北方地区经常出现严寒天气，给居民生活带来不便。,冬の北部地域では厳寒の天候が頻繁に現れ、住民の生活に不便をもたらしている。
2089,严禁,yán jìn,strictly prohibit,厳禁,场内严禁吸烟确保安全。,場内は安全確保のため禁煙である。,Smoking is strictly prohibited inside to ensure safety.,工厂严禁在生产区域内吸烟，以防火灾事故的发生。,工場では火災事故防止のため、生産区域内での喫煙を厳禁している。
2090,严厉,yán lì,severe; strict,厳しい,老师对学生态度严厉。,先生は生徒に対して厳しい態度をとる。,The teacher has a strict attitude toward the students.,老师对学生的错误进行了严厉批评，帮助他们改正缺点。,先生は学生の間違いを厳しく批評し、欠点を直すのを助けた。
2091,严密,yán mì,"strict; tight (organization, surveillance etc)",厳密,实验数据要求严密准确。,実験データは厳密かつ正確でなければならない。,Experimental data must be rigorous and accurate.,科学家们设计了严密的实验方案，确保数据的准确性和可靠性。,科学者たちは厳密な実験計画を設計し、データの正確性と信頼性を確保した。
2092,岩石,yán shí,rock,岩石,地质学家研究岩石成分。,地質学者は岩石の成分を研究している。,Geologists study the composition of rocks.,这片山区遍布坚硬的岩石，攀登难度极大。,この山岳地帯には硬い岩石が広がり、登攀の難易度が非常に高い。
2093,延期,yán qī,to delay; to extend; to postpone; to defer,延期,比赛因雨天被延期举行。,雨天のため試合は延期された。,The match was postponed due to rain.,由于恶劣天气，比赛时间被迫延期，选手们需重新调整状态。,悪天候のため、試合時間がやむなく延期され、選手たちは再び状態を調整する必要がある。
2094,延伸,yán shēn,to extend; to spread,延伸,道路向远方不断延伸。,道路は遠くまで絶えず伸びている。,The road extends continuously into the distance.,河流向下游延伸，滋养着沿岸的农田和村庄。,川は下流へと延び、沿岸の農地や村を潤している。
2095,延续,yán xù,to continue; to go on; to last,継続,传统文化得以延续发展。,伝統文化は継続して発展している。,Traditional culture continues to develop.,这项传统习俗已经延续了几百年，成为当地文化的重要组成部分。,この伝統的な習慣は数百年にわたり続いており、地元文化の重要な一部となっている。
2096,沿海,yán hǎi,coastal,沿岸,沿海地区经济发展迅速。,沿岸地域の経済は急速に発展している。,The economy of coastal areas is developing rapidly.,沿海地区由于地理优势，经济发展速度较快。,沿岸地域は地理的優位性により、経済発展の速度が速い。
2097,炎热,yán rè,blistering hot; sizzling hot (weather),炎熱,夏日炎热令人难以忍受。,夏の暑さは耐え難いほどだ。,The summer heat is unbearable.,夏季的炎热天气使得人们更加注重防暑降温措施。,夏の炎熱な天気により、人々は熱中症予防の対策をより重視するようになった。
2098,言论,yán lùn,speech; expression of opinion; public opinion,言論,言论自由是基本权利。,言論の自由は基本的な権利である。,Freedom of speech is a fundamental right.,言论自由是现代社会的重要基石，但也应遵守法律规范。,言論の自由は現代社会の重要な基盤であるが、法律の規範も守るべきである。
2099,掩盖,yǎn gài,to conceal; to hide behind; to cover up,覆い隠す,真相被掩盖难以揭露。,真実は隠されていて明らかにしにくい。,The truth is concealed and difficult to reveal.,他试图掩盖错误，但事实最终还是被揭露出来了。,彼はミスを隠そうとしたが、事実は最終的に明らかになった。
2100,掩护,yǎn hù,to screen; to shield; to cover; protection; cover; CL:面[mian4],護衛,士兵掩护队友撤退。,兵士は仲間の撤退を援護した。,The soldier covered his comrades' retreat.,士兵们在战斗中互相掩护，保证了整个队伍的安全撤退。,兵士たちは戦闘中に互いに援護し合い、部隊全体の安全な撤退を確保した。
2101,掩饰,yǎn shì,to conceal a fault; to gloss over,隠す,他掩饰了内心的恐惧。,彼は心の恐怖を隠した。,He concealed his inner fear.,他试图用复杂的语言来掩饰自己内心的恐慌和不安。,彼は複雑な言葉を使って自分の内心の恐怖と不安を隠そうとした。
2102,演变,yǎn biàn,to develop; to evolve,変化,文化随着时间演变不断。,文化は時間とともに絶えず変化する。,Culture continuously evolves over time.,社会的结构随着时间不断演变，适应新的经济和文化环境。,社会の構造は時間とともに絶えず変化し、新しい経済や文化の環境に適応している。
2103,演习,yǎn xí,exercise; practice; to put on a play; to act,演習,军队定期进行演习。,軍隊は定期的に演習を行う。,The army conducts exercises regularly.,军队每年都会组织大规模的实战演习以提高战斗力。,軍隊は毎年大規模な実戦演習を実施して戦闘力を向上させている。
2104,演绎,yǎn yì,to deduce; to infer,推論,从事实中演绎结论。,事実から結論を演繹する。,Draw conclusions by deducing from facts.,通过逻辑推理和事实分析，可以演绎出事件的真相。,論理的推理と事実の分析を通じて、事件の真相を演繹できる。
2105,演奏,yǎn zòu,to play a musical instrument; to perform music,演奏,钢琴家精彩地演奏曲目。,ピアニストは見事に曲を演奏した。,The pianist performed the piece brilliantly.,钢琴家在音乐会上精彩地演奏了贝多芬的钢琴协奏曲。,ピアニストはコンサートでベートーヴェンのピアノ協奏曲を見事に演奏した。
2106,眼光,yǎn guāng,vision,見る目,他的眼光非常独到。,彼の眼識は非常に独特だ。,His insight is very unique.,他的眼光独到，总能发现别人忽视的市场机会。,彼の洞察力は卓越しており、他人が見逃す市場のチャンスを見つけることができる。
2107,眼色,yǎn sè,a wink; to signal with one's eyes,目配せ,他们用眼色传递信息。,彼らは目配せで情報を伝えた。,They conveyed information through glances.,她给了我一个意味深长的眼色，暗示我保持沉默。,彼女は私に意味深長な目配せをして、黙っているように示唆した。
2108,眼神,yǎn shén,expression or emotion showing in one's eyes; meaningful glance; wink; eyesight (topolect),目つき,她的眼神充满坚定。,彼女の眼差しは決然としている。,Her gaze is full of determination.,从他的眼神中可以看出他对未来充满了期待和信心。,彼の目の表情から、未来に対する期待と自信が感じられる。
2109,厌恶,yàn wù,to loath; to hate; disgusted with sth,嫌悪,他对谎言深感厌恶。,彼は嘘をひどく嫌っている。,He deeply detests lies.,他对不公正的待遇表现出强烈的厌恶情绪，坚决反抗。,彼は不公平な扱いに強い嫌悪感を示し、断固として反抗した。
2110,验收,yàn shōu,to check on receipt; an inventory of received goods; to verify and accept (a delivery),検収,项目完成后进行验收。,プロジェクト完成後に検収を行う。,Acceptance is conducted after project completion.,工程完成后，专家们对项目进行了严格的验收和评估。,工事が完成した後、専門家たちはプロジェクトの厳格な検収と評価を行った。
2111,验证,yàn zhèng,to inspect and verify; experimental verification,検証,实验数据需要验证。,実験データは検証が必要だ。,Experimental data needs to be verified.,科学家通过多次实验验证了这个理论的正确性。,科学者は何度も実験を重ねてこの理論の正確性を検証した。
2112,氧气,yǎng qì,oxygen,酸素,植物通过光合作用吸收氧气。,植物は光合成を通じて酸素を吸収する。,Plants absorb oxygen through photosynthesis.,在高山环境中，缺氧会导致人体难以正常吸收氧气。,高山環境では酸素不足により人体が正常に酸素を吸収することが困難になる。
2113,样品,yàng pǐn,sample; specimen,サンプル,样品质量决定产品好坏。,サンプルの品質が製品の良し悪しを決める。,The quality of samples determines the product's quality.,公司准备了多种样品供客户选择，以满足不同的需求。,会社は様々なサンプルを用意して顧客の選択に応え、異なるニーズに対応している。
2114,摇摆,yáo bǎi,to waver; swaying (of building in an earthquake),揺れる,树枝随风轻轻摇摆。,枝は風に揺れて軽く揺らぐ。,The branches gently sway with the wind.,树枝在风中摇摆，发出沙沙的声音，增添了几分生机。,風に揺れる枝がサラサラと音を立てて、いくぶんかの生気を添えている。
2115,摇滚,yáo gǔn,rock and roll (music); to shake and boil,ロック,摇滚音乐充满激情。,ロック音楽は情熱に満ちている。,Rock music is full of passion.,摇滚音乐以其强烈的节奏和激情感染了无数年轻人。,ロック音楽はその強烈なリズムと情熱で数え切れないほどの若者を魅了した。
2116,谣言,yáo yán,rumor,噂,谣言对公司形象有害。,噂は会社のイメージに害を与える。,Rumors harm the company's image.,网络上流传的谣言严重影响了公司的声誉和正常运营。,ネット上で流布された噂は会社の評判と正常な運営に深刻な影響を与えた。
2117,遥控,yáo kòng,remote control,リモコン,家电遥控操作很方便。,家電のリモコン操作はとても便利だ。,Remote control operation of home appliances is very convenient.,他熟练地使用遥控设备操纵无人机进行空中拍摄。,彼はリモコン装置を巧みに使い無人機を操作して空中撮影を行った。
2118,遥远,yáo yuǎn,distant; remote,遥か,星星在遥远的天空闪烁。,星は遠い空で瞬いている。,Stars twinkle in the distant sky.,虽然他们的家乡遥远，但心灵的距离却非常接近。,彼らの故郷は遠く離れているが、心の距離は非常に近い。
2119,耀眼,yào yǎn,to dazzle; dazzling,まばゆい,阳光耀眼让人睁不开眼。,陽光が眩しくて目を開けられない。,"The sunlight is dazzling, making it hard to open one's eyes.",阳光耀眼，让人不得不戴上墨镜以保护眼睛。,陽光が眩しくて、目を守るためにサングラスをかけざるを得なかった。
2120,要点,yào diǎn,main point; essential,要点,报告中突出主要要点。,報告書で主要なポイントを強調する。,Highlight the main points in the report.,会议的要点包括预算调整、项目进度和人员安排等内容。,会議の要点には予算調整、プロジェクトの進捗、そして人員配置などが含まれている。
2121,要命,yào mìng,to cause sb's death; very; extremely; frightening; annoying,致命的,错误可能要命的后果。,誤りは命取りになる可能性がある。,Errors may have fatal consequences.,这场突如其来的事故真是要命，导致多人受伤和财产损失。,この突然の事故は本当に命取りで、多くの人が負傷し財産も損失した。
2122,要素,yào sù,essential factor; key constituent,要素,团队合作是成功要素。,チームワークは成功の要素だ。,Teamwork is a key factor for success.,成功的关键要素不仅包括技术实力，还需要良好的团队合作。,成功の鍵となる要素は技術力だけでなく、良好なチームワークも必要だ。
2123,野蛮,yě mán,barbarous; uncivilized,野蛮,野蛮行为不被社会接受。,野蛮な行為は社会に受け入れられない。,Barbaric behavior is not accepted by society.,过于野蛮的行为不仅违背道德，还可能引发社会冲突。,あまりにも野蛮な行動は道徳に反するだけでなく、社会的な衝突を引き起こす可能性がある。
2124,野心,yě xīn,ambition; wild schemes; careerism,野心,他怀有远大的野心。,彼は大きな野心を抱いている。,He harbors great ambitions.,他的野心远大，立志成为业界的领军人物。,彼の野心は大きく、業界のリーダーになることを志している。
2125,液体,yè tǐ,liquid,液体,水是最常见的液体。,水は最も一般的な液体だ。,Water is the most common liquid.,实验中需要精确测量各种液体的体积和浓度。,実験では各種液体の体積と濃度を正確に測定する必要がある。
2126,一流,yī liú,top quality; front ranking,一流,他是一流的科学家。,彼は一流の科学者だ。,He is a top-class scientist.,这家酒店的服务质量一流，赢得了众多顾客的好评。,このホテルのサービス品質は一流で、多くの顧客の高い評価を得ている。
2127,一如既往,yī rú jì wǎng,just as in the past (idiom); as before; continuing as always,従来通り,她一如既往地努力工作。,彼女はいつも通り努力して働いている。,She works hard as always.,他对工作的态度一如既往，始终保持高度的责任感。,彼の仕事に対する態度はこれまでと変わらず、常に高い責任感を持ち続けている。
2128,依旧,yī jiù,as before; still,相変わらず,天气依旧寒冷刺骨。,天気は相変わらず骨身にしみる寒さだ。,The weather remains bitterly cold.,尽管经历了风雨，他的心情依旧平静如初。,嵐を経験しても、彼の心情は相変わらず穏やかだった。
2129,依据,yī jù,according to; basis; foundation,根拠,依据事实做出判断。,事実に基づいて判断を下す。,Make judgments based on facts.,我们将依据最新的数据来制定下一阶段的发展计划。,私たちは最新のデータに基づいて次の段階の発展計画を策定する。
2130,依靠,yī kào,to rely on sth (for support etc); to depend on,頼る,他依靠朋友的支持。,彼は友人の支援に頼っている。,He relies on his friends' support.,在困难时期，团队成员之间互相依靠，共渡难关。,困難な時期にチームメンバーは互いに頼り合い、難関を乗り越えた。
2131,依赖,yī lài,to depend on; to be dependent on,依存,孩子依赖父母生活。,子供は親に依存して生活している。,Children depend on their parents for living.,年轻人不应该过度依赖父母，要学会独立生活。,若者は親に過度に依存すべきではなく、自立して生活することを学ぶべきだ。
2132,依托,yī tuō,to rely on; to depend on,依拠,项目依托先进技术展开。,プロジェクトは先進技術に依拠して進められる。,The project is carried out relying on advanced technology.,项目的顺利推进依托于各方的密切合作与支持。,プロジェクトの順調な推進は各方面の密接な協力と支援に依拠している。
2133,衣裳,yī shang,clothes,衣服,她穿着漂亮的衣裳。,彼女はきれいな服を着ている。,She is wearing beautiful clothes.,她穿着一件漂亮的衣裳，出席了晚宴，引人注目。,彼女は美しい衣裳を着て晩餐会に出席し、注目を集めた。
2134,一度,yí dù,for a time; at one time; one time; once,一度,他一度访问过北京。,彼はかつて北京を訪れたことがある。,He once visited Beijing.,这座城市一度是文化和经济的中心，吸引了众多人才。,この都市はかつて文化と経済の中心地で、多くの人材を引き付けた。
2135,一贯,yí guàn,consistent; constant; from start to finish; all along; persistent,一貫,她一贯坚持自己的原则。,彼女は一貫して自分の原則を守っている。,She consistently adheres to her principles.,他一贯坚持自己的原则，从不随波逐流。,彼は一貫して自分の原則を守り、決して流されることはない。
2136,一目了然,yí mù liǎo rán,obvious at a glance (idiom),一目瞭然,图表内容一目了然。,グラフの内容は一目でわかる。,The chart's content is clear at a glance.,通过这张图表，问题的核心一目了然，非常清晰。,このグラフを通して問題の核心が一目瞭然で、とても明確だ。
2137,一向,yí xiàng,all along; the whole time; constantly; earlier; lately,ずっと,他一向热爱文学。,彼はずっと文学を愛している。,He has always loved literature.,他一向热爱运动，积极参加各种体育活动。,彼はずっとスポーツを愛し、積極的に様々な体育活動に参加している。
2138,仪器,yí qì,instrument; apparatus; CL:台[tai2],器械,实验室配备先进仪器。,実験室は先進的な機器を備えている。,The laboratory is equipped with advanced instruments.,实验室配备了先进的仪器，用于精密测量和分析。,実験室には精密な測定と分析のための先進的な機器が備えられている。
2139,仪式,yí shì,ceremony,儀式,婚礼仪式庄重隆重。,結婚式の儀式は厳かで盛大だ。,The wedding ceremony is solemn and grand.,毕业典礼是一场庄重的仪式，象征着新的开始。,卒業式は厳粛な儀式であり、新しい始まりを象徴している。
2140,疑惑,yí huò,to doubt; to distrust; unconvincing; to puzzle over; misgivings; suspicions,疑念,她对结果产生疑惑。,彼女は結果に疑問を抱いている。,She has doubts about the results.,面对复杂的情况，他心中充满了疑惑和不确定。,複雑な状況に直面して、彼は疑問と不確実さでいっぱいだった。
2141,遗产,yí chǎn,heritage; legacy; inheritance; bequest; CL:笔[bi3],遺産,文化遗产需保护。,文化遺産は保護する必要がある。,Cultural heritage needs protection.,这座古城是宝贵的文化遗产，需要得到有效保护。,この古城は貴重な文化遺産であり、効果的な保護が必要だ。
2142,遗传,yí chuán,heredity; inheritance; to transmit,遺伝,疾病有遗传的可能。,病気には遺伝の可能性がある。,There is a possibility of hereditary diseases.,某些疾病具有遗传性，需要家族成员共同关注预防。,ある病気には遺伝性があり、家族全員が予防に注意を払う必要がある。
2143,遗留,yí liú,(leave or be a) legacy; left over; hand down (to next generation),遺留,遗留问题尚未解决。,残された問題はまだ解決されていない。,The remaining issues have not been resolved yet.,战争结束后，许多问题依然遗留在社会的各个角落。,戦争が終わった後も、多くの問題が社会のあらゆる場所に残されたままだ。
2144,遗失,yí shī,to lose; lost,紛失,他遗失了重要文件。,彼は重要な書類を紛失した。,He lost important documents.,他因遗失重要文件而不得不重新整理所有资料。,彼は重要な書類を紛失したため、すべての資料を再整理しなければならなかった。
2145,以便,yǐ biàn,so that; so as to; in order to,ために,调整计划以便更有效。,より効果的にするために計画を調整する。,Adjust the plan to be more effective.,请提前准备好材料，以便会议能够顺利进行。,会議が順調に進むように、事前に資料を準備してください。
2146,以免,yǐ miǎn,in order to avoid; so as not to,防ぐために,提前准备以免失误。,失敗を避けるために事前に準備する。,Prepare in advance to avoid mistakes.,他提前通知大家，以免出现时间上的冲突。,彼は時間の衝突が起こらないように、事前に皆に通知した。
2147,以往,yǐ wǎng,in the past; formerly,以前,以往经验很宝贵。,過去の経験は非常に貴重だ。,Past experience is very valuable.,以往的经验告诉我们，团队合作是成功的关键。,これまでの経験はチームワークが成功の鍵であることを教えてくれる。
2148,以至,yǐ zhì,down to; up to; to such an extent as to... (also written 以至以至于[yi3 zhi4 yu2]),〜まで,他努力学习以至成功。,彼は努力して勉強し、その結果成功した。,He studied hard and as a result succeeded.,他努力工作，以至于经常加班到深夜。,彼は一生懸命働くため、その結果しばしば深夜まで残業する。
2149,以致,yǐ zhì,to such an extent as to; down to; up to,〜のために,他努力工作以致疲惫。,彼は一生懸命働いて疲れ果てた。,He worked hard and became exhausted.,连续的失败以致他产生了放弃的念头。,連続した失敗のために、彼は諦めようという考えを抱くようになった。
2150,一帆风顺,yì fān fēng shùn,"single sail, gentle wind (idiom); plain sailing; to go smoothly",順風満帆,事业发展一帆风顺。,事業の発展は順調だ。,The career development is smooth.,虽然创业初期遇到很多困难，但他们一帆风顺地度过了挑战。,起業の初期には多くの困難に直面したが、彼らは順風満帆に挑戦を乗り越えた。
2151,一举两得,yì jǔ liǎng dé,"one move, two gains (idiom); two birds with one stone",一挙両得,这项措施一举两得。,この措置は一挙両得です。,This measure kills two birds with one stone.,通过这项新政策的实施，我们不仅节约了成本，还提升了效率，真是一举两得的好办法。,この新しい政策の実施を通じて、私たちはコストを節約するだけでなく、効率も向上させたまさに一挙両得の良い方法だ。
2152,一丝不苟,yì sī bù gǒu,not one thread loose (idiom); strictly according to the rules; meticulous; not one hair out of place,非常厳密,他做事一丝不苟。,彼は物事を非常に几帳面に行います。,He does things meticulously.,他对工作的态度一丝不苟，确保每一个细节都达到最高标准。,彼は仕事に対して一絲の妥協もなく、すべての細部が最高の基準に達するようにしている。
2153,亦,yì,also,もまた,他亦是专家之一。,彼もまた専門家の一人です。,He is also one of the experts.,他亦是这项研究的主要贡献者之一，不可忽视他的作用。,彼もまたこの研究の主要な貢献者の一人であり、彼の役割を無視できない。
2154,异常,yì cháng,exceptional; abnormal; an anomaly,異常,天气异常寒冷。,天気が異常に寒いです。,The weather is unusually cold.,这次事故的发生异常严重，引起了社会各界的广泛关注。,今回の事故の発生は異常に深刻で、社会の各界から広範な関心を引き起こした。
2155,意料,yì liào,to anticipate; to expect; to reckon ahead,予想,结果超出意料。,結果は予想を超えました。,The result exceeded expectations.,事情的发展完全出乎意料，没有人预见到会有这样的结果。,事態の展開はまったく予想外で、誰もこんな結果になるとは予見できなかった。
2156,意识,yì shí,consciousness; awareness; consciously (i.e. deliberately); to be aware,意識,增强环保意识。,環境保護意識を高める。,Enhance environmental awareness.,他逐渐意识到团队合作对于项目成功的重要性。,彼は次第にチームワークがプロジェクトの成功にとって重要であると意識するようになった。
2157,意图,yì tú,intent; intention; intend; schematic diagram,意図,他的意图很明显。,彼の意図は非常に明白です。,His intention is very clear.,他的意图非常明确，就是想通过这次演讲改变大家的看法。,彼の意図は非常に明確で、この講演を通じて皆の考えを変えたいと思っている。
2158,意味着,yì wèi zhe,to signify; to mean; to imply,意味する,红灯意味着停止。,赤信号は停止を意味します。,A red light means stop.,这份合同的签署意味着双方进入了一个新的合作阶段。,この契約の締結は双方が新たな協力段階に入ったことを意味している。
2159,意向,yì xiàng,disposition,意向,表达合作意向。,協力の意向を表明する。,Express the intention to cooperate.,公司表达了对未来市场发展的积极意向，希望加强合作。,会社は将来の市場発展に対する積極的な意向を示し、協力強化を望んでいる。
2160,意志,yì zhì,will; willpower; determination; CL:个,意志,坚定不移的意志。,揺るぎない意志。,Unwavering will.,面对困难，他展现出了坚定不移的意志，最终克服了所有障碍。,困難に直面して、彼は揺るぎない意志を示し、最終的にすべての障害を克服した。
2161,毅力,yì lì,perseverance; willpower,根気,成功需要毅力。,成功には忍耐力が必要です。,Success requires perseverance.,他凭借顽强的毅力，完成了别人认为不可能完成的任务。,彼は強い意志力をもって、他の人が不可能だと思った任務をやり遂げた。
2162,毅然,yì rán,firmly; resolutely; without hesitation,断固として,他毅然拒绝提议。,彼は毅然として提案を拒否した。,He resolutely rejected the proposal.,面对挑战，她毅然决定辞去安稳的工作，追求自己的梦想。,挑戦に直面して、彼女は安定した仕事を毅然と辞めて、自分の夢を追いかける決断をした。
2163,翼,yì,wing,翼,展翅高飞的翼。,羽ばたいて高く飛ぶ翼。,Wings spreading and flying high.,展翅高飞的鹰展现了强大的翼力，象征着自由与力量。,羽を広げて高く飛ぶ鷲は強力な翼の力を示し、自由と力の象徴である。
2164,阴谋,yīn móu,plot; conspiracy,陰謀,揭露阴谋诡计。,陰謀や策略を暴露する。,Expose conspiracies and schemes.,警方成功破获了一起复杂的阴谋，挫败了犯罪分子的计划。,警察は複雑な陰謀を成功裏に摘発し、犯罪者の計画を挫折させた。
2165,音响,yīn xiǎng,speakers or speaker (electronic); acoustics; sound field (in a room or theater),音響,音响效果极佳。,音響効果が非常に優れている。,The sound effect is excellent.,新购置的音响设备使得音乐会的音效更加震撼动人。,新しく購入した音響設備によって、コンサートの音響効果がより迫力あるものになった。
2166,引导,yǐn dǎo,to guide; to lead; to conduct; introduction,導く,老师引导学生思考。,先生が学生の思考を導く。,The teacher guides students to think.,老师耐心地引导学生思考，帮助他们理解复杂的问题。,先生は忍耐強く生徒の思考を導き、彼らが複雑な問題を理解するのを助けている。
2167,引擎,yǐn qíng,engine (transliteration),エンジン,引擎启动顺利。,エンジンが順調に始動した。,The engine started smoothly.,这款汽车配备了先进的引擎，提升了整体性能和燃油效率。,この車は先進的なエンジンを搭載しており、全体の性能と燃費効率を向上させている。
2168,引用,yǐn yòng,to quote; to cite; to recommend; to appoint,引用,文章引用多篇文献。,文章は多くの文献を引用している。,The article cites many references.,在论文中，他引用了大量权威的研究资料来支持自己的观点。,論文の中で、彼は多くの権威ある研究資料を引用して自分の見解を支持した。
2169,隐蔽,yǐn bì,to conceal; to hide; covert; under cover,隠れる,士兵隐蔽在山谷。,兵士は谷間に隠れている。,The soldier is concealed in the valley.,为了保证安全，军队在边境地区设置了隐蔽的观察哨。,安全を確保するために、軍は国境地帯に隠蔽された監視哨を設置した。
2170,隐患,yǐn huàn,a danger concealed within sth; hidden damage; misfortune not visible from the surface,潜在危険,隐患需及时排查。,潜在的な危険は早急に点検する必要がある。,Hidden dangers need to be inspected promptly.,虽然问题暂时没有暴露，但存在潜在的隐患需要及时处理。,問題は一時的に露見していないが、潜在的な隠れた危険が存在し、早急に対処する必要がある。
2171,隐瞒,yǐn mán,to conceal; to hide (a taboo subject); to cover up the truth,隠す,他隐瞒了事实真相。,彼は事実の真相を隠していた。,He concealed the truth of the facts.,他试图隐瞒事实真相，结果被记者揭穿了谎言。,彼は事実の真相を隠そうとしたが、結果的に記者に嘘を暴かれた。
2172,隐私,yǐn sī,secrets; something one hopes to conceal,プライバシー,保护个人隐私权。,個人のプライバシー権を保護する。,Protect personal privacy rights.,在网络时代，保护个人隐私变得尤为重要和困难。,ネット時代において、個人のプライバシーを守ることは特に重要であり困難になっている。
2173,隐约,yǐn yuē,vague; faint; indistinct,ぼんやり,隐约听到脚步声。,かすかに足音が聞こえた。,Faintly heard footsteps.,夜空中隐约可以看到远处山顶的灯光，给人一种神秘的感觉。,夜空には遠くの山頂の灯りがぼんやりと見え、神秘的な感じを与える。
2174,饮食,yǐn shí,food and drink,飲食,合理安排饮食结构。,合理的に食事の構成を計画する。,Reasonably arrange the dietary structure.,合理的饮食习惯对于保持身体健康具有重要意义。,合理的な飲食習慣は身体の健康を維持する上で重要な意味を持つ。
2175,婴儿,yīng ér,infant; baby; CL:个; lead (Pb),乳児,婴儿需要细心照料。,赤ちゃんは細心の注意をもって世話される必要がある。,Babies need to be cared for carefully.,婴儿的成长需要父母细心的照料和科学的养育方法。,赤ちゃんの成長には両親の細やかな世話と科学的な育児方法が必要である。
2176,英明,yīng míng,wise; brilliant,英明,领导作出英明决策。,リーダーは英明な決断を下した。,The leader made a wise decision.,这位领导做出了英明的决策，使公司成功度过了危机。,このリーダーは英明な決断を下し、会社が危機を無事に乗り越えることができた。
2177,英勇,yīng yǒng,bravery; gallant; valiant,勇敢,士兵表现出英勇。,兵士は勇敢さを示した。,The soldier showed bravery.,在战场上，他表现出英勇无畏的精神，赢得了战友的尊敬。,戦場で彼は勇敢で恐れを知らない精神を示し、戦友たちの尊敬を勝ち取った。
2178,盈利,yíng lì,profit; gain,利益,公司盈利能力强。,会社の収益力は強い。,The company has strong profitability.,经过一年的努力，企业终于实现了盈利，进入了良性发展阶段。,一年間の努力を経て、企業はついに利益を上げ、良好な発展段階に入った。
2179,迎面,yíng miàn,directly; head-on (collision); in one's face (of wind),正面から,迎面而来的挑战。,正面からやってくる挑戦。,Challenges coming head-on.,迎面而来的风带来了春天的气息，让人感到心旷神怡。,正面から吹いてくる風は春の気配を運び、心が晴れやかになる。
2180,应酬,yìng chou,social niceties; social interaction; a dinner party,付き合い,应酬活动频繁举行。,接待の活動が頻繁に行われる。,Social engagements are held frequently.,在节日期间，公司安排了多场应酬活动以加强客户关系。,祝日には会社が複数の接待活動を企画し、顧客関係を強化した。
2181,应邀,yìng yāo,at sb's invitation; on invitation,招待に応じる,应邀参加国际会议。,招待を受けて国際会議に参加する。,Attend the international conference by invitation.,他应邀参加了国际会议，发表了关于环保的精彩演讲。,彼は招待を受けて国際会議に参加し、環境保護に関する素晴らしい講演を行った。
2182,庸俗,yōng sú,filthy; vulgar; debased,下品,言论庸俗不得体。,言論が陳腐で不適切だ。,The remarks are vulgar and inappropriate.,他的言论过于庸俗，无法引起有文化素养观众的共鸣。,彼の発言はあまりにも俗悪で、教養のある聴衆の共感を得られなかった。
2183,拥护,yōng hù,to endorse; to support,支持,群众拥护新政策。,群衆は新しい政策を支持している。,The masses support the new policy.,广大群众纷纷拥护政府的新政策，期待社会更加和谐稳定。,多くの人々が政府の新政策を支持し、社会のより調和のとれた安定を期待している。
2184,拥有,yōng yǒu,to have; to possess,所有する,他拥有多处房产。,彼は複数の不動産を所有している。,He owns multiple properties.,他拥有丰富的专业知识和多年宝贵的工作经验，深受同事尊敬。,彼は豊富な専門知識と長年の貴重な職務経験を持ち、同僚から深く尊敬されている。
2185,勇于,yǒng yú,to dare to; to be brave enough to,勇敢に〜する,勇于面对困难挑战。,困難や挑戦に勇敢に立ち向かう。,Be brave in facing difficulties and challenges.,面对困难，他勇于挑战自我，不断追求卓越。,困難に直面して彼は勇敢に自己に挑戦し、不断に卓越を追求している。
2186,永恒,yǒng héng,eternal; everlasting; fig. to pass into eternity (i.e. to die),永遠,追求永恒的价值。,永遠の価値を追求する。,Pursue eternal values.,真挚的友谊是永恒的财富，不会随着时间的流逝而消失。,真摯な友情は永遠の財産であり、時間の経過とともに消えることはない。
2187,涌现,yǒng xiàn,to emerge in large numbers; to spring up; to emerge prominently,続々と現れる,新人才涌现社会。,新しい人材が社会に次々と現れる。,New talents emerge in society one after another.,新兴企业在市场上不断涌现，激烈的竞争促使行业快速发展。,新興企業が市場に次々と現れ、激しい競争が業界の急速な発展を促している。
2188,踊跃,yǒng yuè,to leap; to jump; eager; enthusiastically,積極的に,学生踊跃发言讨论。,学生たちは積極的に発言し議論する。,Students actively speak and discuss.,学生们踊跃参加志愿者活动，展现了积极向上的精神风貌。,学生たちは積極的にボランティア活動に参加し、前向きな精神風貌を示している。
2189,用户,yòng hù,user; consumer; subscriber; customer,ユーザー,用户体验至关重要。,ユーザー体験は非常に重要である。,User experience is crucial.,为了提升用户体验，公司不断优化产品功能和服务质量。,ユーザー体験を向上させるために、会社は製品の機能とサービスの質を絶えず最適化している。
2190,优胜劣汰,yōu shèng liè tài,survival of the fittest,適者生存,市场优胜劣汰激烈。,市場は激しい優勝劣敗がある。,The market has intense survival of the fittest.,在自然界中，优胜劣汰是物竞天择的基本法则。,自然界では、優勝劣汰が物競天擇の基本法則である。
2191,优先,yōu xiān,priority,優先,安全应得到优先保障。,安全は優先的に保障されるべきだ。,Safety should be given priority protection.,在处理紧急事务时，必须优先保证人员的安全。,緊急事態を処理する際には、まず人員の安全を優先しなければならない。
2192,优异,yōu yì,exceptional; outstandingly good,優秀,取得优异的成绩。,優秀な成績を収める。,Achieve excellent results.,她在各项比赛中表现优异，获得了多项荣誉和奖项。,彼女は各種大会で優秀な成績を収め、多くの名誉と賞を獲得した。
2193,优越,yōu yuè,superior; superiority,優越,技术具有明显优越。,技術には明らかな優位性がある。,The technology has obvious superiority.,他们的生活条件远远优越于周边的其他社区。,彼らの生活環境は周辺の他のコミュニティよりはるかに優れている。
2194,忧郁,yōu yù,sullen; depressed; melancholy; dejected,憂鬱,他情绪显得忧郁。,彼の感情は憂鬱に見える。,His mood appears gloomy.,他因长期的压力而陷入忧郁，建议他寻求专业帮助。,彼は長期のストレスで憂鬱に陥り、専門的な助けを求めるよう勧められた。
2195,油腻,yóu nì,grease; greasy food; oily; rich (of food); fatty; greasy and dirty; a slippery character,脂っこい,这道菜味道油腻。,この料理は味が脂っこい。,This dish tastes greasy.,油腻的食物吃多了容易引发消化不良和健康问题。,脂っこい食べ物を食べ過ぎると、消化不良や健康問題を引き起こしやすい。
2196,油漆,yóu qī,oil paints; lacquer; to paint; CL:层[ceng2],塗料,油漆颜色鲜艳耐用。,塗料の色は鮮やかで耐久性がある。,The paint color is bright and durable.,工人们正在给墙面油漆，准备明天的开幕仪式。,作業員たちは壁にペンキを塗っており、明日の開幕式の準備をしている。
2197,犹如,yóu rú,similar to; appearing to be,まるで〜のようだ,犹如置身梦境中。,まるで夢の中にいるようだ。,As if being in a dream.,夕阳的余晖犹如金色的纱幕，笼罩着整个山谷。,夕日の残光はまるで金色のベールのように谷全体を包み込んでいる。
2198,有条不紊,yǒu tiáo bù wěn,regular and thorough (idiom); methodically arranged,秩序正しい,工作有条不紊进行。,仕事は秩序正しく進んでいる。,Work is progressing in an orderly manner.,他处理事务总是有条不紊，令人佩服他的组织能力。,彼は物事を処理する際、いつも秩序立っていて、その組織能力に感心させられる。
2199,幼稚,yòu zhì,young; childish; naive,幼稚,行为显得很幼稚。,行動がとても幼稚に見える。,The behavior appears very childish.,他的想法过于幼稚，缺乏对现实的深入理解。,彼の考えはあまりにも幼稚で、現実に対する深い理解を欠いている。
2200,诱惑,yòu huò,to entice; to lure; to induce; to attract,誘惑,抵抗诱惑需要自制。,誘惑に抵抗するには自制心が必要だ。,Resisting temptation requires self-control.,面对各种诱惑，他始终保持清醒的头脑，坚持自己的原则。,さまざまな誘惑に直面しても、彼は常に冷静な頭脳を保ち、自分の原則を貫いている。
2201,愚蠢,yú chǔn,silly; stupid,愚か,愚蠢行为难以挽回。,愚かな行動は取り返しがつきにくい。,Foolish actions are hard to undo.,他因为一时的冲动而做出了愚蠢的决定，最终导致了不可挽回的后果。,彼は一時の衝動で愚かな決断を下し、最終的に取り返しのつかない結果を招いた。
2202,愚昧,yú mèi,ignorant; uneducated,無知,愚昧阻碍社会进步。,無知は社会の進歩を妨げる。,Ignorance hinders social progress.,愚昧无知的行为不仅阻碍了个人的发展，也影响了整个社会的进步。,愚昧無知な行動は個人の成長を妨げるだけでなく、社会全体の進歩にも影響を与える。
2203,渔民,yú mín,fisherman; fisher folk,漁民,渔民依海为生谋利。,漁師は海を頼りに生計を立てている。,Fishermen make a living by relying on the sea.,沿海地区的渔民每天清晨出海，靠捕鱼维持生计。,沿岸地域の漁民は毎朝早く海に出て、漁をして生活を維持している。
2204,舆论,yú lùn,public opinion,世論,舆论监督政府权力。,世論は政府の権力を監督する。,Public opinion supervises government power.,舆论的压力促使政府加快了环境保护政策的实施步伐。,世論の圧力が政府に環境保護政策の実施を加速させるよう促した。
2205,与日俱增,yǔ rì jù zēng,to increase steadily; to grow with each passing day,日増しに増加,人口与日俱增压力。,人口は日々増加し、圧力が高まっている。,"The population is increasing daily, causing pressure.",随着科技的发展，数据的产生量与日俱增，给存储带来了巨大挑战。,科学技術の発展に伴い、データの生成量は日々増加し、保存に大きな課題をもたらしている。
2206,宇宙,yǔ zhòu,universe; cosmos,宇宙,宇宙奥秘待人探索。,宇宙の神秘は人々の探求を待っている。,The mysteries of the universe await human exploration.,宇宙的浩瀚无垠让人类对未知充满了探索的渴望。,宇宙の広大無辺さは人類に未知への探求心を抱かせている。
2207,羽绒服,yǔ róng fú,down garment,ダウンジャケット,羽绒服保暖性能优。,ダウンジャケットは保温性能に優れている。,Down jackets have excellent warmth retention.,冬天来了，大家都纷纷穿上了厚实保暖的羽绒服。,冬が来て、みんな厚くて暖かいダウンジャケットを次々と着ている。
2208,寓言,yù yán,fable; CL:则[ze2],寓話,寓言故事寓意深刻。,寓話の物語は深い意味を持っている。,Fables have profound meanings.,这则寓言通过动物的故事传达了诚实与勇敢的重要性。,この寓話は動物の物語を通じて誠実さと勇気の重要性を伝えている。
2209,愈,yù,heal; the more...the more; to recover; better,ますます,病情愈发严重难治。,病状はますます深刻で治りにくい。,The illness is becoming more severe and difficult to cure.,随着病情的恶化，他的健康状况愈发令人担忧。,病状の悪化に伴い、彼の健康状態はますます心配になる。
2210,欲望,yù wàng,desire; longing; appetite; craving,欲望,欲望驱使人不断奋斗。,欲望は人を絶えず努力させる原動力だ。,Desire drives people to keep striving.,人的欲望如果得不到合理的控制，往往会导致自我毁灭。,人の欲望は適切にコントロールされなければ、しばしば自己破壊を招く。
2211,熨,yù,reconciled; smooth,アイロン掛け,熨衣服需谨慎操作。,アイロンをかけるには慎重な操作が必要だ。,Ironing clothes requires careful handling.,为了使衣物平整，他用熨斗仔细地熨烫每一处褶皱。,衣服をきれいにするために、彼はアイロンで丁寧にしわを伸ばした。
2212,玉,yù,jade,玉,玉石雕刻技艺精湛。,玉石の彫刻技術は非常に優れている。,The jade carving craftsmanship is exquisite.,这块玉石雕刻精美，是古代工艺的杰出代表。,この翡翠は精巧に彫刻されており、古代工芸の優れた代表作である。
2213,预料,yù liào,to forecast; to anticipate; expectation,予想,预料结果出乎意料。,予想した結果は意外だった。,The anticipated result was unexpected.,经过详细分析，专家预料今年的经济增长将保持稳定。,詳細な分析の結果、専門家は今年の経済成長が安定すると予測している。
2214,预期,yù qī,expect; expected,期待,预期收益超过预估。,予期された利益は見積もりを超えた。,The expected profits exceeded the estimates.,尽管面临困难，公司仍然预期年底利润会有显著提升。,困難に直面しているが、会社は年末の利益が顕著に増加すると見込んでいる。
2215,预算,yù suàn,budget,予算,预算审批流程严格。,予算の承認プロセスは厳格だ。,The budget approval process is strict.,为了合理安排资金，部门提前制定了详细的年度预算方案。,資金を合理的に配分するために、部門は事前に詳細な年間予算計画を作成した。
2216,预先,yù xiān,beforehand; prior,あらかじめ,预先准备工作充分。,事前の準備作業は十分に行われた。,Preparatory work was done thoroughly in advance.,为了避免突发状况，领导预先安排了应急预案和人员部署。,突発事態を避けるために、リーダーは事前に緊急対応計画と人員配置を準備した。
2217,预言,yù yán,to predict; prophecy,予言,预言未来科技发展。,未来の科学技術の発展を予言する。,To predict the future development of science and technology.,古代先知的预言往往带有神秘色彩，引发人们的无限遐想。,古代の予言者の予言はしばしば神秘的な色彩を帯び、人々の無限の想像をかき立てた。
2218,预兆,yù zhào,omen; prognosis (in medicine),兆候,预兆显示风暴将至。,前兆は嵐が近づいていることを示している。,The omen indicates that a storm is approaching.,乌云密布是暴风雨来临的预兆，大家应提前做好防范措施。,厚い雲は嵐の到来の兆候であり、皆は事前に防災対策を講じるべきだ。
2219,冤枉,yuān wang,hatred; injustice; bad luck; unjust treatment; wronged; not worthwhile,理不尽,冤枉无辜令人心痛。,無実の人を冤罪で苦しめるのは心が痛む。,It is heartbreaking to wrongfully accuse the innocent.,他被错误指控为罪犯，感到非常冤枉和无助。,彼は誤って犯人とされたため、大変理不尽で無力さを感じている。
2220,元首,yuán shǒu,head of state,元首,元首出席国际会议。,元首が国際会議に出席する。,The head of state attends the international conference.,作为国家的元首，他肩负着维护国家安全和发展的重任。,国家元首として、彼は国家の安全と発展を維持する重責を担っている。
2221,元素,yuán sù,element; element of a set; chemical element,元素,化学元素周期表完整。,化学元素の周期表は完全だ。,The periodic table of chemical elements is complete.,化学元素的周期表揭示了元素性质的规律性和内在联系。,化学元素の周期表は元素の性質の規則性と内在的な関連を明らかにしている。
2222,元宵节,yuán xiāo jié,"Lantern festival; the final event of the Spring festival 春春节, on 15th of first month of the lunar calendar",元宵節,元宵节赏灯活动热闹。,元宵節の灯籠鑑賞イベントは賑やかだ。,The Lantern Festival lantern viewing event is lively.,元宵节是中国传统节日，人们通过吃汤圆和赏花灯庆祝团圆。,元宵節は中国の伝統的な祭日で、人々は団らんを祝うために団子を食べ、提灯を鑑賞する。
2223,原告,yuán gào,complainant; plaintiff,原告,原告提交了证据材料。,原告は証拠資料を提出した。,The plaintiff submitted evidence materials.,在法庭上，原告详细陈述了自己的诉求和证据。,法廷で原告は自身の主張と証拠を詳細に述べた。
2224,原理,yuán lǐ,principle; theory,原理,物理原理解释自然现象。,物理の原理は自然現象を説明する。,Physical principles explain natural phenomena.,物理学的基本原理为我们理解自然现象提供了理论基础。,物理学の基本原理は自然現象を理解するための理論的基盤を提供している。
2225,原始,yuán shǐ,first; original; primitive; original (document etc),原始,原始森林生态系统丰富。,原始森林の生態系は豊かだ。,The ecosystem of the primeval forest is rich.,原始森林中蕴藏着丰富的生物多样性和生态资源。,原始林には豊かな生物多様性と生態資源が秘められている。
2226,原先,yuán xiān,former; original,かつて,原先计划有所调整。,当初の計画は多少調整された。,The original plan was adjusted somewhat.,他原先计划出国留学，但因为家庭原因不得不改变决定。,彼はもともと留学する予定だったが、家庭の事情で決断を変えざるを得なかった。
2227,园林,yuán lín,gardens; park; landscape garden,庭園,园林设计融合自然美。,庭園設計は自然美を融合している。,Garden design integrates natural beauty.,这座古典园林以其精致的布局和优美的景致闻名遐迩。,この古典的な庭園は精緻な配置と美しい景観で広く知られている。
2228,圆满,yuán mǎn,satisfactory,完璧,项目圆满完成任务。,プロジェクトは円満に任務を完了した。,The project successfully completed its tasks.,经过大家的共同努力，这次活动圆满结束，取得了预期效果。,皆の共同の努力により、この活動は円満に終了し、期待された効果を得た。
2229,源泉,yuán quán,fountainhead; well-spring; water source; fig. origin,源泉,知识是创新的源泉。,知識はイノベーションの源泉だ。,Knowledge is the source of innovation.,创新是企业发展的源泉，只有不断突破才能保持竞争力。,イノベーションは企業発展の源泉であり、絶えず突破しなければ競争力を維持できない。
2230,缘故,yuán gù,reason; cause,原因,事故缘故尚在调查。,事故の原因はまだ調査中だ。,The cause of the accident is still under investigation.,由于种种缘故，他不得不暂时放弃自己的梦想。,さまざまな理由で、彼は一時的に自分の夢を諦めざるを得なかった。
2231,约束,yuē shù,to restrict; to limit to; to constrain; restriction; constraint,制約,规则约束个人行为。,規則は個人の行動を制約する。,Rules constrain individual behavior.,严格的管理制度对员工的行为起到了有效的约束作用。,厳格な管理制度は従業員の行動に効果的な拘束効果をもたらしている。
2232,乐谱,yuè pǔ,a musical score; sheet music,楽譜,乐谱记录音乐旋律。,楽譜は音楽の旋律を記録する。,The musical score records the melody.,这本乐谱详细记录了作曲家的创作意图和演奏要求。,この楽譜は作曲家の創作意図と演奏要求を詳細に記録している。
2233,岳母,yuè mǔ,"wife's mother, mother-in-law;",義母,岳母对家庭贡献大。,義母は家庭に大きく貢献している。,The mother-in-law has greatly contributed to the family.,岳母对女婿的评价直接影响了家庭关系的和谐程度。,義母の娘婿に対する評価は家族関係の調和の度合いに直接影響を与える。
2234,孕育,yùn yù,"to be pregnant; to produce offspring; to nurture (a development, school of thought, artwork etc); fig. replete with (culture etc)",孕育,文化孕育民族精神。,文化は民族精神を育む。,Culture nurtures the national spirit.,母亲在孕育生命的过程中付出了无私的爱和巨大牺牲。,母親は生命を育む過程で無私の愛と大きな犠牲を払った。
2235,蕴藏,yùn cáng,to hold in store; to contain (untapped reserves etc),蓄積,矿藏蕴藏丰富资源。,鉱床は豊富な資源を含んでいる。,Mineral deposits contain abundant resources.,这片土地蕴藏着丰富的矿产资源，具有重要的经济价值。,この土地は豊かな鉱産資源を秘めており、重要な経済的価値を持っている。
2236,运算,yùn suàn,(mathematical) operation,演算,计算机高速运算数据。,コンピューターは高速でデータを計算する。,Computers perform high-speed data calculations.,现代计算机能够高速完成复杂的运算任务，大大提高了工作效率。,現代のコンピュータは高速で複雑な演算作業を完遂でき、作業効率を大幅に向上させている。
2237,运行,yùn xíng,be in motion; to move; to run,運行,系统运行稳定高效。,システムは安定して効率的に稼働している。,The system operates stably and efficiently.,新开发的软件系统目前正在稳定运行，未出现重大故障。,新たに開発されたソフトウェアシステムは現在安定稼働しており、大きな故障は起きていない。
2238,酝酿,yùn niàng,(of alcohol) to ferment; (of a crisis) to be brewing; to mull over (an issue); to hold exploratory discussions,醸成,改革氛围正在酝酿。,改革の雰囲気が醸成されつつある。,The atmosphere for reform is brewing.,这项政策的出台经过了长时间的酝酿和反复讨论。,この政策の発表は長期間の醸成と繰り返しの議論を経て実現した。
2239,杂技,zá jì,acrobatics; CL:场[chang3],曲芸,杂技表演惊险刺激。,雑技の演技はスリル満点だ。,The acrobatic performance is thrilling.,杂技表演以其惊险刺激的动作和高超的技巧赢得了观众的喜爱。,雑技の公演はスリリングな動きと卓越した技術で観客の歓喜を勝ち取った。
2240,杂交,zá jiāo,a hybrid,交配,杂交品种提高产量。,交配種は収量を向上させる。,Hybrid varieties increase yield.,科学家通过杂交技术培育出了抗病性更强的植物品种。,科学者は交雑技術により病害に強い植物品種を育成した。
2241,砸,zá,smash; smashed; to fail; to get it wrong,たたく,他不小心砸坏玻璃。,彼は不注意でガラスを割ってしまった。,He accidentally broke the glass.,他一时不慎把杯子砸在地上，碎片散落一地。,彼は一瞬の不注意でコップを地面に落として割り、破片が散らばった。
2242,咋,zǎ,(dialect) why; how; what,どうして,咋办才能解决问题？,どうすれば問題を解決できるだろうか？,What should be done to solve the problem?,你咋这么晚才回来？大家都很担心你呢！,どうしてこんなに遅く帰ってきたの？みんな心配してたよ！
2243,栽培,zāi péi,to grow; to cultivate,栽培,科学栽培提高产量。,科学的な栽培で収量を向上させる。,Scientific cultivation improves yield.,科学家们不断改进栽培技术，提高了农作物的产量和质量。,科学者たちは栽培技術を絶えず改良し、農作物の収量と質を向上させた。
2244,灾难,zāi nàn,disaster; catastrophe,災難,地震造成巨大灾难。,地震は大きな災害を引き起こした。,The earthquake caused a huge disaster.,地震带来了巨大的灾难，许多家庭失去了亲人和家园。,地震は大きな災害をもたらし、多くの家庭が親族や家を失った。
2245,宰,zǎi,to slaughter livestock; to govern or rule; to cheat customers; Imperial official in dynastic China,搾取,农民遭受地主宰割。,農民は地主の支配と搾取に苦しんだ。,Farmers suffered under the domination and exploitation of landlords.,商贩在市场上宰客的行为引起了消费者的强烈不满。,商人が市場で不当に高値を取る行為は消費者の強い不満を引き起こした。
2246,再接再厉,zài jiē zài lì,to continue the struggle (idiom); to persist; unremitting efforts,励み続ける,再接再厉迎接挑战。,さらに努力して挑戦を迎えよう。,Keep up the effort and face the challenge.,面对挑战，我们应当再接再厉，努力实现既定目标。,挑戦に直面して、私たちはさらに努力を重ね、既定の目標を達成すべきだ。
2247,在意,zài yì,to care about; to mind,気にする,他对批评很在意。,彼は批判をとても気にしている。,He cares a lot about criticism.,他对别人的评价非常在意，常常因此感到困扰和压力。,彼は他人の評価を非常に気にしており、そのために悩みやストレスを感じることが多い。
2248,攒,zǎn,to accumulate; to amass; to hoard; to save,貯める,攒钱买心仪的车。,お金を貯めてお気に入りの車を買う。,Save money to buy the desired car.,她攒了好几个月的钱，终于买下了心仪已久的钢琴。,彼女は数か月間お金を貯めて、ついに長年憧れていたピアノを買った。
2249,暂且,zàn qiě,for now; for the time being; temporarily,とりあえず,暂且搁置争议问题。,とりあえず争議の問題は棚上げする。,Temporarily set aside the dispute issue.,这件事情暂且搁置，等条件成熟后再做打算。,この件はひとまず棚上げにして、条件が整ってから再考しよう。
2250,赞叹,zàn tàn,to sigh or gasp in admiration; high praise,称賛,大家赞叹他的才华。,みんなが彼の才能を称賛した。,Everyone praised his talent.,观众们纷纷对演员的精彩表演发出由衷的赞叹和掌声。,観客たちは俳優の素晴らしい演技に心から称賛の声と拍手を送った。
2251,赞助,zàn zhù,to support; to assist; sponsor,スポンサー,公司赞助文化活动。,会社は文化活動をスポンサーしています。,The company sponsors cultural activities.,这次大型体育赛事得到了多家知名企业的赞助，确保活动顺利进行。,今回の大規模なスポーツ大会は複数の有名企業のスポンサーシップを受けて、イベントの円滑な進行が確保された。
2252,糟蹋,zāo tà,to waste; to wreck; to despoil; to abuse; to slander; to insult; to defile; to trample on,台無しにする,他糟蹋了宝贵的资源。,彼は貴重な資源を無駄にしました。,He wasted valuable resources.,他对公共财物的糟蹋行为引起了大家的强烈不满。,彼の公共物をむやみに破壊する行為は皆の強い不満を引き起こした。
2253,遭受,zāo shòu,"to suffer; to sustain (loss, misfortune)",被害を受ける,农民遭受旱灾困扰。,農民は干ばつに悩まされています。,Farmers suffer from drought.,在自然灾害中，很多人都遭受了不同程度的损失和痛苦。,自然災害の中で、多くの人がさまざまな程度の損失と苦痛を被った。
2254,遭殃,zāo yāng,to suffer a calamity,災難に遭う,村庄遭殃于洪水。,村は洪水で被害を受けました。,The village was affected by the flood.,由于洪水泛滥，整个村庄遭殃，居民生活受到极大影响。,洪水の氾濫により、村全体が被害を受け、住民の生活に大きな影響が出た。
2255,遭遇,zāo yù,to meet with; to encounter; (bitter) experience,遭遇する,他遭遇了职业瓶颈。,彼は職業上の壁に直面しました。,He encountered a career bottleneck.,他在国外遭遇了文化冲突，但凭借智慧成功化解了矛盾。,彼は海外で文化的な衝突に遭遇したが、知恵を駆使して見事に矛盾を解消した。
2256,噪音,zào yīn,rumble; noise; static,騒音,城市噪音影响睡眠。,都市の騒音が睡眠に影響を与えます。,City noise affects sleep.,工地上的噪音持续不断，严重影响了附近居民的生活质量。,工事現場の騒音が絶え間なく続き、近隣住民の生活の質に深刻な影響を与えている。
2257,造型,zào xíng,modeling; mold-making; model or mold; molding,造形,雕塑的造型极具美感。,彫刻の造形は非常に美しいです。,The sculpture's shape is very aesthetic.,这座雕塑的造型独特，完美展现了现代艺术的魅力。,この彫刻の造形は独特で、現代芸術の魅力を完璧に表現している。
2258,责怪,zé guài,to blame; to rebuke,責める,他不应责怪同事。,彼は同僚を責めるべきではありません。,He should not blame his colleagues.,虽然事情有误会，但他不应该责怪无辜的人。,誤解があったとはいえ、彼は無実の人を責めるべきではない。
2259,贼,zéi,thief; wily; deceitful; evil; extremely; disagreeably,泥棒,贼潜入博物馆盗宝。,泥棒が博物館に忍び込み宝物を盗みました。,A thief sneaked into the museum and stole treasures.,那名贼潜入博物馆，试图盗取珍贵的艺术品，最终被警方逮捕。,あの泥棒は博物館に忍び込み、貴重な美術品を盗もうとしたが、最終的に警察に逮捕された。
2260,增添,zēng tiān,add to; increase,増やす,新政策增添就业机会。,新しい政策は雇用機会を増やします。,The new policy adds employment opportunities.,新设计的公园设施为市民增添了更多休闲娱乐的选择。,新たに設計された公園の設備が市民により多くのレジャー・娯楽の選択肢を増やした。
2261,赠送,zèng sòng,give as a present; present as a gift,贈る,公司赠送员工礼品。,会社は従業員に贈り物を贈ります。,The company gives gifts to employees.,公司向员工赠送了节日礼物，以表达对他们辛勤工作的感谢。,会社は従業員に休日の贈り物を贈り、彼らの勤勉な働きに感謝の意を表した。
2262,扎,zhā,to prick; to run or stick (a needle etc) into; jug (a classifier for liquids such as beer),刺す,护士扎针技术娴熟。,看護師は注射の技術が熟練しています。,The nurse is skilled at giving injections.,这根针扎得很深，让他忍不住皱起了眉头。,この針は深く刺さり、彼は思わず眉をひそめた。
2263,扎实,zhā shi,strong; solid; sturdy; firm; practical,しっかり,基础知识必须扎实。,基礎知識はしっかりしていなければなりません。,Basic knowledge must be solid.,他的学习态度非常扎实，每天坚持复习和练习，成绩稳步提升。,彼の学習態度は非常に堅実で、毎日復習と練習を続け、成績が着実に向上している。
2264,渣,zhā,slag (in mining or smelting); dregs,残渣,工业渣污染环境。,工業廃棄物が環境を汚染しています。,Industrial waste pollutes the environment.,这批废渣需要及时清理，以免影响工厂的正常生产。,この廃棄物は早急に清掃する必要があり、工場の正常な生産に影響を与えないようにしなければならない。
2265,眨,zhǎ,wink,まばたき,他眨眼示意队友。,彼はウインクしてチームメイトに合図しました。,He winked to signal his teammate.,他一眨眼，突然消失在人群中，让人感到十分神秘。,彼は一瞬まばたきしたかと思うと、突然人混みの中に姿を消し、とても神秘的に感じられた。
2266,诈骗,zhà piàn,to defraud; to swindle; to blackmail,詐欺,警方破获诈骗团伙。,警察は詐欺団を摘発しました。,The police cracked down on a fraud gang.,警方成功破获了一起网络诈骗案件，抓获了多名犯罪嫌疑人。,警察はネット詐欺事件を成功裏に摘発し、複数の犯罪容疑者を逮捕した。
2267,摘要,zhāi yào,summary; abstract,要約,请写报告摘要部分。,報告書の要約部分を書いてください。,Please write the summary section of the report.,请在会议结束后提交一份详细的报告摘要，方便大家了解重点内容。,会議終了後に詳細な報告の要約を提出してください、皆が重要な内容を理解しやすくするために。
2268,债券,zhài quàn,bond; debenture,債券,政府发行长期债券。,政府は長期債券を発行します。,The government issues long-term bonds.,政府发行的债券吸引了大量投资者，促进了经济的发展。,政府が発行した債券は多くの投資家を引きつけ、経済の発展を促進した。
2269,沾光,zhān guāng,to bask in the light; fig. to benefit from association with sb or sth; reflected glory,恩恵を受ける,学生们沾光于奖学金。,学生たちは奨学金の恩恵を受けています。,Students benefit from scholarships.,他在项目成功后沾光不少，个人声誉也得到了提升。,彼はプロジェクトの成功によって多くの恩恵を受け、個人の評判も向上した。
2270,瞻仰,zhān yǎng,to revere; to admire,参拝する,游客瞻仰历史名胜。,観光客は歴史的名所を参拝します。,Tourists visit historical sites.,我们特地前往烈士陵园瞻仰先烈的丰功伟绩，表达崇高敬意。,私たちは特に烈士陵園に赴き、先烈の偉業を拝礼して崇高な敬意を表した。
2271,展示,zhǎn shì,to reveal; to display; to show; to exhibit sth,展示する,博物馆展示古代文物。,博物館は古代の文物を展示しています。,The museum displays ancient artifacts.,这次展览展示了许多现代艺术家的杰出作品，吸引了大量观众。,今回の展覧会は多くの現代アーティストの優れた作品を展示し、多数の観客を引きつけた。
2272,展望,zhǎn wàng,outlook; prospect; to look ahead; to look forward to,展望,会议展望未来发展。,会議は未来の発展を展望します。,The meeting looks forward to future development.,面对未来，我们应当展望远大目标，制定切实可行的发展规划。,未来に直面して、私たちは大きな目標を展望し、実現可能な発展計画を立てるべきだ。
2273,展现,zhǎn xiàn,to come out; to emerge,現す,画作展现作者情感。,絵画は作者の感情を表現しています。,The painting expresses the artist's emotions.,他的才能在这次比赛中得到了充分展现，赢得了评委的一致认可。,彼の才能は今回の大会で十分に発揮され、審査員の一致した評価を得た。
2274,崭新,zhǎn xīn,brand new,真新しい,这辆车崭新亮丽。,この車は新品で美しいです。,This car is brand new and beautiful.,这家公司的产品经过升级换代，展现出崭新的设计风格和技术水平。,この会社の製品はアップグレードされ、新しいデザインスタイルと技術レベルを示している。
2275,斩钉截铁,zhǎn dīng jié tiě,to chop the nail and slice the iron (idiom); resolute and decisive; unhesitating; definitely; without any doubt,断固たる,他斩钉截铁地拒绝。,彼は断固として拒否しました。,He refused resolutely.,他斩钉截铁地表示，绝不会接受任何形式的贿赂和腐败行为。,彼は断固として、いかなる形の賄賂や腐敗行為も受け入れないと表明した。
2276,占据,zhàn jù,to occupy; to hold,占拠する,敌军占据高地优势。,敵軍は高地の有利な位置を占めています。,The enemy occupies the advantageous high ground.,敌军迅速占据了战略高地，给我方造成了极大压力。,敵軍は迅速に戦略的な高地を占拠し、我方に大きな圧力をかけた。
2277,占领,zhàn lǐng,to occupy (a territory); to hold,占領する,部队成功占领城市。,部隊は都市を成功裏に占領しました。,The troops successfully occupied the city.,政府军成功占领了敌方的主要据点，取得了关键性的胜利。,政府軍は敵の主要拠点を成功裏に占領し、重要な勝利を収めた。
2278,战斗,zhàn dòu,"to fight; to battle; CL:场[chang2] ,次[ci4]",戦闘,士兵英勇战斗到底。,兵士たちは勇敢に最後まで戦いました。,The soldiers fought bravely to the end.,士兵们在战斗中表现出极大的勇敢和牺牲精神，赢得了人民的尊敬。,兵士たちは戦闘中に大きな勇気と犠牲精神を示し、人民の尊敬を得た。
2279,战略,zhàn lvè,strategy,戦略,公司制定市场战略。,会社は市場戦略を策定します。,The company formulates market strategies.,公司制定了长远的战略规划，以应对市场的激烈竞争和变化。,会社は市場の激しい競争と変化に対応するため、長期的な戦略計画を策定した。
2280,战术,zhàn shù,tactics,戦術,灵活运用战术取胜。,戦術を柔軟に運用して勝利を収めます。,Flexibly applying tactics leads to victory.,在战争中，合理运用战术是取得胜利的关键因素之一。,戦争において、戦術の合理的な運用は勝利を得るための重要な要素の一つである。
2281,战役,zhàn yì,military campaign,戦役,这场战役影响深远。,この戦役は影響が深遠です。,This battle has far-reaching effects.,这场战役持续了数月，双方都付出了惨重的代价。,この戦役は数か月続き、双方ともに甚大な代償を払った。
2282,章程,zhāng chéng,rules; regulations; constitution; statute; articles of association (of company); articles of incorporation; charter (of a corporation); by-laws,規則,协会章程需严格遵守。,協会の章程は厳格に遵守しなければなりません。,The association's regulations must be strictly followed.,公司的章程明确规定了股东的权利和义务，保障了企业的正常运作。,会社の規約は株主の権利と義務を明確に規定し、企業の正常な運営を保障している。
2283,帐篷,zhàng peng,"tent; CL:顶[ding3] ,座[zuo4]",テント,我们搭建帐篷露营。,私たちはテントを組み立ててキャンプをします。,We set up tents to camp.,露营时，我们在湖边搭起了帐篷，享受大自然的宁静与美丽。,キャンプの際、私たちは湖畔にテントを張り、自然の静けさと美しさを楽しんだ。
2284,障碍,zhàng ài,barrier; obstruction; hindrance; impediment; obstacle,障害,语言障碍阻碍交流。,言語の障害が交流を妨げています。,Language barriers hinder communication.,语言障碍成为他们沟通交流的主要障碍，需要寻找有效的解决方法。,言語の障害が彼らのコミュニケーションの主な障害となっており、効果的な解決策を見つける必要がある。
2285,招标,zhāo biāo,to invite bids;,入札,项目公开招标进行。,プロジェクトは公開入札で進められます。,The project proceeds through public bidding.,政府部门发布了新的招标公告，吸引了众多企业参与竞标。,政府部門は新しい入札公告を発表し、多くの企業が入札に参加した。
2286,招收,zhāo shōu,to hire; to recruit,募集する,学校招收优秀学生。,学校は優秀な学生を募集しています。,The school recruits outstanding students.,学校今年招收了大量优秀的学生，提升了整体教学水平。,学校は今年、多くの優秀な学生を募集し、全体の教育レベルを向上させた。
2287,朝气蓬勃,zhāo qì péng bó,full of youthful energy (idiom); vigorous; energetic; a bright spark,活力溢れる,青年朝气蓬勃创业。,若者は活気にあふれて起業しています。,Young people are full of vigor and start businesses.,年轻人充满朝气蓬勃的精神面貌，为社会注入了无限活力。,若者は活気に満ちた精神的な姿勢で、社会に無限の活力を注いでいる。
2288,着迷,zháo mí,to be fascinated; to be captivated,夢中になる,他着迷于古典音乐。,彼はクラシック音楽に夢中です。,He is fascinated by classical music.,他对这部电影着迷不已，反复观看了好几遍。,彼はこの映画に夢中になり、何度も繰り返し鑑賞した。
2289,沼泽,zhǎo zé,marsh; swamp; wetlands; glade,沼地,探险队穿越沼泽地。,探検隊は沼地を横断しました。,The expedition team crossed the swamp.,这片沼泽地生态环境复杂，是许多珍稀动植物的栖息地。,この沼沢地は生態環境が複雑で、多くの珍しい動植物の生息地である。
2290,照样,zhào yàng,as before; (same) as usual,いつも通り,他照样按时完成任务。,彼はいつも通り時間通りに任務を完了しました。,He completed the task on time as usual.,尽管遇到困难，他仍照样坚持每天早起锻炼身体。,困難に直面しても、彼は相変わらず毎朝早起きして体を鍛え続けている。
2291,照耀,zhào yào,shine; illuminate,照らす,阳光照耀大地万物。,太陽の光が大地と万物を照らします。,Sunlight shines on the earth and all things.,阳光照耀在湖面上，泛起粼粼波光，美不胜收。,陽光が湖面を照らし、きらきらと波光が反射して美しい光景が広がっている。
2292,折腾,zhē teng,to toss from side to side (e.g. sleeplessly); to repeat sth over and over again; to torment sb; to play crazy,もがく,病人不断折腾难受。,患者は絶えず苦しんでいます。,The patient is constantly suffering.,他为了完成任务不断折腾自己，最终取得了成功。,彼は任務を達成するために自分を酷使し続け、最終的に成功を収めた。
2293,遮挡,zhē dǎng,to shelter from; to keep out,遮る,树木遮挡了道路视线。,木々が道路の視界を遮っています。,Trees block the view of the road.,高大的建筑物遮挡了阳光，使得街道显得有些阴暗。,高い建物が日光を遮り、通りがやや暗く見える。
2294,折,zhé,to break; to snap; to suffer the loss of; to turn; to bend; to admire; to amount to; to discoun; to fold; turning stroke (in Chinese character); booklet,折る,她折了一朵漂亮的花。,彼女はきれいな花を折りました。,She picked a beautiful flower.,这本书被反复折叠，边角已经磨损得很厉害。,この本は何度も折りたたまれ、角がひどく擦り切れている。
2295,折磨,zhé mó,to persecute; to torment,苦しめる,疾病折磨着患者身心。,病気が患者の心身を苦しめています。,The disease torments the patient's body and mind.,长期的疾病折磨让他身心俱疲，但他始终保持乐观态度。,長期の病気の苦しみで彼は心身ともに疲弊したが、常に楽観的な態度を保っている。
2296,侦探,zhēn tàn,detective; to do detective work,探偵,侦探揭开了谜团。,探偵は謎を解き明かしました。,The detective uncovered the mystery.,这位侦探凭借敏锐的观察力成功破解了复杂的案件。,この探偵は鋭い観察力を駆使して複雑な事件を見事に解決した。
2297,斟酌,zhēn zhuó,to consider; to deliberate; to fill up a cup to the brim,慎重に考える,经理斟酌方案细节。,マネージャーは計画の細部を慎重に検討しました。,The manager carefully considered the details of the plan.,在做决定前，他反复斟酌各种可能性，力求做到最优选择。,決定を下す前に、彼はさまざまな可能性を繰り返し検討し、最良の選択をしようと努めた。
2298,珍贵,zhēn guì,precious,貴重な,这枚邮票非常珍贵。,この切手は非常に貴重です。,This stamp is very precious.,这枚古代金币极为珍贵，是博物馆的重要收藏品之一。,この古代の金貨は非常に貴重で、博物館の重要な収蔵品の一つである。
2299,珍稀,zhēn xī,rare; precious and uncommon,希少な,珍稀动植物需保护。,希少な動植物は保護が必要です。,Rare animals and plants need protection.,珍稀动物的保护工作刻不容缓，需要全社会的共同努力。,希少動物の保護活動は急を要し、社会全体の共同努力が必要だ。
2300,珍珠,zhēn zhū,pearl,真珠,项链镶嵌着珍珠。,ネックレスには真珠がはめ込まれています。,The necklace is inlaid with pearls.,她佩戴着一串珍珠项链，显得优雅而高贵。,彼女は真珠のネックレスを身につけており、優雅で高貴に見える。
2301,真理,zhēn lǐ,truth; CL:个,真理,真理永远不会改变。,真理は永遠に変わらない。,Truth never changes.,哲学家们不断探索宇宙的本质，以期揭示隐藏在现象背后的真理。,哲学者たちは宇宙の本質を絶えず探求し、現象の背後に隠された真理を明らかにしようとしている。
2302,真相,zhēn xiàng,the truth about sth; the actual facts,真相,调查揭示了事件真相。,調査は事件の真相を明らかにした。,The investigation revealed the truth of the incident.,警方经过深入调查，终于还原了事故发生时的真相。,警察は徹底的な調査を経て、ついに事故発生時の真相を明らかにした。
2303,真挚,zhēn zhì,sincere; sincerity,真挚,他表达了真挚的感谢。,彼は心からの感謝を表した。,He expressed sincere gratitude.,他对朋友表现出真挚的感情，令周围的人深受感动。,彼は友人に対して真摯な感情を示し、周囲の人々を深く感動させた。
2304,枕头,zhěn tou,pillow,枕頭,枕头柔软，助眠安稳。,枕は柔らかく、眠りを助けて安らかにする。,"The pillow is soft, helping to sleep peacefully.",疲れたときは柔らかい枕头に頭を預けて、ゆっくり休むのが一番だ。,疲れたときは柔らかい枕に頭を預けて、ゆっくり休むのが一番だ。
2305,振奋,zhèn fèn,to stir oneself up; to raise one's spirits; to inspire,振奮,胜利消息令人振奋。,勝利の知らせは人々を励ました。,The news of victory was inspiring.,这场胜利极大地振奋了团队的士气，大家士气高涨。,この勝利はチームの士気を大いに振奮させ、皆の士気が高まった。
2306,振兴,zhèn xīng,"to revive, to revitalize, to invigorate, to re-energize",振興,政府计划振兴经济。,政府は経済の振興を計画している。,The government plans to revitalize the economy.,政府出台了一系列措施，推动传统产业的振兴和升级。,政府は一連の政策を打ち出し、伝統産業の振興とアップグレードを推進した。
2307,镇定,zhèn dìng,calm; unperturbed; cool,鎮定,她面对危机非常镇定。,彼女は危機に直面して非常に落ち着いていた。,She was very calm in the face of the crisis.,面对突发事件，他保持镇定，迅速做出正确的判断和处理。,突発事態に直面しても、彼は冷静を保ち、迅速に正しい判断と対処をした。
2308,镇静,zhèn jìng,calm; cool,鎮靜,医生保持镇静处理伤情。,医者は冷静に傷の処置を行った。,The doctor remained calm while treating the injury.,医生建议患者在手术前保持镇静，避免过度紧张和焦虑。,医者は患者に手術前は落ち着いて、過度な緊張や不安を避けるよう勧めた。
2309,阵地,zhèn dì,position; front,陣地,军队坚守重要阵地。,軍隊は重要な陣地を堅守した。,The army firmly held the important position.,军队在前线建立了坚固的阵地，有效地抵御了敌军的进攻。,軍隊は前線に堅固な陣地を築き、敵軍の攻撃を効果的に防いだ。
2310,阵容,zhèn róng,troop arrangement; battle formation; line-up (of a sports team etc),陣容,球队调整了比赛阵容。,チームは試合の陣容を調整した。,The team adjusted the lineup for the match.,这次比赛的阵容强大，每位选手都实力非凡，竞争异常激烈。,今回の試合の陣容は強力で、選手一人ひとりが非凡な実力を持ち、競争は非常に激しい。
2311,震撼,zhèn hàn,to shake; to vibrate; to shock; to stun; shocking; stunning; fig. mind-blowing;,震撼,新闻报道震撼了社会。,ニュース報道は社会に衝撃を与えた。,The news report shocked society.,那部电影的震撼场面令人难以忘怀，深刻触动了观众的内心。,あの映画の衝撃的なシーンは忘れがたく、観客の心を深く打った。
2312,震惊,zhèn jīng,to shock; to astonish,震驚,事故发生令人震惊。,事故の発生は人々を驚かせた。,The occurrence of the accident was shocking.,新闻报道震惊了全国人民，引发了广泛的社会关注和讨论。,ニュース報道は全国民を震撼させ、広範な社会的関心と議論を巻き起こした。
2313,争端,zhēng duān,dispute; controversy; conflict,争端,双方努力避免争端升级。,双方は争いの激化を避けるために努力した。,Both sides worked hard to avoid escalation of the dispute.,两国之间的边界争端经过多轮谈判，最终达成了和平协议。,両国間の国境紛争は何度も交渉を重ね、最終的に平和協定に達した。
2314,争夺,zhēng duó,fight over; contest; vie over,争夺,球队激烈争夺冠军。,チームは激しくチャンピオンを争った。,The team fiercely competed for the championship.,公司内部为争夺市场份额，员工之间竞争异常激烈。,会社内部では市場シェアを争い、社員間の競争が非常に激しい。
2315,争气,zhēng qì,to work hard for sth; to resolve on improvement; determined not to fall short,争氣,他用成绩争气父母。,彼は成績で両親に面目を保った。,He made his parents proud with his achievements.,他在学习上非常争气，不断努力最终考取了理想的大学。,彼は勉強に非常に頑張り、努力を重ねてついに希望の大学に合格した。
2316,争先恐后,zhēng xiān kǒng hòu,striving to be first and fearing to be last (idiom); outdoing one another,争先恐后,学生争先恐后发言。,学生たちは我先にと発言した。,The students eagerly spoke one after another.,在创新创业的浪潮中，年轻人争先恐后地投身于各种新兴行业。,イノベーションと起業の波の中で、若者たちは競って様々な新興産業に飛び込んでいる。
2317,争议,zhēng yì,controversy; dispute,争議,政策引发社会争议。,政策は社会的な議論を引き起こした。,The policy triggered social controversy.,这项政策引发了社会各界的争议，支持者和反对者各执一词。,この政策は社会各界で議論を呼び、支持者と反対者がそれぞれ主張を展開した。
2318,征服,zhēng fú,conquer; subdue; vanquish,征服,探险者征服了高峰。,探検者は高峰を征服した。,The explorers conquered the high peak.,探险家凭借坚强的意志征服了险峻的雪山，创造了奇迹。,探検家は強い意志で険しい雪山を征服し、奇跡を作り出した。
2319,征收,zhēng shōu,to levy (a fine); to impose (a tariff),征收,政府征收环保税费。,政府は環境保護のための税金を徴収した。,The government levied environmental protection taxes.,政府决定对高收入群体征收更高比例的税款，以促进社会公平。,政府は高所得層により高い割合の税金を徴収し、社会の公平を促進することを決定した。
2320,挣扎,zhēng zhá,to struggle; struggling,挣扎,他在困境中不断挣扎。,彼は困難な状況の中で絶えずもがいた。,He kept struggling in difficult circumstances.,在困境中，他不断挣扎寻求突破，最终实现了自我救赎。,困難の中で彼は絶えずもがき突破口を探し、ついに自己救済を果たした。
2321,正月,zhēng yuè,first month of the lunar year,正月,正月传统活动丰富。,正月の伝統的な行事は豊富だ。,Traditional activities during the New Year are abundant.,春节期间，家家户户都会在正月里举行丰富多彩的庆祝活动。,春節の期間中、どの家庭も正月に多彩な祝賀行事を行う。
2322,蒸发,zhēng fā,to evaporate; evaporation,蒸发,水分在阳光下蒸发。,水分は日光の下で蒸発する。,Moisture evaporates under sunlight.,湖面上的水分在阳光照射下迅速蒸发，形成了薄薄的水蒸气层。,湖面の水分は日光の照射で急速に蒸発し、薄い水蒸気の層を形成した。
2323,整顿,zhěng dùn,to tidy up; to reorganize; to consolidate; to rectify,整頓,公司进行内部整顿。,会社は内部の整頓を行った。,The company carried out internal reorganization.,公司决定对内部管理进行整顿，以提高整体运营效率和竞争力。,会社は内部管理の整頓を決定し、全体の運営効率と競争力を高めることにした。
2324,政策,zhèng cè,policy; CL:个,政策,新政策促进产业发展。,新政策は産業の発展を促進した。,The new policy promoted industrial development.,政府出台的新政策旨在促进经济发展和社会稳定的双重目标。,政府が打ち出した新しい政策は、経済発展と社会安定の二重の目標を目指している。
2325,政权,zhèng quán,regime; (wield) political power,政權,政权更替引发变革。,政権の交代は変革を引き起こした。,The change of regime triggered reforms.,政权更替往往伴随着社会结构的深刻变动和权力的重新分配。,政権交代はしばしば社会構造の深刻な変動と権力の再分配を伴う。
2326,正当,zhèng dāng,honest; reasonable; fair; sensible; timely; just (when needed),正當,他的行为完全正当。,彼の行動は完全に正当だった。,His actions were completely justified.,他的行为完全正当，符合国家法律和社会道德的规范。,彼の行動は完全に正当であり、国家の法律と社会道徳の規範に合致している。
2327,正负,zhèng fù,positive and negative,正負,电荷分为正负两种。,電荷は正と負の二種類に分かれる。,Electric charges are divided into positive and negative types.,这台仪器可以同时测量正负电荷的分布情况，精度非常高。,この機器は正負の電荷の分布状況を同時に測定でき、精度が非常に高い。
2328,正规,zhèng guī,regular; according to standards,正规,学生必须接受正规教育。,学生は正規の教育を受けなければならない。,Students must receive formal education.,学校严格按照正规程序进行招生，确保公平公正的录取环境。,学校は厳格に正式な手続きを踏んで入学者を募集し、公平公正な選抜環境を確保している。
2329,正经,zhèng jing,decent; honorable; proper; serious; according to standards,正經,他是个正经的老师。,彼は真面目な先生だ。,He is a serious teacher.,他为人正经，言行举止都体现出高度的责任感和诚信。,彼は真面目な人柄で、言動は高度な責任感と誠実さを表している。
2330,正气,zhèng qì,healthy environment; healthy atmosphere; righteousness; vital energy (in Chinese medicine),正氣,要弘扬社会正气。,社会の正気を弘揚しなければならない。,We must promote social righteousness.,正气凛然的领导风范激励着团队成员不断追求卓越。,正義感に満ちたリーダーの風格がチームメンバーを励まし、絶えず卓越を追求させている。
2331,正义,zhèng yì,justice; righteous; righteousness,正義,正义必将战胜邪恶。,正義は必ず邪悪に勝つ。,Justice will surely triumph over evil.,他始终坚持正义立场，积极参与社会公益事业。,彼は常に正義の立場を堅持し、積極的に社会公益事業に参加している。
2332,正宗,zhèng zōng,orthodox school; fig. traditional; old school; authentic; genuine;,正宗,这家店卖正宗川菜。,この店は本場の四川料理を売っている。,This restaurant sells authentic Sichuan cuisine.,这家餐厅以正宗的川菜闻名，吸引了众多美食爱好者前来品尝。,このレストランは本格的な四川料理で有名で、多くのグルメ愛好家を引き寄せている。
2333,症状,zhèng zhuàng,symptom (of an illness),症狀,患者出现发热症状。,患者は発熱の症状が現れた。,The patient showed symptoms of fever.,患者出现了明显的症状，医生建议立即进行进一步的检查和治疗。,患者は明らかな症状を示し、医者は直ちにさらなる検査と治療を行うよう勧めた。
2334,证实,zhèng shí,to confirm (sth to be true); to verify,證實,调查结果证实了事实。,調査結果は事実を証明した。,The investigation results confirmed the facts.,经过科学实验，研究人员证实了该理论的正确性和实用价值。,科学実験を経て、研究者たちはその理論の正しさと実用価値を証明した。
2335,证书,zhèng shū,credentials; certificate,證書,他获得了毕业证书。,彼は卒業証書を取得した。,He obtained a graduation certificate.,获得专业资格证书是进入该行业工作的基本要求之一。,専門資格証明書を取得することは、その業界で働くための基本的な要件の一つである。
2336,郑重,zhèng zhòng,serious,鄭重,我郑重承诺不失信。,私は誠実に約束し、信義を失わない。,I solemnly promise not to break my word.,他郑重承诺，将严格遵守合同条款，履行各项责任义务。,彼は厳かに約束し、契約条項を厳守し、各種の責任義務を果たすと誓った。
2337,之际,zhī jì,during; at the time of;,之際,毕业之际大家依依不舍。,卒業の時、みんな名残惜しそうだった。,"At graduation, everyone was reluctant to part.",在毕业之际，师生们纷纷表达了对未来的美好祝愿。,卒業の折に、教師と学生たちは次々と未来への美しい願いを表した。
2338,支撑,zhī chēng,to prop up; to support; strut; brace,支撑,他用意志支撑自己。,彼は意志の力で自分を支えた。,He supported himself with willpower.,在经济危机中，政府出台政策支撑企业渡过难关，稳定就业。,経済危機の中で、政府は企業を支援する政策を打ち出し、困難を乗り越え雇用を安定させた。
2339,支出,zhī chū,to spend; to pay out; expense,支出,家庭支出逐年增加。,家庭の支出は年々増加している。,Household expenses increase year by year.,家庭的月度支出需要合理规划，以避免财政压力过大。,家庭の月々の支出は合理的に計画し、財政的な負担が大きくなりすぎないようにする必要がある。
2340,支流,zhī liú,tributary (river),支流,这条河有许多支流。,この川には多くの支流がある。,This river has many tributaries.,这条河流的支流众多，为当地农业灌溉提供了充足的水源。,この川の支流は多く、現地の農業灌漑に十分な水源を提供している。
2341,支配,zhī pèi,to dominate; to allocate,支配,财富不能完全支配幸福。,富は幸福を完全に支配することはできない。,Wealth cannot completely control happiness.,市场经济中，资本的支配力对产业结构产生了深远影响。,市場経済において、資本の支配力は産業構造に深遠な影響を及ぼしている。
2342,支援,zhī yuán,to provide assistance; to support; to back,支援,国际社会提供人道支援。,国際社会は人道支援を提供している。,The international community provides humanitarian aid.,国际社会纷纷伸出援手，支援灾区的重建和救援工作。,国際社会はこぞって手を差し伸べ、被災地の復興と救援活動を支援している。
2343,支柱,zhī zhù,mainstay; pillar; prop; backbone,支柱,科技是国家发展的支柱。,科学技術は国家発展の支柱だ。,Science and technology are the pillars of national development.,教育被视为国家发展的重要支柱，承担着培养人才的使命。,教育は国家発展の重要な支柱と見なされ、人材育成の使命を担っている。
2344,枝,zhī,"branch; classifier for sticks, rods, pencils etc",枝,树枝上停着几只鸟。,枝の上に数羽の鳥が止まっている。,Several birds are perched on the branch.,树枝在风中摇曳，发出沙沙的声音，宛如自然的乐章。,木の枝が風に揺れ、サラサラと音を立て、まるで自然の楽章のようだ。
2345,知觉,zhī jué,perception; consciousness,知覺,药物影响了他的知觉。,薬は彼の知覚に影響を与えた。,The medicine affected his perception.,人在睡眠中对外界刺激的知觉会显著减弱，以保证休息质量。,人は睡眠中に外界からの刺激の知覚が著しく弱まり、休息の質を確保している。
2346,知足常乐,zhī zú cháng lè,satisfied with what one has (idiom),知足常乐,知足常乐是一种智慧。,満足を知ることは常に幸福であるという智慧だ。,Contentment is a kind of wisdom that leads to constant happiness.,他秉持知足常乐的生活态度，珍惜眼前的幸福时光。,彼は「足るを知る者は常に楽しい」という生活態度を持ち、今ある幸福な時を大切にしている。
2347,脂肪,zhī fáng,body fat,脂肪,适量脂肪对身体有益。,適量の脂肪は体に良い。,Moderate fat is beneficial to the body.,控制饮食中的脂肪摄入，有助于预防心血管疾病的发生。,食事中の脂肪摂取をコントロールすることは、心血管疾患の発症予防に役立つ。
2348,侄子,zhí zi,brother's son; nephew;,侄子,侄子今年大学毕业。,甥は今年大学を卒業した。,My nephew graduated from university this year.,我的侄子刚刚上小学，学习成绩非常优秀，深受老师喜爱。,私の甥は小学校に入ったばかりで、成績が非常に優秀で先生からも好かれている。
2349,值班,zhí bān,to work a shift; on duty,值班,护士晚上值班很辛苦。,看護師は夜勤がとても大変だ。,Nurses have a hard time working night shifts.,值班人员必须严格遵守规定，确保夜间工作的安全和顺利进行。,当直者は規則を厳守し、夜間業務の安全と円滑な遂行を確保しなければならない。
2350,执行,zhí xíng,implement; carry out; to execute; to run,執行,法官依法执行判决。,裁判官は法律に従って判決を執行する。,The judge enforces the verdict according to the law.,公司决定立即执行新的管理方案，以提升整体运营效率和市场竞争力。,会社は新たな管理計画を直ちに実行し、全体の運営効率と市場競争力を向上させることに決めた。
2351,执着,zhí zhuó,attachment; stubborn; be attached to; persistent; persevering;,執着,他对理想非常执着。,彼は理想に非常に執着している。,He is very persistent about his ideals.,他对自己的理想执着追求，哪怕遇到再多困难也从不放弃。,彼は自分の理想に執着して追求し、どんなに多くの困難に遭っても決して諦めない。
2352,殖民地,zhí mín dì,colony,植民地,历史上许多国家有殖民地。,歴史上、多くの国に植民地があった。,Many countries had colonies in history.,这些岛屿曾经是外国的殖民地，至今仍保留着一些文化痕迹。,これらの島々はかつて外国の植民地であり、今でもいくつかの文化の痕跡を残している。
2353,直播,zhí bō,live broadcast (not recorded); direct internet broadcasting,生放送,明星正在直播活动现场。,スターがライブ配信のイベント会場にいる。,The celebrity is at the live broadcast event site.,明星通过直播平台与粉丝实时互动，拉近了彼此的距离。,スターはライブ配信プラットフォームを通じてファンとリアルタイムで交流し、お互いの距離を縮めた。
2354,直径,zhí jìng,diameter;,直径,圆的直径等于两倍半径。,円の直径は半径の2倍に等しい。,The diameter of a circle is equal to twice the radius.,这颗行星的直径大约是地球的两倍，拥有浓厚的大气层。,この惑星の直径はおよそ地球の2倍で、濃厚な大気層を持っている。
2355,职能,zhí néng,function; role,職能,部门的职能明确分工。,部門の職能は明確に分担されている。,The functions of the department are clearly divided.,公司的各部门根据不同的职能分工合作，共同完成目标。,会社の各部門は異なる職能に基づいて分担して協力し、共に目標を達成する。
2356,职位,zhí wèi,post; office; position,職位,他获得了管理职位。,彼は管理職を得た。,He obtained a managerial position.,他凭借出色的表现获得了晋升，担任更高的职位。,彼は優れたパフォーマンスにより昇進し、より高い職位を務めることになった。
2357,职务,zhí wù,post; position; job; duties,職務,她认真履行职务职责。,彼女は職務の責任を真剣に果たしている。,She conscientiously fulfills her job responsibilities.,他的职务要求他每天处理大量的文件和会议事务。,彼の職務は毎日大量の書類や会議の事務を処理することを求められている。
2358,指标,zhǐ biāo,norm; index; target,指標,经济指标反映发展趋势。,経済指標は発展の傾向を反映している。,Economic indicators reflect development trends.,公司设定了明确的销售指标，要求员工在季度内完成。,会社は明確な販売指標を設定し、従業員に四半期内の達成を求めている。
2359,指定,zhǐ dìng,to appoint; to assign; to indicate clearly and with certainty; designated,指定,会议指定了负责人。,会議で責任者が指定された。,The meeting designated a person in charge.,会议指定下午三点开始，请所有参会人员准时到场。,会議は午後3時開始と指定されており、すべての参加者は時間通りに会場に来るように。
2360,指甲,zhǐ jia,fingernail,爪,她修剪了指甲整齐。,彼女はきちんと爪を切った。,She neatly trimmed her nails.,他因为长时间打字，指甲变得脆弱且容易断裂。,彼は長時間のタイピングのために、爪が弱くなり折れやすくなった。
2361,指令,zhǐ lìng,order; command; instruction,指令,军队严格执行指令。,軍隊は指令を厳格に実行した。,The army strictly executed the orders.,上级下达指令，要求部门立即整改存在的问题。,上司が指令を下し、部門に存在する問題を即座に是正するよう求めた。
2362,指南针,zhǐ nán zhēn,compass,羅針盤,指南针指示正确方向。,コンパスは正しい方向を指し示す。,The compass indicates the correct direction.,古代航海者依靠指南针确定方向，安全完成远洋航行。,古代の航海者は指南針を頼りに方向を確定し、安全に遠洋航海を成し遂げた。
2363,指示,zhǐ shì,to point out; to indicate; to instruct; directives; instructions; CL:个,指示,领导下达了明确指示。,指導者は明確な指示を出した。,The leader gave clear instructions.,领导在会议上指示大家加强团队合作，提高工作效率。,リーダーは会議で皆にチームワークを強化し、仕事の効率を上げるよう指示した。
2364,指望,zhǐ wàng,to hope for sth; to count on; hope,期待,别指望他会改变。,彼が変わることを期待するな。,Don't expect him to change.,我们不能指望别人帮忙解决所有的问题，应该自力更生。,私たちは他人がすべての問題を解決してくれることを期待せず、自立すべきだ。
2365,指责,zhǐ zé,to criticize; to find fault with; to denounce,非難,他遭到无端指责。,彼は理不尽な非難を受けた。,He was subjected to groundless accusations.,他因工作失误受到上司的指责，感到非常内疚。,彼は仕事のミスで上司に叱責され、とても罪悪感を感じた。
2366,制裁,zhì cái,to punish; punishment; sanctions (incl. economic),制裁,国际社会对其实施制裁。,国際社会は彼に制裁を実施した。,The international community imposed sanctions on him.,国际社会对违反人权的国家实施了经济制裁以示警告。,国際社会は人権を侵害する国に対して経済制裁を実施し、警告の意を示した。
2367,制服,zhì fú,"to subdue; to check; to bring under control; (in former times) what one is allowed to wear depending on social status; uniform (army, party, school etc); livery (for company employees); CL:套[tao4]",制服,员工穿着统一制服。,従業員は統一された制服を着ている。,Employees wear uniform clothing.,学校要求学生穿着统一的制服，以增强集体意识。,学校は生徒に統一の制服を着用するよう求め、集団意識を高めている。
2368,制约,zhì yuē,to restrict; condition,制約,资金制约了项目进展。,資金がプロジェクトの進行を制約した。,Funds restricted the progress of the project.,市场竞争激烈，各种因素相互制约，影响企业的发展速度。,市場競争は激しく、さまざまな要因が互いに制約し合い、企業の発展速度に影響を与えている。
2369,制止,zhì zhǐ,to curb; to put a stop to; to stop; to check; to limit,制止,警方及时制止了暴力。,警察は暴力を迅速に制止した。,The police promptly stopped the violence.,警方及时制止了暴力事件的升级，保障了群众的安全。,警察は暴力事件のエスカレートを即座に制止し、群衆の安全を保障した。
2370,志气,zhì qì,ambition; resolve; backbone; drive; spirit,志気,他充满了志气和勇气。,彼は志気と勇気に満ちている。,He is full of ambition and courage.,他有很强的志气，面对挑战总是充满信心和勇气。,彼は強い志気を持ち、挑戦に直面しても常に自信と勇気に満ちている。
2371,智力,zhì lì,intelligence; intellect,知力,智力发展影响学习能力。,知力の発達は学習能力に影響を与える。,Intellectual development affects learning ability.,科学家们致力于研究人类的智力发展和认知机制。,科学者たちは人間の知力の発達と認知メカニズムの研究に尽力している。
2372,智能,zhì néng,"intelligent; able; smart (phone, system, bomb etc)",知能,智能技术改变生活方式。,スマート技術は生活様式を変える。,Smart technology changes lifestyles.,随着科技进步，智能设备已经逐渐融入我们的日常生活。,科学技術の進歩に伴い、スマートデバイスは徐々に私たちの日常生活に溶け込んでいる。
2373,智商,zhì shāng,IQ (intelligence quotient),IQ,他的智商非常高。,彼のIQは非常に高い。,His IQ is very high.,虽然智商高，但情商低的人在社交中可能会遇到困难。,IQは高いがEQが低い人は、社交の場で困難に直面することがある。
2374,治安,zhì ān,law and order; public security,治安,城市治安状况良好。,都市の治安状況は良好だ。,The city's public security situation is good.,政府加强治安管理，确保城市居民的生活环境安全稳定。,政府は治安管理を強化し、都市住民の生活環境の安全と安定を確保している。
2375,治理,zhì lǐ,to govern; to administer; to manage; to control,治理,政府加强环境治理措施。,政府は環境の管理措置を強化した。,The government strengthened environmental governance measures.,城市治理需要多方协作，才能有效解决交通和环境问题。,都市の管理は多方面の協力が必要で、交通や環境問題を効果的に解決できる。
2376,滞留,zhì liú,to detain; retention,足止め,暴风雪导致航班滞留。,吹雪が原因で便が遅延した。,The blizzard caused flight delays.,由于恶劣天气，航班被迫滞留机场数小时，旅客情绪紧张。,悪天候のため、飛行機は空港に数時間滞留を余儀なくされ、乗客は緊張した。
2377,致辞,zhì cí,"to express in words or writing; to make a speech (esp. short introduction, vote of thanks, afterword, funeral homily etc); to address (an audience); same as 致致词",挨拶,校长发表了致辞。,校長が挨拶の言葉を述べた。,The principal delivered a speech.,校长在毕业典礼上致辞，鼓励学生们勇敢追梦。,校長は卒業式で挨拶をし、生徒たちに勇敢に夢を追うよう励ました。
2378,致力,zhì lì,to work for; to devote one's efforts to;,尽力,他致力于环保事业。,彼は環境保護事業に専念している。,He is dedicated to environmental protection work.,公司致力于技术创新，力求在市场中保持领先地位。,会社は技術革新に尽力し、市場でのリーダーシップを維持しようとしている。
2379,致使,zhì shǐ,to cause; to result in,引き起こす,失误致使项目失败。,ミスが原因でプロジェクトは失敗した。,The error caused the project to fail.,他的疏忽致使项目进度严重滞后，影响了整体计划。,彼の不注意によりプロジェクトの進捗が大幅に遅れ、全体計画に影響を及ぼした。
2380,中断,zhōng duàn,to cut short; to break off; to discontinue,中断,信号中断影响通讯。,信号の中断が通信に影響を与えた。,Signal interruption affected communication.,由于突发事故，地铁服务中断，乘客不得不改乘公交出行。,突発事故のため地下鉄の運行が中断し、乗客はバスに乗り換えざるを得なかった。
2381,中立,zhōng lì,neutral,中立,该国保持政治中立。,その国は政治的に中立を保っている。,The country maintains political neutrality.,在国际争端中，某些国家坚持保持中立立场，避免卷入冲突。,国際紛争において、ある国々は中立の立場を堅持し、衝突に巻き込まれることを避けている。
2382,中央,zhōng yāng,central; middle; center; central authorities (of a state),中央,中央政府出台新政策。,中央政府は新しい政策を打ち出した。,The central government introduced new policies.,中央政府出台了一系列政策，促进经济的快速发展。,中央政府は一連の政策を打ち出し、経済の急速な発展を促進した。
2383,忠诚,zhōng chéng,devoted; fidelity; loyal; loyalty,忠誠,士兵对国家忠诚。,兵士は国家に忠誠を誓っている。,Soldiers are loyal to the country.,他对公司始终保持忠诚，尽职尽责地完成每项工作。,彼は会社に対して常に忠誠心を持ち、職務を全うしてすべての仕事を完了している。
2384,忠实,zhōng shí,faithful,忠実,他是一个忠实朋友。,彼は忠実な友人だ。,He is a loyal friend.,这位记者以忠实的态度报道新闻，赢得了公众的信任。,この記者は忠実な態度でニュースを報道し、世間の信頼を得た。
2385,终点,zhōng diǎn,the end; end point; finishing line (in a race); destination; terminus; CL:个,終点,列车到达终点站。,列車は終点に到着した。,The train arrived at the terminal station.,马拉松比赛的终点设在市中心广场，吸引了大量观众。,マラソン大会のゴールは市中心の広場に設けられ、多くの観客を集めた。
2386,终究,zhōng jiū,in the end; after all is said and done,結局,终究真相会浮出水面。,結局、真実は明らかになるだろう。,"In the end, the truth will come to light.",无论经历多少挫折，他终究实现了自己的梦想。,どんなに多くの挫折を経験しても、彼は最後には自分の夢を実現した。
2387,终身,zhōng shēn,lifelong; all one's life; marriage,生涯,他终身致力教育事业。,彼は生涯を教育事業に捧げた。,He devoted his life to education.,他将终身致力于教育事业，为培养人才不懈努力。,彼は生涯を通じて教育事業に専念し、人材育成のために不断の努力をしている。
2388,终止,zhōng zhǐ,to stop; to terminate (law),終了,比赛因故提前终止。,試合は事情により予定より早く終了した。,The match was terminated early due to certain reasons.,由于合同到期，双方决定终止合作关系。,契約満了により、双方は協力関係を終了することを決定した。
2389,衷心,zhōng xīn,heartfelt; wholehearted; cordial,誠心,衷心感谢大家支持。,心から皆さんの支援に感謝します。,Sincere thanks to everyone for their support.,我衷心感谢大家的支持和帮助，希望未来继续合作。,皆様のご支援とご協力に心から感謝し、今後も引き続き協力したいと思います。
2390,种子,zhǒng zi,"seed; CL:颗[ke1] ,粒[li4]",種子,春天开始种植种子。,春に種をまき始める。,Seeds are planted at the beginning of spring.,农民们精心挑选优质种子，确保今年的丰收。,農民たちは質の良い種子を慎重に選び、今年の豊作を確実にしている。
2391,种族,zhǒng zú,race; ethnicity,人種,种族平等应受尊重。,人種の平等は尊重されるべきだ。,Racial equality should be respected.,不同种族之间应加强交流，促进社会的和谐发展。,異なる人種間で交流を強化し、社会の調和のとれた発展を促進すべきだ。
2392,肿瘤,zhǒng liú,tumor,腫瘍,医生检查发现肿瘤。,医者が検査で腫瘍を発見した。,The doctor found a tumor during the examination.,医生发现病人身体内有肿瘤，建议尽快进行手术治疗。,医師は患者の体内に腫瘍があることを発見し、早急な手術治療を勧めた。
2393,众所周知,zhòng suǒ zhōu zhī,as everyone knows (idiom),周知のこと,众所周知，他很聪明。,周知の通り、彼はとても賢い。,"As everyone knows, he is very smart.",众所周知，环境保护是当前全球面临的重要课题。,周知の通り、環境保護は現在世界が直面している重要な課題である。
2394,种植,zhòng zhí,to plant; to grow;,植える,农民种植水稻技术。,農民は稲作技術を持っている。,Farmers have rice planting techniques.,农民在春季开始种植庄稼，为秋天的丰收做准备。,農民は春に作物の種まきを始め、秋の豊作に備えている。
2395,重心,zhòng xīn,center of gravity; central core; main part,重心,保持身体重心稳定。,体の重心を安定させる。,Maintain the body's center of gravity stable.,企业应将客户需求作为重心，调整产品策略以提升竞争力。,企業は顧客のニーズを重心とし、製品戦略を調整して競争力を高めるべきだ。
2396,周边,zhōu biān,periphery; rim,周辺,周边环境日益改善。,周辺環境は日々改善している。,The surrounding environment is improving day by day.,这座城市的周边环境优美，吸引了大量游客前来观光。,この都市の周辺環境は美しく、多くの観光客を惹きつけている。
2397,周密,zhōu mì,careful; thorough,周密,计划安排得非常周密。,計画は非常に綿密に立てられている。,The plan is arranged very meticulously.,项目组制定了周密的计划，确保每个环节都能顺利完成。,プロジェクトチームは周密な計画を立て、各段階が順調に完了できるようにしている。
2398,周年,zhōu nián,anniversary; annual,周年,公司庆祝成立周年。,会社は設立記念日を祝った。,The company celebrated its anniversary.,公司举办了周年庆典，邀请员工共同庆祝发展成果。,会社は周年記念式典を開催し、社員を招いて発展の成果を共に祝った。
2399,周期,zhōu qī,period; cycle,周期,经济周期影响市场。,経済周期は市場に影響を与える。,Economic cycles affect the market.,产品的生命周期周期较短，企业需不断创新以保持竞争力。,製品のライフサイクルは短く、企業は競争力を維持するために絶えず革新する必要がある。
2400,周折,zhōu zhé,complication; twists and turns; problem; setback,紆余曲折,经历周折终于成功。,紆余曲折を経てついに成功した。,"After many twists and turns, finally succeeded.",项目经历了多次周折，最终顺利完成并获得客户认可。,プロジェクトは何度も紆余曲折を経て、最終的に順調に完了し顧客の承認を得た。
2401,周转,zhōu zhuǎn,turnover (in cash or personnel); to have enough resources to cover a need,資金回転,企业资金周转困难,企業の資金繰りが困難である。,The company is experiencing difficulties in cash flow.,企业为了保证资金的顺利周转，必须合理安排收支计划。,企業は資金の円滑な回転を確保するために、収支計画を合理的に立てなければならない。
2402,州,zhōu,prefecture; state (e.g. of US); province (old); administrative division (old),州,该州经济发展迅速,この州の経済は急速に発展している。,The state's economy is developing rapidly.,这个州的经济发展速度远远超过了全国平均水平。,この州の経済発展の速度は全国平均水準をはるかに上回っている。
2403,粥,zhōu,porridge (of rice or millet),おかゆ,早餐喝碗热粥,朝食に熱いお粥を一杯飲む。,Drink a bowl of hot porridge for breakfast.,早餐喝一碗热粥，有助于消化和身体健康。,朝食に熱いお粥を一杯飲むことは、消化と健康に役立つ。
2404,舟,zhōu,boat,小舟,渔民驾舟出海捕捞,漁師たちは舟を操って海に出て漁をする。,Fishermen sail out to sea to fish.,古代人常用木舟在江河湖海之间进行运输和捕鱼。,古代の人々はよく木の舟を使って川や湖、海での輸送や漁を行っていた。
2405,昼夜,zhòu yè,"day and night; period of 24 hours; continuously, without stop",昼夜,工程昼夜不停工,工事は昼夜休まず続けられている。,The construction work continues day and night without stopping.,他为了完成项目，几乎昼夜不停地工作了一个月。,彼はプロジェクトを完成させるために、ほとんど昼夜を問わず一ヶ月間休まず働いた。
2406,皱纹,zhòu wén,wrinkle; CL:道[dao4],しわ,岁月在脸上留下皱纹,歳月が顔にしわを残す。,Time leaves wrinkles on the face.,岁月在她的脸上留下了深深的皱纹，见证了她的经历。,歳月は彼女の顔に深いしわを残し、彼女の経験を物語っている。
2407,株,zhū,tree trunk; stump (tree root); a plant; classifier for trees or plants; to involve others (in shady business),株（植物）,这株花开得很美,この花はとても美しく咲いている。,This flower is blooming beautifully.,这株古老的树已经存在了几百年，见证了历史的变迁。,この一本の古い木は何百年も存在しており、歴史の変遷を見守ってきた。
2408,诸位,zhū wèi,(pron) everyone; Ladies and Gentlemen; Sirs,皆様,诸位请注意安全,皆さん、安全に注意してください。,"Everyone, please pay attention to safety.",诸位来宾，欢迎大家参加今天的年度总结大会。,皆様、ご来賓の皆さん、本日の年次総会にご参加いただきありがとうございます。
2409,逐年,zhú nián,year after year; with each passing year; over the years,毎年,环境质量逐年改善,環境の質は年々改善している。,The quality of the environment is improving year by year.,该地区的GDP逐年增长，经济发展态势良好。,この地域のGDPは年々増加しており、経済発展の勢いは良好である。
2410,主办,zhǔ bàn,to organize; to host (a conference or sports event),主催,大会由我校主办,大会は我が校が主催する。,The conference is hosted by our school.,这次国际会议由我国主办，吸引了众多专家学者参加。,今回の国際会議は我が国が主催し、多くの専門家や学者を引きつけた。
2411,主导,zhǔ dǎo,to lead; to manage,主導,技术创新起主导作用,技術革新が主導的な役割を果たす。,Technological innovation plays a leading role.,政府在这项政策的制定中起到了主导作用，推动了改革进程。,政府はこの政策の策定において主導的な役割を果たし、改革の進展を促進した。
2412,主管,zhǔ guǎn,in charge; responsible for,主管,他是项目主管负责人,彼はプロジェクトの主管責任者である。,He is the project manager in charge.,作为项目主管，他负责协调团队各项工作并监督进度。,プロジェクトの主管として、彼はチームの各業務の調整と進捗の監督を担当している。
2413,主流,zhǔ liú,main stream (of a river); fig. the essential point; main viewpoint of a matter,主流,这种观点已成主流,このような見解はすでに主流となっている。,This viewpoint has become mainstream.,互联网已经成为现代社会信息传播的主流渠道。,インターネットはすでに現代社会の情報伝達の主流のチャネルとなっている。
2414,主权,zhǔ quán,sovereignty,主権,国家维护主权完整,国家は主権の完全性を維持する。,The country safeguards its sovereignty and integrity.,国家的主权必须得到尊重，任何外来干涉都是不可接受的。,国家の主権は尊重されなければならず、いかなる外部からの干渉も許されない。
2415,主义,zhǔ yì,doctrine; ideology; -ism,主義,民主主义深入人心,民主主義は人々の心に深く浸透している。,Democracy has deeply taken root in people's hearts.,社会主义是我国坚持的基本主义，指导着各项改革和发展。,社会主義は我が国が堅持する基本的な主義であり、各種改革と発展を導いている。
2416,嘱咐,zhǔ fù,to tell; to exhort; injunction,言い含める,父母嘱咐孩子安全,両親は子供に安全を注意するよう言い聞かせる。,Parents advise their children to stay safe.,母亲嘱咐我出门时一定要注意安全，按时回家。,母は私に外出時は必ず安全に注意し、時間通りに帰宅するように言いつけた。
2417,拄,zhǔ,to lean on; to prop on,杖をつく,老人拄着拐杖行走,老人は杖をついて歩く。,The elderly man walks with a cane.,他拄着拐杖缓慢地走过了医院的走廊。,彼は杖をつきながらゆっくりと病院の廊下を歩いた。
2418,住宅,zhù zhái,residence; tenement,住宅,新住宅区环境优美,新しい住宅地の環境は美しい。,The environment of the new residential area is beautiful.,这片住宅区环境优美，交通便利，深受居民喜爱。,この住宅地は環境が美しく、交通も便利で、住民に非常に好まれている。
2419,助理,zhù lǐ,assistant,助手,助理负责资料整理,アシスタントは資料の整理を担当する。,The assistant is responsible for organizing materials.,助理经理负责协助经理处理日常事务和文件管理工作。,アシスタントマネージャーはマネージャーを補佐して日常業務や書類管理を担当する。
2420,助手,zhù shǒu,assistant; helper,助手,医生助手协助手术,医師の助手が手術を補助する。,The doctor's assistant helps with the surgery.,这位科学家有一位得力的助手，协助他完成了许多实验。,この科学者には有能な助手がいて、多くの実験の完成を助けた。
2421,注射,zhù shè,injection; to inject,注射,病人需要注射疫苗,患者はワクチンの注射が必要である。,The patient needs to be vaccinated.,医生为患者注射了疫苗，以预防传染病的传播。,医師は患者にワクチンを注射し、感染症の拡大を予防した。
2422,注视,zhù shì,to watch attentively; to gaze,注視,大家注视着演讲者,皆が演説者を注視している。,Everyone is watching the speaker attentively.,他注视着远方的山峰，思绪陷入了深深的回忆之中。,彼は遠くの山々をじっと見つめ、思考は深い思い出に沈んだ。
2423,注释,zhù shì,marginal notes; annotation; to annotate; to add comments to text,注釈,书中有详细注释,本の中に詳細な注釈がある。,There are detailed annotations in the book.,这本书的注释详细解释了许多专业术语，方便读者理解。,この本の注釈は多くの専門用語を詳細に説明し、読者の理解を助けている。
2424,注重,zhù zhòng,to pay attention to; to emphasize,重視,公司注重人才培养,会社は人材育成を重視している。,The company emphasizes talent development.,公司非常注重员工的培训和职业发展，提供多种学习机会。,会社は従業員の研修とキャリア発展を非常に重視し、様々な学習機会を提供している。
2425,著作,zhù zuò,to write; literary work; book; article; writings; CL:部[bu4],著作,他的著作影响深远,彼の著作は深い影響を与えている。,His works have a profound influence.,这位作家的著作在文学界享有很高的声誉和影响力。,この作家の著作は文学界で非常に高い評価と影響力を持っている。
2426,铸造,zhù zào,to cast (pour metal into a mold),鋳造,工厂铸造精密零件,工場は精密部品を鋳造する。,The factory casts precision parts.,这家工厂主要从事钢铁的铸造和加工业务，技术先进。,この工場は主に鉄鋼の鋳造と加工業務を行っており、技術が先進的である。
2427,驻扎,zhù zhā,to station; to garrison (troops),駐屯,军队驻扎在边境,軍隊は国境に駐屯している。,The army is stationed at the border.,军队已经驻扎在边境地区，确保国家安全稳定。,軍隊はすでに国境地域に駐屯し、国家の安全と安定を確保している。
2428,拽,zhuài,to drag; to haul,引っ張る,她拽着孩子不放,彼女は子供を引っ張って離さない。,She is holding onto the child tightly.,小孩儿不愿意走路，拽着妈妈的衣服不放。,子供は歩きたがらず、母親の服を引っ張って離さなかった。
2429,专长,zhuān cháng,specialty; special knowledge or ability,専攻,他的专长是计算机,彼の専門はコンピューターである。,His specialty is computers.,他的专长是数据分析和市场调研，在团队中发挥重要作用。,彼の専門はデータ分析と市場調査であり、チームの中で重要な役割を果たしている。
2430,专程,zhuān chéng,special-purpose trip,特別に,他专程来参加会议,彼は特別に会議に参加しに来た。,He came especially to attend the meeting.,他专程从外地赶来参加这次重要的学术研讨会。,彼はわざわざ遠方からこの重要な学術シンポジウムに参加するために駆けつけた。
2431,专利,zhuān lì,patent,特許,新技术申请了专利,新技術は特許を申請した。,The new technology applied for a patent.,这项技术已经申请了专利，受法律保护不被他人侵权。,この技術はすでに特許を申請しており、法律によって他者の侵害から保護されている。
2432,专题,zhuān tí,special topic,専門課題,专题讨论会定于周五,専門討論会は金曜日に予定されている。,The special seminar is scheduled for Friday.,本次会议设立了多个专题，针对不同领域进行深入讨论。,今回の会議では複数の専門テーマが設けられ、異なる分野について深く議論された。
2433,砖,zhuān,brick; CL:塊|块[kuai4];,レンガ,工人搬运砖块施工,労働者はレンガを運んで工事をする。,Workers carry bricks for construction.,工人们正在用一块块砖砌筑新的厂房基础。,作業員たちは一枚一枚のレンガを使って新しい工場の基礎を築いている。
2434,转达,zhuǎn dá,to pass on; to convey; to communicate,伝える,请帮我转达问候,私の挨拶を伝えてください。,Please convey my greetings.,请你帮我转达对他的问候和感谢之情。,彼によろしくと感謝の気持ちを伝えてくれませんか。
2435,转让,zhuǎn ràng,"transfer (technology, goods etc); conveyancing (property)",譲渡,公司转让部分股权,会社は一部の株式を譲渡した。,The company transferred part of its shares.,公司决定将部分股权转让给战略合作伙伴以促进发展。,会社は戦略的な協力パートナーに一部株式を譲渡して発展を促進することを決定した。
2436,转移,zhuǎn yí,to shift; to divert or distract (attention etc); to change; to transform; metastasis (medicine),移転,资金转移到新账户,資金は新しい口座に移された。,Funds were transferred to a new account.,由于城市规划调整，部分居民被要求转移到新的居住区。,都市計画の調整により、一部の住民は新しい居住区へ移転するよう求められた。
2437,转折,zhuǎn zhé,shift in the trend of events; plot shift in a book; twists and turns,転折,剧情出现转折点,物語に転機が現れた。,The plot reached a turning point.,故事情节出现了意想不到的转折，使读者大为惊讶。,物語の展開に予想外の転折が現れ、読者を大いに驚かせた。
2438,传记,zhuàn jì,"biography; CL:篇[pian1] ,部[bu4]",伝記,他写了一本传记,彼は伝記を書いた。,He wrote a biography.,这本传记详细记录了这位伟大科学家的生平事迹。,この伝記はこの偉大な科学者の生涯の事跡を詳細に記録している。
2439,庄稼,zhuāng jià,farm crop; CL:種|种[zhong3];,作物,庄稼长势喜人,作物の生育状況は喜ばしい。,The crops are growing well.,农民们辛勤劳作，确保今年庄稼丰收。,農民たちは勤勉に働き、今年の作物の豊作を確実にしている。
2440,庄严,zhuāng yán,stately,荘厳,仪式庄严肃穆举行,式典は厳粛に行われた。,The ceremony was held solemnly.,这个纪念仪式庄严肃穆，表达了对先烈的深切怀念。,この記念式典は荘厳で厳粛であり、先烈に対する深い追憶を表している。
2441,庄重,zhuāng zhòng,grave; solemn; dignified,厳粛,会议气氛庄重严肃,会議の雰囲気は厳かで真剣であった。,The atmosphere of the meeting was solemn and serious.,他的言行举止庄重得体，给人留下了良好的印象。,彼の言動は落ち着いて礼儀正しく、良い印象を人々に残している。
2442,装备,zhuāng bèi,equipment; to equip; to outfit,装備,士兵配备先进装备,兵士は先進的な装備を装備している。,The soldiers are equipped with advanced gear.,军队的装备不断升级，提高了整体作战能力。,軍隊の装備は絶えず更新され、全体の戦闘能力が向上した。
2443,装卸,zhuāng xiè,to load or unload; to transfer; to assemble and disassemble,積み卸し,工人装卸货物迅速,労働者は迅速に貨物を積み下ろしする。,Workers load and unload goods quickly.,工人们正在装卸货物，确保物流畅通无阻。,作業員たちは貨物の積み卸しを行い、物流の円滑を確保している。
2444,壮观,zhuàng guān,spectacular; magnificent sight,壮観,长城景色壮观迷人,万里の長城の景色は壮観で魅力的だ。,The scenery of the Great Wall is magnificent and captivating.,长城的壮观景象吸引了无数游客前来参观。,万里の長城の壮観な景色は数えきれないほどの観光客を引きつけている。
2445,壮丽,zhuàng lì,magnificence; magnificent; majestic; glorious,壮麗,宫殿建筑壮丽辉煌,宮殿の建築は壮麗で輝かしい。,The palace architecture is magnificent and splendid.,夕阳下的山川壮丽美丽，令人心旷神怡。,夕陽の下の山川は壮麗で美しく、人の心を爽やかにする。
2446,壮烈,zhuàng liè,brave; heroic,壮烈,英雄壮烈牺牲沙场,英雄は戦場で壮烈に散った。,The hero died heroically on the battlefield.,烈士们为了国家独立进行了壮烈的牺牲，值得永远铭记。,烈士たちは国家の独立のために壮烈な犠牲を払い、永遠に記憶されるべきだ。
2447,幢,zhuàng,tents; classifier for houses,棟,新楼有十幢建筑,新しい建物は十棟ある。,There are ten buildings in the new complex.,这幢高楼是市中心的新地标，外观现代时尚。,この棟の高層ビルは市の中心の新しいランドマークであり、外観は現代的でおしゃれだ。
2448,追悼,zhuī dào,mourning; memorial (service etc),追悼,大家集会追悼逝者,皆が集会して故人を追悼した。,Everyone gathered to mourn the deceased.,亲友们聚集在一起，为逝去的故人举行追悼会。,親友たちは集まり、亡き故人のために追悼会を開催した。
2449,追究,zhuī jiū,investigate; look into,追及,警方追究责任人,警察は責任者を追及する。,The police hold the responsible person accountable.,公司决定追究员工泄露机密信息的责任，严肃处理。,会社は社員の機密情報漏洩の責任を追及することを決定し、厳正に処理した。
2450,坠,zhuì,to fall; to drop; to weigh down,墜落,飞机坠落事故调查,飛行機墜落事故の調査が行われている。,An investigation into the plane crash accident is underway.,他不小心从楼梯上坠落，幸好及时送医抢救脱险。,彼は不注意で階段から落下したが、幸いにしてすぐに病院に運ばれ救命された。
2451,准则,zhǔn zé,norm; standard; criterion,基準,行为准则必须严格执行。,行動規範は厳格に実行しなければならない。,The code of conduct must be strictly enforced.,在国际贸易中，遵守公平竞争的准则是维护市场秩序的重要保障。,国際貿易において、公正な競争の規範を守ることは市場秩序を維持する重要な保障である。
2452,卓越,zhuó yuè,distinction; excellence; outstanding; surpassing; distinguished; splendid,卓越,他的表现一直非常卓越。,彼のパフォーマンスは常に非常に卓越している。,His performance has always been outstanding.,他的卓越才能使他在科技创新领域取得了令人瞩目的成就。,彼の卓越した才能は、科学技術の革新分野で目覚ましい成果を収めさせた。
2453,琢磨,zhuó mó,to think over; to ponder,琢磨,我在琢磨这个问题的解决方案。,私はこの問題の解決策を考えている。,I am pondering the solution to this problem.,艺术家不断琢磨自己的技巧，力求在作品中表达更深层次的情感。,芸術家は絶えず自分の技法を磨き、作品により深い感情を表現しようと努めている。
2454,着手,zhuó shǒu,to put one's hand to it; to start out on a task; to set out,着手,项目已正式着手实施。,プロジェクトは正式に着手された。,The project has officially started implementation.,项目组已经开始着手准备明年的市场推广方案。,プロジェクトチームはすでに来年の市場プロモーション計画の準備に着手している。
2455,着想,zhuó xiǎng,to give thought (to others); to consider (other people's needs),考慮,领导着想员工的福利。,リーダーは従業員の福利を考えている。,The leader is considerate of the employees' welfare.,在制定政策时，政府应当更多地为人民群众的利益着想。,政策を立てる際、政府は国民の利益をより多く考慮すべきである。
2456,着重,zhuó zhòng,put emphasis on; to stress; to emphasize,重点,报告着重分析了市场变化。,報告は市場の変化を重点的に分析した。,The report focused on analyzing market changes.,报告中着重分析了当前经济发展的主要瓶颈和对策。,報告書では現在の経済発展の主要なボトルネックと対策を重点的に分析した。
2457,姿态,zī tài,attitude; posture; stance,姿勢,他的姿态显示出自信。,彼の姿勢は自信を示している。,His posture shows confidence.,面对挑战，他依然保持着积极乐观的姿态，不轻言放弃。,挑戦に直面しても、彼は依然として積極的で楽観的な姿勢を保ち、簡単に諦めない。
2458,滋润,zī rùn,moist; humid; to moisten; to provide moisture; comfortably off;,潤う,春雨滋润了大地万物。,春の雨は大地の万物を潤した。,The spring rain nourished all things on the earth.,春雨滋润了大地，万物因此焕发出勃勃生机。,春の雨が大地を潤し、万物はそれによって活気を帯びている。
2459,滋味,zī wèi,taste; flavor; feeling,味わい,生活中有各种滋味体验。,生活には様々な味わいの体験がある。,Life has various flavors of experiences.,这道菜的滋味丰富，既有酸甜又带微辣，非常开胃。,この料理の味わいは豊かで、甘酸っぱさとほのかな辛さがあり、とても食欲をそそる。
2460,资本,zī běn,capital (as in capitalism),資本,企业需要充足的资本支持。,企業は十分な資本の支援が必要だ。,Enterprises need sufficient capital support.,公司通过引进外资资本，加快了技术升级和市场拓展的步伐。,会社は外国資本の導入を通じて、技術のアップグレードと市場開拓の歩みを加速させた。
2461,资产,zī chǎn,property; assets,資産,他的资产分布很广泛。,彼の資産の分布は非常に広範囲だ。,His assets are widely distributed.,资产管理部门负责监督公司所有固定资产和流动资产的使用情况。,資産管理部門は会社のすべての固定資産と流動資産の使用状況を監督する責任がある。
2462,资深,zī shēn,senior (in terms of depth of accumulated experience); deeply qualified,ベテラン,资深专家给予指导意见。,ベテランの専門家が指導意見を与えた。,Senior experts provided guidance and advice.,他是一位资深的法律专家，拥有丰富的案件处理经验。,彼は資深の法律専門家であり、豊富な案件処理の経験を持っている。
2463,资助,zī zhù,to subsidize; to provide financial aid; subsidy,援助,政府资助了贫困地区。,政府は貧困地域を資金援助した。,The government funded the impoverished areas.,政府通过资助教育项目，促进了贫困地区的文化发展。,政府は教育プロジェクトに資金援助を行い、貧困地域の文化発展を促進した。
2464,子弹,zǐ dàn,"bullet; CL:粒[li4] ,颗[ke1] ,发[fa1]",弾丸,子弹射速极快难以防范。,弾丸の発射速度は非常に速く、防ぐのは難しい。,The bullet's firing speed is extremely fast and hard to defend against.,士兵们在训练中学会了如何快速装填和发射子弹。,兵士たちは訓練で素早く弾丸を装填し発射する方法を学んだ。
2465,自卑,zì bēi,feeling inferior; self-abased,劣等感,他因自卑而不敢发言。,彼は劣等感のために発言を恐れている。,He is afraid to speak because of low self-esteem.,由于家庭环境的影响，他曾一度产生自卑心理，不愿与人交往。,家庭環境の影響で、彼は一時期自己卑下の心理を抱き、人と交流するのを嫌がった。
2466,自发,zì fā,spontaneous,自発的,大家自发参加志愿服务。,みんなが自発的にボランティア活動に参加した。,Everyone voluntarily participated in volunteer service.,志愿者们自发组成了救援队，积极参与灾区的救助工作。,ボランティアたちは自発的に救援隊を結成し、積極的に被災地の救助活動に参加した。
2467,自力更生,zì lì gēng shēng,regeneration through one's own effort (idiom); self-reliance,自立,农村鼓励自力更生发展。,農村は自力更生の発展を奨励している。,The countryside encourages self-reliant development.,面对外部压力，我们必须坚持自力更生，走自主创新的发展道路。,外部からの圧力に直面して、我々は自力更生を堅持し、自主的な革新の発展路線を歩まなければならない。
2468,自满,zì mǎn,complacent; self-satisfied,自己満足,切勿陷入自满情绪中。,決して自己満足の感情に陥ってはいけない。,Never fall into a complacent mood.,取得一定成绩后，切忌自满，否则容易导致停滞不前。,一定の成果を収めた後は、慢心してはいけない。そうしないと停滞してしまう恐れがある。
2469,自主,zì zhǔ,to act for oneself; autonomous,自主,学生应培养自主学习能力。,学生は自主的な学習能力を養うべきだ。,Students should cultivate autonomous learning abilities.,企业应当增强自主研发能力，提高核心竞争力。,企業は自主的な研究開発能力を強化し、コア競争力を向上させるべきである。
2470,宗教,zōng jiào,religion,宗教,宗教信仰影响文化传统。,宗教信仰は文化伝統に影響を与える。,Religious beliefs influence cultural traditions.,宗教信仰在很多人的精神生活中占有重要地位。,宗教信仰は多くの人々の精神生活において重要な地位を占めている。
2471,宗旨,zōng zhǐ,objective; aim; goal,宗旨,协会宗旨是促进交流合作。,協会の宗旨は交流と協力を促進することだ。,The association's purpose is to promote communication and cooperation.,该组织的宗旨是促进国际间的文化交流与合作。,この組織の宗旨は国際間の文化交流と協力を促進することである。
2472,棕色,zōng sè,brown,茶色,树叶渐变成深棕色。,木の葉は徐々に濃い茶色に変わった。,The leaves gradually turned dark brown.,秋天的森林里，落叶呈现出各种棕色，景色十分迷人。,秋の森では落ち葉がさまざまな茶色を見せ、その景色は非常に魅力的だ。
2473,踪迹,zōng jì,tracks; trail; footprint; trace; vestige,痕跡,警方发现犯罪踪迹明显。,警察は犯罪の痕跡を明確に発見した。,The police found obvious traces of the crime.,侦探通过细致的调查，终于找到了犯罪嫌疑人的踪迹。,探偵は綿密な調査を通じて、ついに犯罪容疑者の足取りを見つけ出した。
2474,总而言之,zǒng ér yán zhī,in short; in a word; in brief,総じて,总而言之，计划已完成。,要するに、計画は完成した。,"In summary, the plan has been completed.",总而言之，这次会议达成了促进合作的多项共识。,要するに、この会議では協力促進に関する多くの共通認識が得られた。
2475,总和,zǒng hé,sum,総和,统计数据的总和很重要。,統計データの合計は非常に重要だ。,The total sum of statistical data is very important.,这批数据的总和显示了市场需求的整体增长趋势。,この一連のデータの総和は市場需要の全体的な成長傾向を示している。
2476,纵横,zòng héng,"lit. warp and weft in weaving; vertically and horizontal; length and breadth; criss-crossed; able to move unhindered; abbr. for 合縱連合纵连横[He2 zong4 Lian2 heng2] , School of Diplomacy during the Warring States Period (475 - 221 BC)",縦横,纵横交错的道路网络。,縦横に交差する道路網。,A road network crisscrossing vertically and horizontally.,他在商业领域纵横捭阖，积累了丰富的人脉资源。,彼はビジネス分野で縦横無尽に活躍し、豊富な人脈資源を蓄積している。
2477,走廊,zǒu láng,corridor; aisle; hallway; colonnade; passageway; piazza; veranda,廊下,教室外面有一条走廊。,教室の外に廊下が一本ある。,There is a corridor outside the classroom.,走廊尽头的门通向会议室，方便来宾进入。,廊下の突き当たりの扉は会議室につながっており、来客の出入りに便利だ。
2478,走漏,zǒu lòu,"to leak (of information, liquid etc); to divulge",漏れる,消息走漏引发了紧张。,情報の漏洩が緊張を引き起こした。,The leak of information caused tension.,机密信息走漏可能导致企业竞争优势的丧失。,機密情報の漏洩は企業の競争優位性の喪失につながる可能性がある。
2479,走私,zǒu sī,to smuggle; to have an illicit affair,密輸,警方严厉打击走私行为。,警察は密輸行為を厳しく取り締まった。,The police cracked down severely on smuggling activities.,警方加大力度打击走私活动，维护市场的正常秩序。,警察は密輸取締りを強化し、市場の正常な秩序を維持している。
2480,揍,zòu,to beat up; to break to pieces,殴る,他们因争执而互相揍。,彼らは争いのために互いに殴り合った。,They beat each other because of a dispute.,小孩子们玩耍时不小心摔倒，被伙伴们揍了一顿，哭了起来。,子どもたちは遊んでいるときにうっかり転び、仲間に殴られて泣き出した。
2481,租赁,zū lìn,to rent; to lease; to hire,賃貸,公司签订了长期租赁合同。,会社は長期の賃貸契約を締結した。,The company signed a long-term lease contract.,公司与租赁方签订了长期的设备租赁合同，保障生产需要。,会社は賃貸側と長期の設備リース契約を締結し、生産ニーズを確保した。
2482,足以,zú yǐ,sufficient to...; so much so that; so that,十分,他的能力足以胜任工作。,彼の能力は仕事を十分にこなせる。,His ability is sufficient to handle the job.,他的能力足以应付这次复杂的项目挑战。,彼の能力は今回の複雑なプロジェクトの挑戦に十分対応できる。
2483,祖父,zǔ fù,father's father; paternal grandfather,祖父,祖父讲述了许多故事。,祖父は多くの話を語った。,Grandfather told many stories.,祖父年轻时经历过战争，讲述了许多珍贵的历史故事。,祖父は若い頃に戦争を経験し、多くの貴重な歴史物語を語ってくれた。
2484,祖国,zǔ guó,ancestral land CL:个; homeland; used for PRC,祖国,我们热爱自己的祖国。,私たちは自分の祖国を愛している。,We love our own motherland.,无论身在何处，我们的心永远系着祖国的土地。,どこにいても、私たちの心はいつも祖国の土地に結びついている。
2485,祖先,zǔ xiān,ancestor; forebears,先祖,祖先留下了丰富文化。,祖先は豊かな文化を残した。,Ancestors left behind a rich culture.,尊重祖先的传统文化是维护民族认同的重要体现。,祖先の伝統文化を尊重することは民族のアイデンティティを維持する重要な表れである。
2486,阻碍,zǔ ài,to obstruct; to hinder; to block,妨げ,交通阻碍了救援进程。,交通が救援の進行を妨げた。,Traffic obstructed the rescue process.,经济发展中遇到的技术瓶颈成为产业升级的主要阻碍。,経済発展で直面する技術のボトルネックが産業のアップグレードの主要な障害となっている。
2487,阻拦,zǔ lán,to stop; to obstruct,阻止,警察阻拦了非法集会。,警察は違法集会を阻止した。,The police blocked the illegal assembly.,警察设立路障阻拦可疑车辆，确保公共安全。,警察は検問所を設けて怪しい車両を阻止し、公共の安全を確保している。
2488,阻挠,zǔ náo,to thwart; to obstruct (sth),妨害,敌人不断阻挠我们的计划。,敵は絶えず私たちの計画を妨害している。,The enemy constantly obstructs our plans.,在项目推进过程中，内部矛盾时常阻挠工作的顺利进行。,プロジェクト推進の過程で、内部の矛盾がしばしば仕事の円滑な進行を妨げている。
2489,钻研,zuān yán,to study meticulously; to delve into,研究,他钻研古代哲学经典。,彼は古代哲学の古典を研究している。,He studies ancient philosophical classics.,科学家们不断钻研新技术，推动了行业的快速发展。,科学者たちは新技術を絶えず研究し、業界の急速な発展を促進している。
2490,钻石,zuàn shí,diamond; CL:颗[ke1],ダイヤ,钻石象征着永恒的爱情。,ダイヤモンドは永遠の愛を象徴する。,Diamonds symbolize eternal love.,这颗钻石因其纯净无瑕和独特的切工而价值连城。,このダイヤモンドはその純潔無瑕と独特のカットのために非常に高価である。
2491,嘴唇,zuǐ chún,lip; CL:片[pian4],唇,她嘴唇微微上扬微笑。,彼女は唇をわずかに上げて微笑んだ。,She smiled with her lips slightly raised.,她的嘴唇因寒冷而微微发紫，但依然保持着微笑。,彼女の唇は寒さでうっすら紫色になっていたが、それでも微笑みを保っていた。
2492,罪犯,zuì fàn,criminal,犯罪者,警方抓获多名罪犯。,警察は多数の犯罪者を逮捕した。,The police arrested multiple criminals.,警方成功抓获了多名重大案件的罪犯，维护了社会治安。,警察は重大事件の犯罪者を数名逮捕し、社会治安を守った。
2493,尊严,zūn yán,dignity; sanctity; honor; majesty,尊厳,维护人的尊严是责任。,人の尊厳を守ることは責任だ。,Maintaining human dignity is a responsibility.,无论在任何情况下，都应保持个人的尊严和自我价值感。,どんな状況でも、個人の尊厳と自己価値感を保つべきである。
2494,遵循,zūn xún,to follow; to abide by; to comply with; compliance,遵守,我们必须遵循法律规范。,私たちは法律規範を遵守しなければならない。,We must abide by legal norms.,企业在管理中应遵循诚信原则，建立良好的信誉体系。,企業は経営において誠実の原則を遵守し、良好な信用体系を確立すべきである。
2495,作弊,zuò bì,to practice fraud; to cheat; to engage in corrupt practices,カンニング,考试作弊行为被严惩。,試験のカンニング行為は厳しく罰せられる。,Cheating in exams is severely punished.,考试作弊不仅违背诚信原则，还会受到严厉的处罚。,試験でのカンニングは誠実の原則に反するだけでなく、厳しい処罰を受ける。
2496,作废,zuò fèi,to become invalid; to cancel; to delete; to nullify,無効,过期证件作废无法使用。,期限切れの証明書は無効で使用できない。,Expired documents are invalid and cannot be used.,由于合同条款变更，原协议作废，需要重新签订新的协议。,契約条項の変更により、元の契約は無効となり、新しい契約を再度締結する必要がある。
2497,作风,zuò fēng,style of work; way; style,作風,他的工作作风很严谨。,彼の仕事のスタイルは非常に厳格だ。,His work style is very rigorous.,公司推行新的管理作风，强调团队合作与创新精神。,会社は新しい管理スタイルを推進し、チームワークとイノベーション精神を強調している。
2498,作息,zuò xī,work and rest,生活リズム,保持规律的作息很重要。,規則正しい生活リズムを保つことは重要だ。,Maintaining a regular routine is important.,合理安排作息时间，有助于提高工作效率和身体健康。,作息時間を合理的に調整することは、仕事の効率と健康の向上に役立つ。
2499,做主,zuò zhǔ,make the decision; take charge of; back up; support; be host,決定,重要事情由他做主。,重要なことは彼が決定する。,He makes decisions on important matters.,作为项目负责人，他必须做主，统筹协调各方面资源。,プロジェクト責任者として、彼は決定権を持ち、各方面の資源を統括調整しなければならない。
2500,座右铭,zuò yòu míng,motto; maxim,座右の銘,他的座右铭是坚持不懈。,彼の座右の銘は『粘り強く続ける』だ。,His motto is perseverance.,这句座右铭激励了他在困难面前坚持不懈，追求卓越。,この座右の銘は困難に直面しても彼を励まし、粘り強く卓越を追求させた。
